# Blender 4.4.0
# www.blender.org
mtllib Untitled.mtl
o Object_4
v 0.427423 0.083059 -1.245891
v 0.016290 0.083059 -1.245891
v 0.016290 0.083059 -0.830594
v 0.427423 0.083059 -0.830594
v 1.258017 0.000000 1.245891
v 1.673314 0.000000 1.245891
v 1.673314 0.000000 1.661188
v 1.258017 0.000000 1.661188
v 1.673314 0.083059 1.245891
v 1.258017 0.083059 1.245891
v 1.258017 0.083059 1.661188
v 1.673314 0.083059 1.661188
v 0.842720 0.083059 1.245891
v 0.842720 0.083059 1.661188
v 0.427423 0.083059 1.245891
v 0.427423 0.083059 1.661188
v 0.012126 0.004163 -1.245891
v 0.012126 0.004163 -0.830594
v 0.012126 0.078896 -0.830594
v 0.012126 0.078896 -1.245891
v 0.012126 0.004163 1.245891
v 0.012126 0.004163 1.661188
v 0.012126 0.078896 1.661188
v 0.012126 0.078896 1.245891
v 0.427423 0.000000 1.245891
v 0.842720 0.000000 1.245891
v 0.842720 0.000000 1.661188
v 0.427423 0.000000 1.661188
v 0.842720 0.000000 -1.661188
v 1.258017 0.000000 -1.661188
v 1.258017 0.000000 -1.245891
v 0.842720 0.000000 -1.245891
v 1.258017 0.000000 -0.830594
v 0.842720 0.000000 -0.830594
v 1.258017 0.000000 -0.415297
v 0.842720 0.000000 -0.415297
v 1.258017 0.000000 0.000000
v 0.842720 0.000000 0.000000
v 1.258017 0.000000 0.415297
v 0.842720 0.000000 0.415297
v 1.258017 0.000000 0.830594
v 0.842720 0.000000 0.830594
v 0.427423 0.000000 -1.661188
v 0.427423 0.000000 -1.245891
v 0.427423 0.000000 -0.830594
v 0.427423 0.000000 -0.415297
v 0.427423 0.000000 0.000000
v 0.427423 0.000000 0.415297
v 0.427423 0.000000 0.830594
v 0.012126 0.004163 -1.661188
v 0.012126 0.078896 -1.661188
v 0.016290 0.000000 -0.830594
v 0.016290 0.000000 -0.415297
v 0.016290 0.000000 0.000000
v 0.016290 0.000000 0.415297
v 0.016290 0.000000 0.830594
v 0.016290 0.000000 1.245891
v 1.258017 0.083059 -1.673459
v 1.673314 0.083059 -1.673459
v 1.673314 0.083059 -1.860784
v 1.258017 0.083059 -1.860784
v 0.016290 0.000000 1.675160
v 0.427423 0.000000 1.675160
v 0.427423 0.000000 1.860784
v 0.016290 0.000000 1.860784
v 0.012126 0.004163 -0.415297
v 0.012126 0.078896 -0.415297
v 0.012126 0.004163 0.000000
v 0.012126 0.078896 0.000000
v 0.012126 0.004163 0.415297
v 0.012126 0.078896 0.415297
v 0.012126 0.004163 0.830594
v 0.012126 0.078896 0.830594
v 0.016290 0.000000 -1.245891
v 0.842720 0.083059 -1.661188
v 0.427423 0.083059 -1.661188
v 0.842720 0.083059 -1.245891
v 0.842720 0.083059 -0.830594
v 0.427423 0.083059 -0.415297
v 0.842720 0.083059 -0.415297
v 0.427423 0.083059 0.000000
v 0.842720 0.083059 0.000000
v 0.427423 0.083059 0.415297
v 0.842720 0.083059 0.415297
v 0.427423 0.083059 0.830594
v 0.842720 0.083059 0.830594
v 1.258017 0.083059 -1.661188
v 1.258017 0.083059 -1.245891
v 1.258017 0.083059 -0.830594
v 1.258017 0.083059 -0.415297
v 1.258017 0.083059 0.000000
v 1.258017 0.083059 0.415297
v 1.258017 0.083059 0.830594
v 1.673314 0.083059 -1.661188
v 1.673314 0.083059 -1.245891
v 1.673314 0.083059 -0.830594
v 1.673314 0.083059 -0.415297
v 1.673314 0.083059 0.000000
v 1.673314 0.083059 0.415297
v 1.673314 0.083059 0.830594
v 1.673314 0.000000 -1.661188
v 1.673314 0.000000 -1.245891
v 1.673314 0.000000 -0.830594
v 1.673314 0.000000 -0.415297
v 1.673314 0.000000 0.000000
v 1.673314 0.000000 0.415297
v 1.673314 0.000000 0.830594
v 0.012126 0.078896 1.675160
v 0.012126 0.004163 1.675160
v 0.012126 0.004163 1.860784
v 0.012126 0.078896 1.860784
v 0.016290 0.083059 0.830594
v 0.016290 0.083059 1.245891
v 0.016290 0.083059 0.415297
v 0.016290 0.083059 0.000000
v 0.016290 0.083059 -0.415297
v 0.012126 0.004163 -1.673459
v 0.012126 0.078896 -1.673459
v 0.012126 0.078896 -1.860784
v 0.012126 0.004163 -1.860784
v 0.016290 0.000000 1.661188
v 0.016290 0.083059 -1.673459
v 0.427423 0.083059 -1.673459
v 0.427423 0.083059 -1.860784
v 0.016290 0.083059 -1.860784
v 1.685523 0.078896 1.864947
v 1.685523 0.004163 1.864947
v 1.876799 0.004163 1.864947
v 1.876799 0.078896 1.864947
v 0.842720 0.078896 -1.864947
v 1.258017 0.078896 -1.864947
v 1.258017 0.004163 -1.864947
v 0.842720 0.004163 -1.864947
v 1.685523 0.000000 1.675160
v 1.685523 0.000000 1.661188
v 1.876799 0.000000 1.661188
v 1.876799 0.000000 1.675160
v 1.685523 0.083059 -1.245891
v 1.685523 0.083059 -0.830594
v 1.876799 0.083059 -0.830594
v 1.876799 0.083059 -1.245891
v 1.685523 0.000000 -1.673459
v 1.685523 0.000000 -1.860784
v 1.876799 0.000000 -1.860784
v 1.876799 0.000000 -1.673459
v 1.685523 0.004163 -1.864947
v 1.685523 0.078896 -1.864947
v 1.876799 0.078896 -1.864947
v 1.876799 0.004163 -1.864947
v 1.880963 0.078896 -1.245891
v 1.880963 0.078896 -0.830594
v 1.880963 0.004163 -0.830594
v 1.880963 0.004163 -1.245891
v 1.880963 0.078896 1.245891
v 1.880963 0.078896 1.661188
v 1.880963 0.004163 1.661188
v 1.880963 0.004163 1.245891
v 1.880963 0.078896 0.830594
v 1.880963 0.004163 0.830594
v 1.880963 0.078896 -0.415297
v 1.880963 0.004163 -0.415297
v 0.016290 0.083059 1.661188
v 0.427423 0.078896 1.864947
v 0.016290 0.078896 1.864947
v 0.016290 0.004163 1.864947
v 0.427423 0.004163 1.864947
v 1.685523 0.000000 -1.245891
v 1.685523 0.000000 -1.661188
v 1.876799 0.000000 -1.661188
v 1.876799 0.000000 -1.245891
v 1.880963 0.078896 -1.661188
v 1.880963 0.004163 -1.661188
v 0.842720 0.000000 1.675160
v 0.842720 0.000000 1.860784
v 1.673314 0.083059 1.675160
v 1.258017 0.083059 1.675160
v 1.258017 0.083059 1.860784
v 1.673314 0.083059 1.860784
v 1.258017 0.000000 1.675160
v 1.673314 0.000000 1.675160
v 1.673314 0.000000 1.860784
v 1.258017 0.000000 1.860784
v 0.842720 0.083059 -1.673459
v 0.842720 0.083059 -1.860784
v 1.685523 0.083059 -1.673459
v 1.685523 0.083059 -1.661188
v 1.876799 0.083059 -1.661188
v 1.876799 0.083059 -1.673459
v 0.016290 0.078896 -1.864947
v 0.427423 0.078896 -1.864947
v 0.427423 0.004163 -1.864947
v 0.016290 0.004163 -1.864947
v 0.427423 0.083059 1.675160
v 0.016290 0.083059 1.675160
v 0.016290 0.083059 1.860784
v 0.427423 0.083059 1.860784
v 1.258017 0.000000 -1.673459
v 0.842720 0.000000 -1.673459
v 0.842720 0.000000 -1.860784
v 1.258017 0.000000 -1.860784
v 0.842720 0.078896 1.864947
v 0.842720 0.004163 1.864947
v 0.427423 0.000000 -1.673459
v 0.427423 0.000000 -1.860784
v 1.258017 0.078896 1.864947
v 1.258017 0.004163 1.864947
v 1.685523 0.083059 1.675160
v 1.685523 0.083059 1.860784
v 1.876799 0.083059 1.860784
v 1.876799 0.083059 1.675160
v 0.016290 0.000000 -1.661188
v 1.673314 0.078896 -1.864947
v 1.673314 0.004163 -1.864947
v 0.842720 0.083059 1.675160
v 0.842720 0.083059 1.860784
v 0.016290 0.083059 -1.661188
v 1.880963 0.004163 1.675160
v 1.880963 0.078896 1.675160
v 1.880963 0.078896 1.860784
v 1.880963 0.004163 1.860784
v 1.685523 0.083059 1.245891
v 1.685523 0.083059 1.661188
v 1.876799 0.083059 1.661188
v 1.876799 0.083059 1.245891
v 1.685523 0.000000 0.415297
v 1.685523 0.000000 0.000000
v 1.876799 0.000000 0.000000
v 1.876799 0.000000 0.415297
v 1.685523 0.000000 -0.415297
v 1.876799 0.000000 -0.415297
v 1.685523 0.000000 -0.830594
v 1.876799 0.000000 -0.830594
v 1.880963 0.078896 -1.673459
v 1.880963 0.004163 -1.673459
v 1.880963 0.004163 -1.860784
v 1.880963 0.078896 -1.860784
v 1.685523 0.083059 0.830594
v 1.876799 0.083059 0.830594
v 1.685523 0.000000 1.245891
v 1.876799 0.000000 1.245891
v 1.673314 0.000000 -1.673459
v 1.673314 0.000000 -1.860784
v 1.685523 0.000000 0.830594
v 1.876799 0.000000 0.830594
v 1.685523 0.083059 -0.415297
v 1.876799 0.083059 -0.415297
v 1.673314 0.078896 1.864947
v 1.673314 0.004163 1.864947
v 1.685523 0.083059 0.000000
v 1.876799 0.083059 0.000000
v 1.880963 0.078896 0.415297
v 1.880963 0.004163 0.415297
v 1.685523 0.083059 0.415297
v 1.876799 0.083059 0.415297
v 1.880963 0.078896 0.000000
v 1.880963 0.004163 0.000000
v 0.016290 0.000000 -1.860784
v 0.013346 0.001219 -1.860784
v 0.013886 0.001760 -1.863188
v 0.016290 0.001219 -1.863728
v 0.012126 0.004163 -1.860784
v 0.013346 0.004163 -1.863728
v 0.013886 0.001760 -1.863188
v 0.013346 0.001219 -1.860784
v 0.016290 0.004163 -1.864947
v 0.016290 0.001219 -1.863728
v 0.013886 0.001760 -1.863188
v 0.013346 0.004163 -1.863728
v 0.016290 0.083059 -1.860784
v 0.016290 0.081840 -1.863728
v 0.013886 0.081300 -1.863188
v 0.013346 0.081840 -1.860784
v 0.016290 0.078896 -1.864947
v 0.013346 0.078896 -1.863728
v 0.013886 0.081300 -1.863188
v 0.016290 0.081840 -1.863728
v 0.012126 0.078896 -1.860784
v 0.013346 0.081840 -1.860784
v 0.013886 0.081300 -1.863188
v 0.013346 0.078896 -1.863728
v 0.016290 0.000000 1.860784
v 0.016290 0.001219 1.863728
v 0.013886 0.001760 1.863188
v 0.013346 0.001219 1.860784
v 0.016290 0.004163 1.864947
v 0.013346 0.004163 1.863728
v 0.013886 0.001760 1.863188
v 0.016290 0.001219 1.863728
v 0.012126 0.004163 1.860784
v 0.013346 0.001219 1.860784
v 0.013886 0.001760 1.863188
v 0.013346 0.004163 1.863728
v 0.016290 0.083059 1.860784
v 0.013346 0.081840 1.860784
v 0.013886 0.081300 1.863188
v 0.016290 0.081840 1.863728
v 0.012126 0.078896 1.860784
v 0.013346 0.078896 1.863728
v 0.013886 0.081300 1.863188
v 0.013346 0.081840 1.860784
v 0.016290 0.078896 1.864947
v 0.016290 0.081840 1.863728
v 0.013886 0.081300 1.863188
v 0.013346 0.078896 1.863728
v 1.876799 0.083059 -1.860784
v 1.879743 0.081840 -1.860784
v 1.879203 0.081300 -1.863188
v 1.876799 0.081840 -1.863728
v 1.880963 0.078896 -1.860784
v 1.879743 0.078896 -1.863728
v 1.879203 0.081300 -1.863188
v 1.879743 0.081840 -1.860784
v 1.876799 0.078896 -1.864947
v 1.876799 0.081840 -1.863728
v 1.879203 0.081300 -1.863188
v 1.879743 0.078896 -1.863728
v 1.876799 0.000000 -1.860784
v 1.876799 0.001219 -1.863728
v 1.879203 0.001760 -1.863188
v 1.879743 0.001219 -1.860784
v 1.876799 0.004163 -1.864947
v 1.879743 0.004163 -1.863728
v 1.879203 0.001760 -1.863188
v 1.876799 0.001219 -1.863728
v 1.880963 0.004163 -1.860784
v 1.879743 0.001219 -1.860784
v 1.879203 0.001760 -1.863188
v 1.879743 0.004163 -1.863728
v 1.876799 0.004163 1.864947
v 1.876799 0.001219 1.863728
v 1.879203 0.001760 1.863188
v 1.879743 0.004163 1.863728
v 1.876799 0.000000 1.860784
v 1.879743 0.001219 1.860784
v 1.879203 0.001760 1.863188
v 1.876799 0.001219 1.863728
v 1.880963 0.004163 1.860784
v 1.879743 0.004163 1.863728
v 1.879203 0.001760 1.863188
v 1.879743 0.001219 1.860784
v 1.876799 0.078896 1.864947
v 1.879743 0.078896 1.863728
v 1.879203 0.081300 1.863188
v 1.876799 0.081840 1.863728
v 1.880963 0.078896 1.860784
v 1.879743 0.081840 1.860784
v 1.879203 0.081300 1.863188
v 1.879743 0.078896 1.863728
v 1.876799 0.083059 1.860784
v 1.876799 0.081840 1.863728
v 1.879203 0.081300 1.863188
v 1.879743 0.081840 1.860784
v 0.012126 0.078896 1.245891
v 0.012126 0.078896 1.661188
v 0.013346 0.081840 1.661188
v 0.013346 0.081840 1.245891
v 0.013346 0.081840 1.245891
v 0.013346 0.081840 1.661188
v 0.016290 0.083059 1.661188
v 0.016290 0.083059 1.245891
v 0.016290 0.000000 1.245891
v 0.016290 0.000000 1.661188
v 0.013346 0.001219 1.661188
v 0.013346 0.001219 1.245891
v 0.013346 0.001219 1.245891
v 0.013346 0.001219 1.661188
v 0.012126 0.004163 1.661188
v 0.012126 0.004163 1.245891
v 0.012126 0.078896 -1.661188
v 0.012126 0.078896 -1.245891
v 0.013346 0.081840 -1.245891
v 0.013346 0.081840 -1.661188
v 0.013346 0.081840 -1.661188
v 0.013346 0.081840 -1.245891
v 0.016290 0.083059 -1.245891
v 0.016290 0.083059 -1.661188
v 0.012126 0.078896 -0.830594
v 0.013346 0.081840 -0.830594
v 0.013346 0.081840 -0.830594
v 0.016290 0.083059 -0.830594
v 0.012126 0.078896 -0.415297
v 0.013346 0.081840 -0.415297
v 0.013346 0.081840 -0.415297
v 0.016290 0.083059 -0.415297
v 0.012126 0.078896 0.000000
v 0.013346 0.081840 0.000000
v 0.013346 0.081840 0.000000
v 0.016290 0.083059 0.000000
v 0.012126 0.078896 0.415297
v 0.013346 0.081840 0.415297
v 0.013346 0.081840 0.415297
v 0.016290 0.083059 0.415297
v 0.012126 0.078896 0.830594
v 0.013346 0.081840 0.830594
v 0.013346 0.081840 0.830594
v 0.016290 0.083059 0.830594
v 0.016290 0.000000 -1.661188
v 0.016290 0.000000 -1.245891
v 0.013346 0.001219 -1.245891
v 0.013346 0.001219 -1.661188
v 0.013346 0.001219 -1.661188
v 0.013346 0.001219 -1.245891
v 0.012126 0.004163 -1.245891
v 0.012126 0.004163 -1.661188
v 0.016290 0.000000 -0.830594
v 0.013346 0.001219 -0.830594
v 0.013346 0.001219 -0.830594
v 0.012126 0.004163 -0.830594
v 0.016290 0.000000 -0.415297
v 0.013346 0.001219 -0.415297
v 0.013346 0.001219 -0.415297
v 0.012126 0.004163 -0.415297
v 0.016290 0.000000 0.000000
v 0.013346 0.001219 0.000000
v 0.013346 0.001219 0.000000
v 0.012126 0.004163 0.000000
v 0.016290 0.000000 0.415297
v 0.013346 0.001219 0.415297
v 0.013346 0.001219 0.415297
v 0.012126 0.004163 0.415297
v 0.016290 0.000000 0.830594
v 0.013346 0.001219 0.830594
v 0.013346 0.001219 0.830594
v 0.012126 0.004163 0.830594
v 1.258017 0.083059 -1.860784
v 1.673314 0.083059 -1.860784
v 1.673314 0.081840 -1.863728
v 1.258017 0.081840 -1.863728
v 1.258017 0.081840 -1.863728
v 1.673314 0.081840 -1.863728
v 1.673314 0.078896 -1.864947
v 1.258017 0.078896 -1.864947
v 1.258017 0.000000 1.860784
v 1.673314 0.000000 1.860784
v 1.673314 0.001219 1.863728
v 1.258017 0.001219 1.863728
v 1.258017 0.001219 1.863728
v 1.673314 0.001219 1.863728
v 1.673314 0.004163 1.864947
v 1.258017 0.004163 1.864947
v 1.673314 0.000000 -1.860784
v 1.258017 0.000000 -1.860784
v 1.258017 0.001219 -1.863728
v 1.673314 0.001219 -1.863728
v 1.673314 0.001219 -1.863728
v 1.258017 0.001219 -1.863728
v 1.258017 0.004163 -1.864947
v 1.673314 0.004163 -1.864947
v 0.842720 0.000000 -1.860784
v 0.842720 0.001219 -1.863728
v 0.842720 0.001219 -1.863728
v 0.842720 0.004163 -1.864947
v 0.427423 0.000000 -1.860784
v 0.427423 0.001219 -1.863728
v 0.427423 0.001219 -1.863728
v 0.427423 0.004163 -1.864947
v 0.427423 0.083059 -1.860784
v 0.427423 0.081840 -1.863728
v 0.427423 0.081840 -1.863728
v 0.427423 0.078896 -1.864947
v 0.842720 0.083059 -1.860784
v 0.842720 0.081840 -1.863728
v 0.842720 0.081840 -1.863728
v 0.842720 0.078896 -1.864947
v 0.427423 0.000000 1.860784
v 0.427423 0.001219 1.863728
v 0.427423 0.001219 1.863728
v 0.427423 0.004163 1.864947
v 0.842720 0.000000 1.860784
v 0.842720 0.001219 1.863728
v 0.842720 0.001219 1.863728
v 0.842720 0.004163 1.864947
v 1.673314 0.083059 1.860784
v 1.258017 0.083059 1.860784
v 1.258017 0.081840 1.863728
v 1.673314 0.081840 1.863728
v 1.673314 0.081840 1.863728
v 1.258017 0.081840 1.863728
v 1.258017 0.078896 1.864947
v 1.673314 0.078896 1.864947
v 0.842720 0.083059 1.860784
v 0.842720 0.081840 1.863728
v 0.842720 0.081840 1.863728
v 0.842720 0.078896 1.864947
v 0.427423 0.083059 1.860784
v 0.427423 0.081840 1.863728
v 0.427423 0.081840 1.863728
v 0.427423 0.078896 1.864947
v 0.012126 0.078896 1.675160
v 0.013346 0.081840 1.675160
v 0.013346 0.081840 1.675160
v 0.016290 0.083059 1.675160
v 0.016290 0.083059 -1.673459
v 0.013346 0.081840 -1.673459
v 0.013346 0.081840 -1.673459
v 0.012126 0.078896 -1.673459
v 0.016290 0.000000 -1.673459
v 0.013346 0.001219 -1.673459
v 0.013346 0.001219 -1.673459
v 0.012126 0.004163 -1.673459
v 0.012126 0.004163 1.675160
v 0.013346 0.001219 1.675160
v 0.013346 0.001219 1.675160
v 0.016290 0.000000 1.675160
v 1.876799 0.000000 -1.245891
v 1.876799 0.000000 -1.661188
v 1.879743 0.001219 -1.661188
v 1.879743 0.001219 -1.245891
v 1.879743 0.001219 -1.245891
v 1.879743 0.001219 -1.661188
v 1.880963 0.004163 -1.661188
v 1.880963 0.004163 -1.245891
v 1.876799 0.083059 1.245891
v 1.876799 0.083059 1.661188
v 1.879743 0.081840 1.661188
v 1.879743 0.081840 1.245891
v 1.879743 0.081840 1.245891
v 1.879743 0.081840 1.661188
v 1.880963 0.078896 1.661188
v 1.880963 0.078896 1.245891
v 1.876799 0.000000 1.661188
v 1.876799 0.000000 1.245891
v 1.879743 0.001219 1.245891
v 1.879743 0.001219 1.661188
v 1.879743 0.001219 1.661188
v 1.879743 0.001219 1.245891
v 1.880963 0.004163 1.245891
v 1.880963 0.004163 1.661188
v 1.876799 0.000000 0.830594
v 1.879743 0.001219 0.830594
v 1.879743 0.001219 0.830594
v 1.880963 0.004163 0.830594
v 1.876799 0.000000 0.415297
v 1.879743 0.001219 0.415297
v 1.879743 0.001219 0.415297
v 1.880963 0.004163 0.415297
v 1.876799 0.000000 0.000000
v 1.879743 0.001219 0.000000
v 1.879743 0.001219 0.000000
v 1.880963 0.004163 0.000000
v 1.876799 0.000000 -0.415297
v 1.879743 0.001219 -0.415297
v 1.879743 0.001219 -0.415297
v 1.880963 0.004163 -0.415297
v 1.876799 0.000000 -0.830594
v 1.879743 0.001219 -0.830594
v 1.879743 0.001219 -0.830594
v 1.880963 0.004163 -0.830594
v 1.876799 0.083059 -1.661188
v 1.876799 0.083059 -1.245891
v 1.879743 0.081840 -1.245891
v 1.879743 0.081840 -1.661188
v 1.879743 0.081840 -1.661188
v 1.879743 0.081840 -1.245891
v 1.880963 0.078896 -1.245891
v 1.880963 0.078896 -1.661188
v 1.876799 0.083059 -0.830594
v 1.879743 0.081840 -0.830594
v 1.879743 0.081840 -0.830594
v 1.880963 0.078896 -0.830594
v 1.876799 0.083059 -0.415297
v 1.879743 0.081840 -0.415297
v 1.879743 0.081840 -0.415297
v 1.880963 0.078896 -0.415297
v 1.876799 0.083059 0.000000
v 1.879743 0.081840 0.000000
v 1.879743 0.081840 0.000000
v 1.880963 0.078896 0.000000
v 1.876799 0.083059 0.415297
v 1.879743 0.081840 0.415297
v 1.879743 0.081840 0.415297
v 1.880963 0.078896 0.415297
v 1.876799 0.083059 0.830594
v 1.879743 0.081840 0.830594
v 1.879743 0.081840 0.830594
v 1.880963 0.078896 0.830594
v 1.876799 0.083059 -1.673459
v 1.879743 0.081840 -1.673459
v 1.879743 0.081840 -1.673459
v 1.880963 0.078896 -1.673459
v 1.876799 0.000000 -1.673459
v 1.879743 0.001219 -1.673459
v 1.879743 0.001219 -1.673459
v 1.880963 0.004163 -1.673459
v 1.880963 0.004163 1.675160
v 1.879743 0.001219 1.675160
v 1.879743 0.001219 1.675160
v 1.876799 0.000000 1.675160
v 1.880963 0.078896 1.675160
v 1.879743 0.081840 1.675160
v 1.879743 0.081840 1.675160
v 1.876799 0.083059 1.675160
v 1.685523 0.078896 -1.864947
v 1.685523 0.081840 -1.863728
v 1.685523 0.081840 -1.863728
v 1.685523 0.083059 -1.860784
v 1.685523 0.004163 1.864947
v 1.685523 0.001219 1.863728
v 1.685523 0.001219 1.863728
v 1.685523 0.000000 1.860784
v 1.685523 0.083059 1.860784
v 1.685523 0.081840 1.863728
v 1.685523 0.081840 1.863728
v 1.685523 0.078896 1.864947
v 1.685523 0.004163 -1.864947
v 1.685523 0.001219 -1.863728
v 1.685523 0.001219 -1.863728
v 1.685523 0.000000 -1.860784
v 0.016290 0.000000 -1.673459
v 0.016290 0.000000 -1.860784
v 0.075287 0.003358 -1.863349
v 0.013724 0.003358 -1.863349
v 0.013724 0.003358 -1.726513
v 0.075287 0.003358 -1.724914
v 0.013724 -0.145115 -1.864947
v 0.013724 0.001760 -1.864947
v 0.075287 0.001760 -1.864947
v 0.075287 -0.145115 -1.864947
v 1.818835 0.003358 1.863349
v 1.879364 0.003358 1.863349
v 1.879364 0.003358 1.726513
v 1.818835 0.003358 1.724914
v 1.817237 0.001760 -1.863349
v 1.817237 -0.161356 -1.863349
v 1.817237 -0.161356 -1.728111
v 1.817237 0.001760 -1.728111
v 1.818835 0.003358 0.862457
v 1.755109 0.003358 0.862457
v 1.755109 0.003358 1.724914
v 1.755109 -0.162955 -0.862457
v 1.755109 -0.162955 -1.724914
v 1.818835 -0.162955 -1.724914
v 1.818835 -0.162955 -0.862457
v 0.013724 0.003358 -1.013085
v 0.013724 0.003358 -0.713428
v 0.076885 0.003358 -0.713428
v 0.076885 0.003358 -1.013085
v 0.012126 -0.161356 -1.370598
v 0.012126 -0.144316 -1.370598
v 0.012126 -0.145115 -1.726513
v 0.012126 -0.161356 -1.726513
v 1.818835 -0.162955 1.863349
v 1.818835 -0.162955 1.724914
v 1.879364 -0.162955 1.726513
v 1.879364 -0.162955 1.863349
v 1.818835 -0.162955 -1.863349
v 1.879364 -0.162955 -1.863349
v 1.879364 -0.162955 -1.726513
v 1.880963 -0.161356 0.863256
v 1.880963 0.001760 0.863256
v 1.880963 0.001760 1.726513
v 1.880963 -0.161356 1.726513
v 0.012126 -0.145115 1.863349
v 0.012126 0.001760 1.863349
v 0.012126 0.001760 1.726513
v 0.012126 -0.145115 1.726513
v 1.818835 0.003358 -1.724914
v 1.879364 0.003358 -1.726513
v 1.879364 0.003358 -1.863349
v 1.818835 0.003358 -1.863349
v 0.141644 -0.145115 -1.368999
v 0.141644 0.001760 -1.368999
v 0.141644 0.001760 -1.013085
v 0.141644 -0.145115 -1.013085
v 1.879364 0.003358 0.863256
v 1.755109 0.001760 -1.726513
v 1.815639 0.001760 -1.726513
v 1.815639 -0.161356 -1.726513
v 1.755109 -0.161356 -1.726513
v 1.880963 0.001760 1.863349
v 1.880963 -0.161356 1.863349
v 0.087085 -0.162955 1.369799
v 0.075287 -0.162955 1.724914
v 0.013724 -0.162955 1.726513
v 0.013724 -0.162955 1.370598
v 0.012126 0.001760 -1.726513
v 0.012126 0.001760 -1.863349
v 0.012126 -0.145115 -1.863349
v 0.141644 -0.145115 -0.000000
v 0.141644 -0.145115 0.713428
v 0.141644 -0.161356 0.713428
v 0.141644 -0.161356 -0.000000
v 0.012126 -0.143517 -0.000000
v 0.012126 0.001760 0.000000
v 0.012126 0.001760 -0.713428
v 0.012126 -0.143517 -0.711830
v 0.140045 0.001760 1.726513
v 0.078483 0.001760 1.726513
v 0.078483 -0.145115 1.726513
v 0.140045 -0.145115 1.726513
v 0.075287 0.003358 1.724914
v 0.013724 0.003358 1.726513
v 0.013724 0.003358 1.863349
v 0.075287 0.003358 1.863349
v 1.818835 -0.161356 -1.864947
v 1.818835 0.001760 -1.864947
v 1.879364 0.001760 -1.864947
v 1.879364 -0.161356 -1.864947
v 0.076885 -0.161356 -1.863349
v 0.076885 -0.145115 -1.863349
v 0.076885 -0.145115 -1.728111
v 0.076885 -0.161356 -1.728111
v 1.753511 -0.161356 -0.862457
v 1.753511 0.001760 -0.862457
v 1.753511 0.001760 -1.724914
v 1.753511 -0.161356 -1.724914
v 0.075287 -0.145115 1.864947
v 0.075287 0.001760 1.864947
v 0.013724 0.001760 1.864947
v 0.013724 -0.145115 1.864947
v 0.076885 0.001760 1.863349
v 0.076885 -0.145115 1.863349
v 0.076885 -0.145115 1.728111
v 0.076885 0.001760 1.728111
v 0.141644 -0.161356 1.368999
v 0.141644 -0.145115 1.368999
v 0.141644 -0.145115 1.724914
v 0.141644 -0.161356 1.724914
v 0.013724 -0.161356 -1.864947
v 0.075287 -0.161356 -1.864947
v 0.013724 -0.161356 -1.013085
v 0.095687 -0.161356 -1.013085
v 0.095687 -0.146713 -1.013085
v 0.013724 -0.146713 -1.013085
v 0.087085 -0.162955 -1.369799
v 0.098883 -0.162955 -1.014683
v 0.013724 -0.162955 -1.014683
v 0.013724 -0.162955 -1.370598
v 1.880963 -0.161356 -1.863349
v 1.880963 0.001760 -1.863349
v 1.880963 0.001760 -1.726513
v 1.880963 -0.161356 -1.726513
v 1.817237 -0.161356 1.863349
v 1.817237 0.001760 1.863349
v 1.817237 0.001760 1.728111
v 1.817237 -0.161356 1.728111
v 0.140045 -0.162955 -1.368999
v 0.140045 -0.162955 -1.013085
v 0.078483 0.001760 -1.726513
v 0.140045 0.001760 -1.726513
v 0.140045 -0.145115 -1.726513
v 0.078483 -0.145115 -1.726513
v 0.141644 0.001760 1.368999
v 0.141644 0.001760 1.724914
v 0.141644 0.001760 0.000000
v 0.141644 0.001760 0.713428
v 0.012126 -0.144316 1.370598
v 0.012126 0.001760 1.369799
v 0.012126 0.001760 1.013085
v 0.012126 -0.143517 1.014683
v 0.013724 0.003358 0.713428
v 0.013724 0.003358 1.013085
v 0.076885 0.003358 1.013085
v 0.076885 0.003358 0.713428
v 0.141644 -0.161356 -1.368999
v 0.141644 -0.161356 -1.013085
v 0.076086 0.003358 1.368999
v 0.013724 0.003358 1.369799
v 0.141644 -0.161356 1.013085
v 0.141644 -0.145115 1.013085
v 0.078483 -0.161356 1.726513
v 0.140045 -0.161356 1.726513
v 0.012126 -0.161356 1.370598
v 0.012126 -0.161356 1.014683
v 0.076086 0.003358 -1.369799
v 0.013724 0.003358 -1.370598
v 0.012126 -0.161356 -0.000000
v 0.012126 -0.161356 -0.711830
v 0.012126 0.001760 -1.369799
v 0.140045 0.003358 0.000000
v 0.140045 0.003358 -0.713428
v 0.076885 0.003358 0.000000
v 0.012126 -0.143517 0.711830
v 0.012126 0.001760 0.713428
v 0.012126 -0.143517 -1.014683
v 0.012126 0.001760 -1.013085
v 0.140045 -0.162955 -0.000000
v 0.140045 -0.162955 0.713428
v 0.098883 -0.162955 0.711830
v 0.098883 -0.162955 -0.000000
v 0.141644 -0.145115 -0.713428
v 0.141644 0.001760 -0.713428
v 0.140045 0.003358 -1.013085
v 0.140045 0.003358 1.013085
v 0.140045 0.003358 0.713428
v 0.097285 -0.161356 0.715026
v 0.097285 -0.161356 1.011486
v 0.097285 -0.146713 1.011486
v 0.097285 -0.146713 0.715026
v 0.013724 0.003358 0.000000
v 0.141644 -0.161356 -0.713428
v 0.075287 -0.162955 -1.724914
v 0.013724 -0.162955 -1.726513
v 0.013724 -0.162955 -1.863349
v 0.075287 -0.162955 -1.863349
v 0.097285 -0.161356 -1.011486
v 0.097285 -0.161356 -0.715026
v 0.097285 -0.146713 -0.715026
v 0.097285 -0.146713 -1.011486
v 0.013724 -0.145115 -0.715026
v 0.013724 -0.145115 -1.011486
v 0.095687 -0.145115 -1.011486
v 0.095687 -0.145115 -0.715026
v 0.098883 -0.162955 1.014683
v 0.140045 -0.162955 1.013085
v 0.098883 -0.162955 -0.711830
v 0.140045 -0.162955 -0.713428
v 0.140045 -0.162955 1.368999
v 0.140045 -0.162955 1.724914
v 0.012126 -0.161356 -1.863349
v 0.141644 0.001760 1.013085
v 1.879364 -0.161356 1.864947
v 1.879364 0.001760 1.864947
v 1.818835 0.001760 1.864947
v 1.818835 -0.161356 1.864947
v 0.013724 -0.161356 0.713428
v 0.095687 -0.161356 0.713428
v 0.095687 -0.146713 0.713428
v 0.013724 -0.146713 0.713428
v 0.140045 0.003358 -1.369799
v 0.140045 0.003358 -1.724914
v 0.076885 -0.161356 1.863349
v 0.076885 -0.161356 1.728111
v 0.140045 0.003358 1.368999
v 0.076885 0.001760 -1.863349
v 0.076885 0.001760 -1.728111
v 0.075287 -0.161356 1.864947
v 0.013724 -0.161356 1.864947
v 1.879364 -0.162955 -0.863256
v 0.140045 -0.161356 -1.726513
v 0.078483 -0.161356 -1.726513
v 0.075287 -0.162955 1.863349
v 0.013724 -0.162955 1.863349
v 0.012126 -0.161356 1.863349
v 0.012126 -0.161356 1.726513
v 0.013724 -0.146713 1.013085
v 0.095687 -0.146713 1.013085
v 0.095687 -0.161356 1.013085
v 0.013724 -0.161356 1.013085
v 0.013724 -0.145115 1.011486
v 0.013724 -0.145115 0.715026
v 0.095687 -0.145115 0.715026
v 0.095687 -0.145115 1.011486
v 0.013724 -0.162955 0.711830
v 0.013724 -0.162955 -0.000000
v 0.013724 -0.146713 -0.713428
v 0.095687 -0.146713 -0.713428
v 0.095687 -0.161356 -0.713428
v 0.013724 -0.161356 -0.713428
v 1.755109 -0.161356 1.726513
v 1.753979 -0.161356 1.726044
v 1.754187 -0.162279 1.725837
v 1.755109 -0.162487 1.726044
v 1.753511 -0.161356 1.724914
v 1.753979 -0.162487 1.724914
v 1.754187 -0.162279 1.725837
v 1.753979 -0.161356 1.726044
v 1.755109 -0.162955 1.724914
v 1.755109 -0.162487 1.726044
v 1.754187 -0.162279 1.725837
v 1.753979 -0.162487 1.724914
v 1.755109 -0.161356 -1.726513
v 1.755109 -0.162487 -1.726044
v 1.754187 -0.162279 -1.725837
v 1.753979 -0.161356 -1.726044
v 1.755109 -0.162955 -1.724914
v 1.753979 -0.162487 -1.724914
v 1.754187 -0.162279 -1.725837
v 1.755109 -0.162487 -1.726044
v 1.753511 -0.161356 -1.724914
v 1.753979 -0.161356 -1.726044
v 1.754187 -0.162279 -1.725837
v 1.753979 -0.162487 -1.724914
v 0.140045 -0.161356 -1.726513
v 0.141176 -0.161356 -1.726044
v 0.140968 -0.162279 -1.725837
v 0.140045 -0.162487 -1.726044
v 0.141644 -0.161356 -1.724914
v 0.141176 -0.162487 -1.724914
v 0.140968 -0.162279 -1.725837
v 0.141176 -0.161356 -1.726044
v 0.140045 -0.162955 -1.724914
v 0.140045 -0.162487 -1.726044
v 0.140968 -0.162279 -1.725837
v 0.141176 -0.162487 -1.724914
v 0.140045 -0.162955 1.724914
v 0.141176 -0.162487 1.724914
v 0.140968 -0.162279 1.725837
v 0.140045 -0.162487 1.726045
v 0.141644 -0.161356 1.724914
v 0.141176 -0.161356 1.726045
v 0.140968 -0.162279 1.725837
v 0.141176 -0.162487 1.724914
v 0.140045 -0.161356 1.726513
v 0.140045 -0.162487 1.726045
v 0.140968 -0.162279 1.725837
v 0.141176 -0.161356 1.726045
v 1.879364 0.001760 1.864947
v 1.880494 0.001760 1.864479
v 1.880287 0.002683 1.864272
v 1.879364 0.002890 1.864479
v 1.880963 0.001760 1.863349
v 1.880494 0.002890 1.863349
v 1.880287 0.002683 1.864272
v 1.880494 0.001760 1.864479
v 1.879364 0.003358 1.863349
v 1.879364 0.002890 1.864479
v 1.880287 0.002683 1.864272
v 1.880494 0.002890 1.863349
v 1.880963 0.001760 -1.863349
v 1.880494 0.001760 -1.864479
v 1.880287 0.002683 -1.864272
v 1.880494 0.002890 -1.863349
v 1.879364 0.001760 -1.864947
v 1.879364 0.002890 -1.864479
v 1.880287 0.002683 -1.864272
v 1.880494 0.001760 -1.864479
v 1.879364 0.003358 -1.863349
v 1.880494 0.002890 -1.863349
v 1.880287 0.002683 -1.864272
v 1.879364 0.002890 -1.864479
v 0.012126 0.001760 1.863349
v 0.012594 0.001760 1.864479
v 0.012802 0.002683 1.864272
v 0.012594 0.002890 1.863349
v 0.013724 0.001760 1.864947
v 0.013724 0.002890 1.864479
v 0.012802 0.002683 1.864272
v 0.012594 0.001760 1.864479
v 0.013724 0.003358 1.863349
v 0.012594 0.002890 1.863349
v 0.012802 0.002683 1.864272
v 0.013724 0.002890 1.864479
v 0.013724 0.001760 -1.864947
v 0.012594 0.001760 -1.864479
v 0.012802 0.002683 -1.864272
v 0.013724 0.002890 -1.864479
v 0.012126 0.001760 -1.863349
v 0.012594 0.002890 -1.863349
v 0.012802 0.002683 -1.864272
v 0.012594 0.001760 -1.864479
v 0.013724 0.003358 -1.863349
v 0.013724 0.002890 -1.864479
v 0.012802 0.002683 -1.864272
v 0.012594 0.002890 -1.863349
v 0.013724 -0.161356 -1.864947
v 0.013724 -0.162487 -1.864479
v 0.012802 -0.162279 -1.864272
v 0.012594 -0.161356 -1.864479
v 0.013724 -0.162955 -1.863349
v 0.012594 -0.162487 -1.863349
v 0.012802 -0.162279 -1.864272
v 0.013724 -0.162487 -1.864479
v 0.012126 -0.161356 -1.863349
v 0.012594 -0.161356 -1.864479
v 0.012802 -0.162279 -1.864272
v 0.012594 -0.162487 -1.863349
v 0.013724 -0.162955 1.863349
v 0.013724 -0.162487 1.864479
v 0.012802 -0.162279 1.864272
v 0.012594 -0.162487 1.863349
v 0.013724 -0.161356 1.864947
v 0.012594 -0.161356 1.864479
v 0.012802 -0.162279 1.864272
v 0.013724 -0.162487 1.864479
v 0.012126 -0.161356 1.863349
v 0.012594 -0.162487 1.863349
v 0.012802 -0.162279 1.864272
v 0.012594 -0.161356 1.864479
v 1.755109 0.001760 1.726513
v 1.755109 0.002890 1.726044
v 1.754187 0.002683 1.725837
v 1.753979 0.001760 1.726044
v 1.755109 0.003358 1.724914
v 1.753979 0.002890 1.724914
v 1.754187 0.002683 1.725837
v 1.755109 0.002890 1.726044
v 1.753511 0.001760 1.724914
v 1.753979 0.001760 1.726044
v 1.754187 0.002683 1.725837
v 1.753979 0.002890 1.724914
v 0.140045 0.001760 1.726513
v 0.141176 0.001760 1.726044
v 0.140968 0.002683 1.725837
v 0.140045 0.002890 1.726044
v 0.141644 0.001760 1.724914
v 0.141176 0.002890 1.724914
v 0.140968 0.002683 1.725837
v 0.141176 0.001760 1.726044
v 0.140045 0.003358 1.724914
v 0.140045 0.002890 1.726044
v 0.140968 0.002683 1.725837
v 0.141176 0.002890 1.724914
v 0.141644 0.001760 -1.724914
v 0.141176 0.001760 -1.726044
v 0.140968 0.002683 -1.725837
v 0.141176 0.002890 -1.724914
v 0.140045 0.001760 -1.726513
v 0.140045 0.002890 -1.726044
v 0.140968 0.002683 -1.725837
v 0.141176 0.001760 -1.726044
v 0.140045 0.003358 -1.724914
v 0.141176 0.002890 -1.724914
v 0.140968 0.002683 -1.725837
v 0.140045 0.002890 -1.726044
v 1.755109 0.001760 -1.726513
v 1.753979 0.001760 -1.726044
v 1.754187 0.002683 -1.725837
v 1.755109 0.002890 -1.726044
v 1.753511 0.001760 -1.724914
v 1.753979 0.002890 -1.724914
v 1.754187 0.002683 -1.725837
v 1.753979 0.001760 -1.726044
v 1.755109 0.003358 -1.724914
v 1.755109 0.002890 -1.726044
v 1.754187 0.002683 -1.725837
v 1.753979 0.002890 -1.724914
v 1.879364 -0.161356 -1.864947
v 1.880494 -0.161356 -1.864479
v 1.880287 -0.162279 -1.864272
v 1.879364 -0.162487 -1.864479
v 1.880963 -0.161356 -1.863349
v 1.880494 -0.162487 -1.863349
v 1.880287 -0.162279 -1.864272
v 1.880494 -0.161356 -1.864479
v 1.879364 -0.162955 -1.863349
v 1.879364 -0.162487 -1.864479
v 1.880287 -0.162279 -1.864272
v 1.880494 -0.162487 -1.863349
v 1.879364 -0.161356 1.864947
v 1.879364 -0.162487 1.864479
v 1.880287 -0.162279 1.864272
v 1.880494 -0.161356 1.864479
v 1.879364 -0.162955 1.863349
v 1.880494 -0.162487 1.863349
v 1.880287 -0.162279 1.864272
v 1.879364 -0.162487 1.864479
v 1.880963 -0.161356 1.863349
v 1.880494 -0.161356 1.864479
v 1.880287 -0.162279 1.864272
v 1.880494 -0.162487 1.863349
v 1.818835 0.003358 -1.863349
v 1.818835 0.002890 -1.864479
v 1.817912 0.002683 -1.864272
v 1.817705 0.002890 -1.863349
v 1.818835 0.001760 -1.864947
v 1.817705 0.001760 -1.864479
v 1.817912 0.002683 -1.864272
v 1.818835 0.002890 -1.864479
v 1.817237 0.001760 -1.863349
v 1.817705 0.002890 -1.863349
v 1.817912 0.002683 -1.864272
v 1.817705 0.001760 -1.864479
v 1.818835 0.003358 1.863349
v 1.817705 0.002890 1.863349
v 1.817912 0.002683 1.864272
v 1.818835 0.002890 1.864479
v 1.817237 0.001760 1.863349
v 1.817705 0.001760 1.864479
v 1.817912 0.002683 1.864272
v 1.817705 0.002890 1.863349
v 1.818835 0.001760 1.864947
v 1.818835 0.002890 1.864479
v 1.817912 0.002683 1.864272
v 1.817705 0.001760 1.864479
v 1.815639 -0.161356 -1.726513
v 1.816769 -0.161356 -1.726981
v 1.817237 -0.162279 -1.726513
v 1.817237 -0.162487 -1.726044
v 1.817237 -0.161356 -1.728111
v 1.817705 -0.162487 -1.726513
v 1.818835 -0.162955 -1.724914
v 1.817237 -0.162487 -1.726044
v 1.817237 -0.162279 -1.726513
v 1.817705 -0.162487 -1.726513
v 1.815639 -0.161356 1.726513
v 1.817237 -0.162487 1.726044
v 1.817237 -0.162279 1.726513
v 1.816769 -0.161356 1.726981
v 1.818835 -0.162955 1.724914
v 1.817705 -0.162487 1.726513
v 1.817237 -0.162279 1.726513
v 1.817237 -0.162487 1.726044
v 1.817237 -0.161356 1.728111
v 1.817705 -0.162487 1.726513
v 1.818835 -0.161356 1.864947
v 1.817705 -0.161356 1.864479
v 1.817912 -0.162279 1.864272
v 1.818835 -0.162487 1.864479
v 1.817237 -0.161356 1.863349
v 1.817705 -0.162487 1.863349
v 1.817912 -0.162279 1.864272
v 1.817705 -0.161356 1.864479
v 1.818835 -0.162955 1.863349
v 1.818835 -0.162487 1.864479
v 1.817912 -0.162279 1.864272
v 1.817705 -0.162487 1.863349
v 1.818835 -0.162955 -1.863349
v 1.817705 -0.162487 -1.863349
v 1.817912 -0.162279 -1.864272
v 1.818835 -0.162487 -1.864479
v 1.817237 -0.161356 -1.863349
v 1.817705 -0.161356 -1.864479
v 1.817912 -0.162279 -1.864272
v 1.817705 -0.162487 -1.863349
v 1.818835 -0.161356 -1.864947
v 1.818835 -0.162487 -1.864479
v 1.817912 -0.162279 -1.864272
v 1.817705 -0.161356 -1.864479
v 0.078483 -0.161356 -1.726513
v 0.076885 -0.162487 -1.726044
v 0.076885 -0.162279 -1.726513
v 0.077353 -0.161356 -1.726981
v 0.075287 -0.162955 -1.724914
v 0.076417 -0.162487 -1.726513
v 0.076885 -0.162279 -1.726513
v 0.076885 -0.162487 -1.726044
v 0.076885 -0.161356 -1.728111
v 0.076417 -0.162487 -1.726513
v 0.078483 -0.161356 1.726513
v 0.077353 -0.161356 1.726981
v 0.076885 -0.162279 1.726513
v 0.076885 -0.162487 1.726044
v 0.076885 -0.161356 1.728111
v 0.076417 -0.162487 1.726513
v 0.075287 -0.162955 1.724914
v 0.076885 -0.162487 1.726044
v 0.076885 -0.162279 1.726513
v 0.076417 -0.162487 1.726513
v 0.075287 0.001760 1.864947
v 0.076417 0.001760 1.864479
v 0.076209 0.002683 1.864272
v 0.075287 0.002890 1.864479
v 0.076885 0.001760 1.863349
v 0.076417 0.002890 1.863349
v 0.076209 0.002683 1.864272
v 0.076417 0.001760 1.864479
v 0.075287 0.003358 1.863349
v 0.075287 0.002890 1.864479
v 0.076209 0.002683 1.864272
v 0.076417 0.002890 1.863349
v 0.075287 0.001760 -1.864947
v 0.075287 0.002890 -1.864479
v 0.076209 0.002683 -1.864272
v 0.076417 0.001760 -1.864479
v 0.075287 0.003358 -1.863349
v 0.076417 0.002890 -1.863349
v 0.076209 0.002683 -1.864272
v 0.075287 0.002890 -1.864479
v 0.076885 0.001760 -1.863349
v 0.076417 0.001760 -1.864479
v 0.076209 0.002683 -1.864272
v 0.076417 0.002890 -1.863349
v 0.075287 -0.161356 -1.864947
v 0.076417 -0.161356 -1.864479
v 0.076209 -0.162279 -1.864272
v 0.075287 -0.162487 -1.864479
v 0.076885 -0.161356 -1.863349
v 0.076417 -0.162487 -1.863349
v 0.076209 -0.162279 -1.864272
v 0.076417 -0.161356 -1.864479
v 0.075287 -0.162955 -1.863349
v 0.075287 -0.162487 -1.864479
v 0.076209 -0.162279 -1.864272
v 0.076417 -0.162487 -1.863349
v 0.075287 -0.162955 1.863349
v 0.076417 -0.162487 1.863349
v 0.076209 -0.162279 1.864272
v 0.075287 -0.162487 1.864479
v 0.076885 -0.161356 1.863349
v 0.076417 -0.161356 1.864479
v 0.076209 -0.162279 1.864272
v 0.076417 -0.162487 1.863349
v 0.075287 -0.161356 1.864947
v 0.075287 -0.162487 1.864479
v 0.076209 -0.162279 1.864272
v 0.076417 -0.161356 1.864479
v 0.078483 0.001760 -1.726513
v 0.077353 0.001760 -1.726981
v 0.076885 0.002683 -1.726513
v 0.076885 0.002890 -1.726044
v 0.076885 0.001760 -1.728111
v 0.076417 0.002890 -1.726513
v 0.075287 0.003358 -1.724914
v 0.076885 0.002890 -1.726044
v 0.076885 0.002683 -1.726513
v 0.076417 0.002890 -1.726513
v 0.075287 0.003358 1.724914
v 0.076417 0.002890 1.726513
v 0.076885 0.002683 1.726513
v 0.076885 0.002890 1.726045
v 0.076885 0.001760 1.728111
v 0.077353 0.001760 1.726981
v 0.076885 0.002683 1.726513
v 0.076417 0.002890 1.726513
v 0.078483 0.001760 1.726513
v 0.076885 0.002890 1.726045
v 1.815639 0.001760 1.726513
v 1.816769 0.001760 1.726981
v 1.817237 0.002683 1.726513
v 1.817237 0.002890 1.726044
v 1.817237 0.001760 1.728111
v 1.817705 0.002890 1.726513
v 1.818835 0.003358 1.724914
v 1.817237 0.002890 1.726044
v 1.817237 0.002683 1.726513
v 1.817705 0.002890 1.726513
v 1.815639 0.001760 -1.726513
v 1.817237 0.002890 -1.726044
v 1.817237 0.002683 -1.726513
v 1.816769 0.001760 -1.726981
v 1.818835 0.003358 -1.724914
v 1.817705 0.002890 -1.726513
v 1.817237 0.002683 -1.726513
v 1.817237 0.002890 -1.726044
v 1.817237 0.001760 -1.728111
v 1.817705 0.002890 -1.726513
v 0.012126 -0.161356 -1.014683
v 0.012594 -0.162487 -1.014683
v 0.012802 -0.162279 -1.013760
v 0.012594 -0.161356 -1.013553
v 0.013724 -0.162955 -1.014683
v 0.013724 -0.162487 -1.013553
v 0.012802 -0.162279 -1.013760
v 0.012594 -0.162487 -1.014683
v 0.013724 -0.161356 -1.013085
v 0.012594 -0.161356 -1.013553
v 0.012802 -0.162279 -1.013760
v 0.013724 -0.162487 -1.013553
v 0.013724 -0.161356 -0.713428
v 0.013724 -0.162487 -0.712960
v 0.012802 -0.162279 -0.712753
v 0.012594 -0.161356 -0.712960
v 0.013724 -0.162955 -0.711830
v 0.012594 -0.162487 -0.711830
v 0.012802 -0.162279 -0.712753
v 0.013724 -0.162487 -0.712960
v 0.012126 -0.161356 -0.711830
v 0.012594 -0.161356 -0.712960
v 0.012802 -0.162279 -0.712753
v 0.012594 -0.162487 -0.711830
v 0.012126 -0.161356 0.711830
v 0.012594 -0.162487 0.711830
v 0.012802 -0.162279 0.712753
v 0.012594 -0.161356 0.712960
v 0.013724 -0.162955 0.711830
v 0.013724 -0.162487 0.712960
v 0.012802 -0.162279 0.712753
v 0.012594 -0.162487 0.711830
v 0.013724 -0.161356 0.713428
v 0.012594 -0.161356 0.712960
v 0.012802 -0.162279 0.712753
v 0.013724 -0.162487 0.712960
v 0.013724 -0.161356 1.013085
v 0.013724 -0.162487 1.013553
v 0.012802 -0.162279 1.013760
v 0.012594 -0.161356 1.013553
v 0.013724 -0.162955 1.014683
v 0.012594 -0.162487 1.014683
v 0.012802 -0.162279 1.013760
v 0.013724 -0.162487 1.013553
v 0.012126 -0.161356 1.014683
v 0.012594 -0.161356 1.013553
v 0.012802 -0.162279 1.013760
v 0.012594 -0.162487 1.014683
v 0.097285 -0.161356 1.011486
v 0.097753 -0.162487 1.013085
v 0.097285 -0.162279 1.013085
v 0.096817 -0.161356 1.012616
v 0.098883 -0.162955 1.014683
v 0.097285 -0.162487 1.013553
v 0.097285 -0.162279 1.013085
v 0.097753 -0.162487 1.013085
v 0.095687 -0.161356 1.013085
v 0.096817 -0.161356 1.012616
v 0.097285 -0.162279 1.013085
v 0.097285 -0.162487 1.013553
v 0.097285 -0.161356 0.715026
v 0.096817 -0.161356 0.713896
v 0.097285 -0.162279 0.713428
v 0.097753 -0.162487 0.713428
v 0.095687 -0.161356 0.713428
v 0.097285 -0.162487 0.712960
v 0.097285 -0.162279 0.713428
v 0.096817 -0.161356 0.713896
v 0.098883 -0.162955 0.711830
v 0.097753 -0.162487 0.713428
v 0.097285 -0.162279 0.713428
v 0.097285 -0.162487 0.712960
v 0.097285 -0.161356 -0.715026
v 0.097753 -0.162487 -0.713428
v 0.097285 -0.162279 -0.713428
v 0.096817 -0.161356 -0.713896
v 0.098883 -0.162955 -0.711830
v 0.097285 -0.162487 -0.712960
v 0.097285 -0.162279 -0.713428
v 0.097753 -0.162487 -0.713428
v 0.095687 -0.161356 -0.713428
v 0.096817 -0.161356 -0.713896
v 0.097285 -0.162279 -0.713428
v 0.097285 -0.162487 -0.712960
v 0.097285 -0.161356 -1.011486
v 0.096817 -0.161356 -1.012616
v 0.097285 -0.162279 -1.013085
v 0.097753 -0.162487 -1.013085
v 0.095687 -0.161356 -1.013085
v 0.097285 -0.162487 -1.013553
v 0.097285 -0.162279 -1.013085
v 0.096817 -0.161356 -1.012616
v 0.098883 -0.162955 -1.014683
v 0.097753 -0.162487 -1.013085
v 0.097285 -0.162279 -1.013085
v 0.097285 -0.162487 -1.013553
v 0.013724 -0.146713 0.713428
v 0.013724 -0.145583 0.713896
v 0.012802 -0.145115 0.713428
v 0.012594 -0.145115 0.712960
v 0.013724 -0.145115 0.715026
v 0.012594 -0.144647 0.713428
v 0.012126 -0.143517 0.711830
v 0.012594 -0.145115 0.712960
v 0.012802 -0.145115 0.713428
v 0.012594 -0.144647 0.713428
v 0.013724 -0.145115 1.011486
v 0.013724 -0.145583 1.012616
v 0.012802 -0.145115 1.013085
v 0.012594 -0.144647 1.013085
v 0.013724 -0.146713 1.013085
v 0.012594 -0.145115 1.013553
v 0.012126 -0.143517 1.014683
v 0.012594 -0.144647 1.013085
v 0.012802 -0.145115 1.013085
v 0.012594 -0.145115 1.013553
v 0.013724 -0.146713 -1.013085
v 0.013724 -0.145583 -1.012616
v 0.012802 -0.145115 -1.013085
v 0.012594 -0.145115 -1.013553
v 0.013724 -0.145115 -1.011486
v 0.012594 -0.144647 -1.013085
v 0.012126 -0.143517 -1.014683
v 0.012594 -0.145115 -1.013553
v 0.012802 -0.145115 -1.013085
v 0.012594 -0.144647 -1.013085
v 0.013724 -0.146713 -0.713428
v 0.012594 -0.145115 -0.712960
v 0.012802 -0.145115 -0.713428
v 0.013724 -0.145583 -0.713896
v 0.012126 -0.143517 -0.711830
v 0.012594 -0.144647 -0.713428
v 0.012802 -0.145115 -0.713428
v 0.012594 -0.145115 -0.712960
v 0.013724 -0.145115 -0.715026
v 0.012594 -0.144647 -0.713428
v 0.097285 -0.146713 0.715026
v 0.096817 -0.145583 0.715026
v 0.096609 -0.145791 0.714104
v 0.096817 -0.146713 0.713896
v 0.095687 -0.145115 0.715026
v 0.095687 -0.145583 0.713896
v 0.096609 -0.145791 0.714104
v 0.096817 -0.145583 0.715026
v 0.095687 -0.146713 0.713428
v 0.096817 -0.146713 0.713896
v 0.096609 -0.145791 0.714104
v 0.095687 -0.145583 0.713896
v 0.095687 -0.146713 1.013085
v 0.095687 -0.145583 1.012616
v 0.096609 -0.145791 1.012409
v 0.096817 -0.146713 1.012616
v 0.095687 -0.145115 1.011486
v 0.096817 -0.145583 1.011486
v 0.096609 -0.145791 1.012409
v 0.095687 -0.145583 1.012616
v 0.097285 -0.146713 1.011486
v 0.096817 -0.146713 1.012616
v 0.096609 -0.145791 1.012409
v 0.096817 -0.145583 1.011486
v 0.097285 -0.146713 -1.011486
v 0.096817 -0.145583 -1.011486
v 0.096609 -0.145791 -1.012409
v 0.096817 -0.146713 -1.012616
v 0.095687 -0.145115 -1.011486
v 0.095687 -0.145583 -1.012616
v 0.096609 -0.145791 -1.012409
v 0.096817 -0.145583 -1.011486
v 0.095687 -0.146713 -1.013085
v 0.096817 -0.146713 -1.012616
v 0.096609 -0.145791 -1.012409
v 0.095687 -0.145583 -1.012616
v 0.097285 -0.146713 -0.715026
v 0.096817 -0.146713 -0.713896
v 0.096609 -0.145791 -0.714104
v 0.096817 -0.145583 -0.715026
v 0.095687 -0.146713 -0.713428
v 0.095687 -0.145583 -0.713896
v 0.096609 -0.145791 -0.714104
v 0.096817 -0.146713 -0.713896
v 0.095687 -0.145115 -0.715026
v 0.096817 -0.145583 -0.715026
v 0.096609 -0.145791 -0.714104
v 0.095687 -0.145583 -0.713896
v 0.140045 -0.145115 -1.726513
v 0.141176 -0.145115 -1.726044
v 0.141176 -0.145115 -1.726044
v 0.141644 -0.145115 -1.724914
v 0.076885 -0.162487 1.726044
v 0.078483 -0.161356 1.726513
v 1.880963 0.001760 -0.863256
v 1.880963 0.001760 -1.726513
v 1.880494 0.002890 -1.726513
v 1.880494 0.002890 -0.863256
v 1.880494 0.002890 -0.863256
v 1.880494 0.002890 -1.726513
v 1.879364 0.003358 -1.726513
v 1.879364 0.003358 -0.863256
v 0.012126 -0.145115 -1.863349
v 0.012594 -0.145115 -1.864479
v 0.012594 -0.145115 -1.864479
v 0.013724 -0.145115 -1.864947
v 1.753511 -0.161356 -0.862457
v 1.753979 -0.162487 -0.862457
v 1.753979 -0.162487 -0.862457
v 1.755109 -0.162955 -0.862457
v 1.879364 0.003358 1.726513
v 1.880494 0.002890 1.726513
v 1.880494 0.002890 1.726513
v 1.880963 0.001760 1.726513
v 0.013724 0.003358 1.726513
v 0.012594 0.002890 1.726513
v 0.012594 0.002890 1.726513
v 0.012126 0.001760 1.726513
v 0.012126 0.001760 -1.726513
v 0.012594 0.002890 -1.726513
v 0.012594 0.002890 -1.726513
v 0.013724 0.003358 -1.726513
v 0.013724 -0.162955 -1.726513
v 0.012594 -0.162487 -1.726513
v 0.012594 -0.162487 -1.726513
v 0.012126 -0.161356 -1.726513
v 0.012126 -0.161356 1.726513
v 0.012594 -0.162487 1.726513
v 0.012594 -0.162487 1.726513
v 0.013724 -0.162955 1.726513
v 1.755109 0.003358 -0.862457
v 1.753979 0.002890 -0.862457
v 1.753979 0.002890 -0.862457
v 1.753511 0.001760 -0.862457
v 1.879364 -0.162955 -0.863256
v 1.879364 -0.162955 -1.726513
v 1.880494 -0.162487 -1.726513
v 1.880494 -0.162487 -0.863256
v 1.880494 -0.162487 -0.863256
v 1.880494 -0.162487 -1.726513
v 1.880963 -0.161356 -1.726513
v 1.880963 -0.161356 -0.863256
v 1.880963 -0.161356 1.726513
v 1.880494 -0.162487 1.726513
v 1.880494 -0.162487 1.726513
v 1.879364 -0.162955 1.726513
v 0.140045 -0.145115 1.726513
v 0.141176 -0.145115 1.726044
v 0.141176 -0.145115 1.726044
v 0.141644 -0.145115 1.724914
v 0.012126 -0.145115 1.863349
v 0.012594 -0.145115 1.864479
v 0.012594 -0.145115 1.864479
v 0.013724 -0.145115 1.864947
v 1.815639 -0.161356 -1.726513
v 1.817237 -0.162487 -1.726044
v 1.817237 -0.162487 1.726044
v 1.815639 -0.161356 1.726513
v 1.817705 -0.162487 -1.726513
v 1.817237 -0.161356 -1.728111
v 1.817705 -0.162487 1.726513
v 1.817237 -0.161356 1.728111
v 0.076885 -0.162487 -1.726044
v 0.078483 -0.161356 -1.726513
v 0.075287 -0.145115 1.864947
v 0.076417 -0.145115 1.864479
v 0.076417 -0.145115 1.864479
v 0.076885 -0.145115 1.863349
v 0.076417 -0.162487 -1.726513
v 0.076885 -0.161356 -1.728111
v 0.076885 -0.161356 1.728111
v 0.076417 -0.162487 1.726513
v 0.076885 -0.145115 -1.863349
v 0.076417 -0.145115 -1.864479
v 0.076417 -0.145115 -1.864479
v 0.075287 -0.145115 -1.864947
v 0.078483 0.001760 -1.726513
v 0.076885 0.002890 -1.726044
v 0.076885 0.002890 1.726045
v 0.078483 0.001760 1.726513
v 1.817237 0.002890 1.726044
v 1.815639 0.001760 1.726513
v 1.815639 0.001760 -1.726513
v 1.817237 0.002890 -1.726044
v 1.817237 0.001760 1.728111
v 1.817705 0.002890 1.726513
v 1.817237 -0.161356 1.728111
v 1.817237 0.001760 1.728111
v 1.816769 0.001760 1.726981
v 1.816769 -0.161356 1.726981
v 1.816769 -0.161356 1.726981
v 1.816769 0.001760 1.726981
v 1.815639 0.001760 1.726513
v 1.815639 -0.161356 1.726513
v 0.076885 0.001760 1.728111
v 0.076417 0.002890 1.726513
v 0.078483 -0.145115 1.726513
v 0.078483 0.001760 1.726513
v 0.077353 0.001760 1.726981
v 0.077353 -0.145115 1.726981
v 0.077353 -0.145115 1.726981
v 0.077353 0.001760 1.726981
v 0.076885 0.001760 1.728111
v 0.076885 -0.145115 1.728111
v 0.076885 0.001760 -1.728111
v 0.076417 0.002890 -1.726513
v 0.076885 -0.145115 -1.728111
v 0.076885 0.001760 -1.728111
v 0.077353 0.001760 -1.726981
v 0.077353 -0.145115 -1.726981
v 0.077353 -0.145115 -1.726981
v 0.077353 0.001760 -1.726981
v 0.078483 0.001760 -1.726513
v 0.078483 -0.145115 -1.726513
v 1.817237 0.001760 -1.728111
v 1.817705 0.002890 -1.726513
v 1.815639 -0.161356 -1.726513
v 1.815639 0.001760 -1.726513
v 1.816769 0.001760 -1.726981
v 1.816769 -0.161356 -1.726981
v 1.816769 -0.161356 -1.726981
v 1.816769 0.001760 -1.726981
v 1.817237 0.001760 -1.728111
v 1.817237 -0.161356 -1.728111
v 0.141644 0.001760 1.013085
v 0.141644 0.001760 0.713428
v 0.141176 0.002890 0.713428
v 0.141176 0.002890 1.013085
v 0.141176 0.002890 1.013085
v 0.141176 0.002890 0.713428
v 0.140045 0.003358 0.713428
v 0.140045 0.003358 1.013085
v 0.141644 0.001760 -0.713428
v 0.141644 0.001760 -1.013085
v 0.141103 0.002951 -1.013085
v 0.141176 0.002890 -0.713428
v 0.141176 0.002890 -0.713428
v 0.141103 0.002951 -1.013085
v 0.012126 0.001760 0.713428
v 0.012126 0.001760 1.013085
v 0.012594 0.002890 1.013085
v 0.012594 0.002890 0.713428
v 0.012594 0.002890 0.713428
v 0.012594 0.002890 1.013085
v 0.013724 0.003358 1.013085
v 0.013724 0.003358 0.713428
v 0.012126 0.001760 -1.013085
v 0.012126 0.001760 -0.713428
v 0.012594 0.002890 -0.713428
v 0.012667 0.002951 -1.013085
v 0.012667 0.002951 -1.013085
v 0.012594 0.002890 -0.713428
v 0.141644 -0.161356 -1.013085
v 0.141644 -0.161356 -0.713428
v 0.141176 -0.162487 -0.713428
v 0.141176 -0.162487 -1.013085
v 0.141176 -0.162487 -1.013085
v 0.141176 -0.162487 -0.713428
v 0.140045 -0.162955 -0.713428
v 0.140045 -0.162955 -1.013085
v 0.097285 -0.161356 -0.715026
v 0.097285 -0.161356 -1.011486
v 0.097753 -0.162487 -1.013085
v 0.097753 -0.162487 -0.713428
v 0.141644 -0.161356 0.713428
v 0.141644 -0.161356 1.013085
v 0.141176 -0.162487 1.013085
v 0.141176 -0.162487 0.713428
v 0.141176 -0.162487 0.713428
v 0.141176 -0.162487 1.013085
v 0.140045 -0.162955 1.013085
v 0.140045 -0.162955 0.713428
v 0.097285 -0.161356 1.011486
v 0.097285 -0.161356 0.715026
v 0.097753 -0.162487 0.713428
v 0.097753 -0.162487 1.013085
v 0.012594 -0.145115 0.712960
v 0.013724 -0.146713 0.713428
v 0.013724 -0.146713 1.013085
v 0.013724 -0.145583 1.012616
v 0.013724 -0.145583 1.012616
v 0.013724 -0.145115 1.011486
v 0.012594 -0.145115 -1.013553
v 0.013724 -0.146713 -1.013085
v 0.097285 -0.162487 -0.712960
v 0.095687 -0.161356 -0.713428
v 0.097285 -0.162487 -1.013553
v 0.095687 -0.161356 -1.013085
v 0.097285 -0.162487 1.013553
v 0.095687 -0.161356 1.013085
v 0.097285 -0.162487 0.712960
v 0.095687 -0.161356 0.713428
v 0.012126 -0.161356 -1.370598
v 0.012594 -0.162487 -1.370598
v 0.012594 -0.162487 -1.370598
v 0.013724 -0.162955 -1.370598
v 0.012594 0.002890 -1.370198
v 0.012594 0.002890 -1.370198
v 0.012126 0.001760 -1.369799
v 0.013724 -0.162955 1.370598
v 0.012594 -0.162487 1.370598
v 0.012594 -0.162487 1.370598
v 0.012126 -0.161356 1.370598
v 0.013724 0.003358 1.369799
v 0.012594 0.002890 1.369799
v 0.012594 0.002890 1.369799
v 0.012126 0.001760 1.369799
v 0.012126 -0.161356 -0.000000
v 0.012594 -0.162487 -0.000000
v 0.012594 -0.162487 -0.000000
v 0.013724 -0.162955 -0.000000
v 0.013724 0.003358 0.000000
v 0.012594 0.002890 0.000000
v 0.012594 0.002890 0.000000
v 0.012126 0.001760 0.000000
v 0.140045 -0.162955 -1.368999
v 0.141176 -0.162487 -1.368999
v 0.141176 -0.162487 -1.368999
v 0.141644 -0.161356 -1.368999
v 0.141176 0.002890 -1.369399
v 0.141176 0.002890 -1.369399
v 0.141644 0.001760 -1.368999
v 0.141644 -0.161356 1.368999
v 0.141176 -0.162487 1.368999
v 0.141176 -0.162487 1.368999
v 0.140045 -0.162955 1.368999
v 0.140045 -0.162955 -0.000000
v 0.141176 -0.162487 -0.000000
v 0.141176 -0.162487 -0.000000
v 0.141644 -0.161356 -0.000000
v 0.140045 0.003358 0.000000
v 0.141176 0.002890 0.000000
v 0.141176 0.002890 0.000000
v 0.141644 0.001760 0.000000
v 0.140045 0.003358 1.368999
v 0.141176 0.002890 1.368999
v 0.141176 0.002890 1.368999
v 0.141644 0.001760 1.368999
v 0.078483 -0.161356 1.726513
v 0.077353 -0.161356 1.726981
v 0.077353 -0.161356 1.726981
v 0.076885 -0.161356 1.728111
v 0.076885 -0.161356 -1.728111
v 0.077353 -0.161356 -1.726981
v 0.077353 -0.161356 -1.726981
v 0.078483 -0.161356 -1.726513
v 0.012594 -0.145115 1.013553
v 0.013724 -0.146713 1.013085
v 0.012594 -0.145115 -0.712960
v 0.013724 -0.146713 -0.713428
v 0.012594 -0.144647 -0.713428
v 0.012594 -0.144647 -1.013085
v 0.013724 -0.145115 -1.011486
v 0.013724 -0.145115 -0.715026
v 0.012594 -0.144647 1.013085
v 0.012594 -0.144647 0.713428
v 0.013724 -0.145115 0.715026
v 0.013724 -0.145115 1.011486
v 0.013724 -0.146713 0.713428
v 0.013724 -0.145583 0.713896
v 0.013724 -0.145583 0.713896
v 0.013724 -0.145115 0.715026
v 0.095687 -0.161356 1.013085
v 0.096817 -0.161356 1.012616
v 0.096817 -0.161356 1.012616
v 0.097285 -0.161356 1.011486
v 0.097285 -0.161356 0.715026
v 0.096817 -0.161356 0.713896
v 0.096817 -0.161356 0.713896
v 0.095687 -0.161356 0.713428
v 0.013724 -0.146713 -0.713428
v 0.013724 -0.145583 -0.713896
v 0.013724 -0.145583 -0.713896
v 0.013724 -0.145115 -0.715026
v 0.013724 -0.146713 -1.013085
v 0.013724 -0.145583 -1.012616
v 0.013724 -0.145583 -1.012616
v 0.013724 -0.145115 -1.011486
v 0.095687 -0.161356 -0.713428
v 0.096817 -0.161356 -0.713896
v 0.096817 -0.161356 -0.713896
v 0.097285 -0.161356 -0.715026
v 0.097285 -0.161356 -1.011486
v 0.096817 -0.161356 -1.012616
v 0.096817 -0.161356 -1.012616
v 0.095687 -0.161356 -1.013085
v 1.755109 -0.161356 1.726513
v 1.815639 -0.161356 1.726513
v 1.815639 0.001760 1.726513
v 1.755109 0.001760 1.726513
v 1.880494 -0.162487 0.863256
v 1.880963 -0.161356 0.863256
v 1.880494 -0.162487 -0.000000
v 1.880963 -0.161356 -0.000000
v 1.879364 -0.162955 0.863256
v 1.880494 -0.162487 0.863256
v 1.879364 -0.162955 -0.000000
v 1.880494 -0.162487 -0.000000
v 1.753979 0.002890 0.862457
v 1.753511 0.001760 0.862457
v 1.753979 0.002890 0.000000
v 1.753511 0.001760 0.000000
v 1.755109 0.003358 0.862457
v 1.753979 0.002890 0.862457
v 1.755109 0.003358 -0.000000
v 1.753979 0.002890 0.000000
v 1.753979 -0.162487 0.862457
v 1.755109 -0.162955 0.862457
v 1.753979 -0.162487 -0.000000
v 1.755109 -0.162955 0.000000
v 1.753511 -0.161356 0.862457
v 1.753979 -0.162487 0.862457
v 1.753511 -0.161356 -0.000000
v 1.753979 -0.162487 -0.000000
v 1.880494 0.002890 0.863256
v 1.879364 0.003358 0.863256
v 1.880494 0.002890 0.000000
v 1.879364 0.003358 0.000000
v 1.880963 0.001760 0.863256
v 1.880494 0.002890 0.863256
v 1.880963 0.001760 0.000000
v 1.880494 0.002890 0.000000
v 1.818835 -0.162955 0.862457
v 1.879364 -0.162955 0.863256
v 1.818835 -0.162955 0.000000
v 1.879364 -0.162955 -0.000000
v 1.753511 -0.161356 1.724914
v 1.753511 0.001760 1.724914
v 1.753511 0.001760 0.862457
v 1.753511 -0.161356 0.862457
v 1.753511 0.001760 0.000000
v 1.753511 -0.161356 -0.000000
v 1.818835 0.003358 -0.862457
v 1.879364 0.003358 -0.863256
v 1.818835 0.003358 0.000000
v 1.879364 0.003358 0.000000
v 1.880963 0.001760 -0.863256
v 1.880963 -0.161356 -0.863256
v 1.880963 0.001760 0.000000
v 1.880963 -0.161356 -0.000000
v 1.755109 -0.162955 1.724914
v 1.755109 -0.162955 0.862457
v 1.755109 -0.162955 0.000000
v 1.755109 0.003358 -1.724914
v 1.755109 0.003358 -0.862457
v 1.755109 0.003358 -0.000000
v 0.013724 -0.162955 -0.711830
v 0.012126 -0.161356 0.711830
v 0.140045 0.003358 1.724914
v 0.013724 -0.162955 1.014683
v 0.141644 -0.161356 -1.724914
v 0.141644 -0.145115 -1.724914
v 0.140045 -0.162955 -1.724914
v 0.141644 0.001760 -1.724914
v 0.012126 -0.161356 -1.014683
v 1.813259 -0.158825 -1.860808
v 1.813259 -0.001098 -1.860808
v 1.813259 -0.001098 -1.730832
v 1.813259 -0.158825 -1.730832
v 1.378204 0.002815 -1.860808
v 1.378204 0.002815 -1.730832
v 1.809346 0.002815 -1.730832
v 1.809346 0.002815 -1.860808
v 0.515921 -0.162737 -1.730832
v 0.084779 -0.162737 -1.730832
v 0.084779 -0.162737 -1.860808
v 0.515921 -0.162737 -1.860808
v 0.515921 -0.158825 -1.726920
v 0.515921 -0.001098 -1.726920
v 0.084779 -0.001098 -1.726920
v 0.084779 -0.158825 -1.726920
v 1.378204 -0.158825 -1.864721
v 1.378204 -0.001098 -1.864721
v 1.809346 -0.001098 -1.864721
v 1.809346 -0.158825 -1.864721
v 1.813259 -0.001098 1.730832
v 1.813259 -0.001098 1.860808
v 1.813259 -0.158825 1.860808
v 1.813259 -0.158825 1.730832
v 1.378204 -0.162737 1.730832
v 1.809346 -0.162737 1.730832
v 1.809346 -0.162737 1.860808
v 1.378204 -0.162737 1.860808
v 0.080867 -0.158825 1.730832
v 0.080867 -0.158825 1.860808
v 0.080867 -0.001098 1.860808
v 0.080867 -0.001098 1.730832
v 0.515921 -0.158825 1.864721
v 0.515921 -0.001098 1.864721
v 0.084779 -0.001098 1.864721
v 0.084779 -0.158825 1.864721
v 0.515921 0.002815 1.860808
v 0.515921 0.002815 1.730832
v 0.084779 0.002815 1.730832
v 0.084779 0.002815 1.860808
v 0.080867 -0.158825 -1.730832
v 0.080867 -0.001098 -1.730832
v 0.080867 -0.001098 -1.860808
v 0.080867 -0.158825 -1.860808
v 1.809346 -0.162737 1.730832
v 1.809346 -0.161591 1.728065
v 1.811605 -0.161084 1.728573
v 1.812113 -0.161591 1.730832
v 1.809346 -0.158825 1.726920
v 1.812113 -0.158825 1.728065
v 1.811605 -0.161084 1.728573
v 1.809346 -0.161591 1.728065
v 1.813259 -0.158825 1.730832
v 1.812113 -0.161591 1.730832
v 1.811605 -0.161084 1.728573
v 1.812113 -0.158825 1.728065
v 1.809346 -0.162737 -1.730832
v 1.812113 -0.161591 -1.730832
v 1.811605 -0.161084 -1.728573
v 1.809346 -0.161591 -1.728065
v 1.813259 -0.158825 -1.730832
v 1.812113 -0.158825 -1.728065
v 1.811605 -0.161084 -1.728573
v 1.812113 -0.161591 -1.730832
v 1.809346 -0.158825 -1.726920
v 1.809346 -0.161591 -1.728065
v 1.811605 -0.161084 -1.728573
v 1.812113 -0.158825 -1.728065
v 0.080867 -0.158825 -1.730832
v 0.082013 -0.161591 -1.730832
v 0.082520 -0.161084 -1.728573
v 0.082013 -0.158825 -1.728065
v 0.084779 -0.162737 -1.730832
v 0.084779 -0.161591 -1.728065
v 0.082520 -0.161084 -1.728573
v 0.082013 -0.161591 -1.730832
v 0.084779 -0.158825 -1.726920
v 0.082013 -0.158825 -1.728065
v 0.082520 -0.161084 -1.728573
v 0.084779 -0.161591 -1.728065
v 0.084779 -0.158825 1.726920
v 0.084779 -0.161591 1.728065
v 0.082520 -0.161084 1.728573
v 0.082013 -0.158825 1.728065
v 0.084779 -0.162737 1.730832
v 0.082013 -0.161591 1.730832
v 0.082520 -0.161084 1.728573
v 0.084779 -0.161591 1.728065
v 0.080867 -0.158825 1.730832
v 0.082013 -0.158825 1.728065
v 0.082520 -0.161084 1.728573
v 0.082013 -0.161591 1.730832
v 1.809346 0.002815 1.860808
v 1.809346 0.001669 1.863575
v 1.811605 0.001161 1.863067
v 1.812113 0.001669 1.860808
v 1.809346 -0.001098 1.864721
v 1.812113 -0.001098 1.863575
v 1.811605 0.001161 1.863067
v 1.809346 0.001669 1.863575
v 1.813259 -0.001098 1.860808
v 1.812113 0.001669 1.860808
v 1.811605 0.001161 1.863067
v 1.812113 -0.001098 1.863575
v 0.084779 0.002815 1.860808
v 0.082013 0.001669 1.860808
v 0.082520 0.001161 1.863067
v 0.084779 0.001669 1.863575
v 0.080867 -0.001098 1.860808
v 0.082013 -0.001098 1.863575
v 0.082520 0.001161 1.863067
v 0.082013 0.001669 1.860808
v 0.084779 -0.001098 1.864721
v 0.084779 0.001669 1.863575
v 0.082520 0.001161 1.863067
v 0.082013 -0.001098 1.863575
v 1.809346 -0.158825 1.864721
v 1.809346 -0.161591 1.863575
v 1.811605 -0.161084 1.863067
v 1.812113 -0.158825 1.863575
v 1.809346 -0.162737 1.860808
v 1.812113 -0.161591 1.860808
v 1.811605 -0.161084 1.863067
v 1.809346 -0.161591 1.863575
v 1.813259 -0.158825 1.860808
v 1.812113 -0.158825 1.863575
v 1.811605 -0.161084 1.863067
v 1.812113 -0.161591 1.860808
v 1.809346 -0.158825 -1.864721
v 1.812113 -0.158825 -1.863575
v 1.811605 -0.161084 -1.863067
v 1.809346 -0.161591 -1.863575
v 1.813259 -0.158825 -1.860808
v 1.812113 -0.161591 -1.860808
v 1.811605 -0.161084 -1.863067
v 1.812113 -0.158825 -1.863575
v 1.809346 -0.162737 -1.860808
v 1.809346 -0.161591 -1.863575
v 1.811605 -0.161084 -1.863067
v 1.812113 -0.161591 -1.860808
v 0.080867 -0.001098 -1.860808
v 0.082013 0.001669 -1.860808
v 0.082520 0.001161 -1.863067
v 0.082013 -0.001098 -1.863575
v 0.084779 0.002815 -1.860808
v 0.084779 0.001669 -1.863575
v 0.082520 0.001161 -1.863067
v 0.082013 0.001669 -1.860808
v 0.084779 -0.001098 -1.864721
v 0.082013 -0.001098 -1.863575
v 0.082520 0.001161 -1.863067
v 0.084779 0.001669 -1.863575
v 0.080867 -0.158825 -1.860808
v 0.082013 -0.158825 -1.863575
v 0.082520 -0.161084 -1.863067
v 0.082013 -0.161591 -1.860808
v 0.084779 -0.158825 -1.864721
v 0.084779 -0.161591 -1.863575
v 0.082520 -0.161084 -1.863067
v 0.082013 -0.158825 -1.863575
v 0.084779 -0.162737 -1.860808
v 0.082013 -0.161591 -1.860808
v 0.082520 -0.161084 -1.863067
v 0.084779 -0.161591 -1.863575
v 0.084779 -0.158825 1.864721
v 0.082013 -0.158825 1.863575
v 0.082520 -0.161084 1.863067
v 0.084779 -0.161591 1.863575
v 0.080867 -0.158825 1.860808
v 0.082013 -0.161591 1.860808
v 0.082520 -0.161084 1.863067
v 0.082013 -0.158825 1.863575
v 0.084779 -0.162737 1.860808
v 0.084779 -0.161591 1.863575
v 0.082520 -0.161084 1.863067
v 0.082013 -0.161591 1.860808
v 1.813259 -0.001098 -1.860808
v 1.812113 -0.001098 -1.863575
v 1.811605 0.001161 -1.863067
v 1.812113 0.001669 -1.860808
v 1.809346 -0.001098 -1.864721
v 1.809346 0.001669 -1.863575
v 1.811605 0.001161 -1.863067
v 1.812113 -0.001098 -1.863575
v 1.809346 0.002815 -1.860808
v 1.812113 0.001669 -1.860808
v 1.811605 0.001161 -1.863067
v 1.809346 0.001669 -1.863575
v 1.813259 -0.001098 1.730832
v 1.812113 -0.001098 1.728065
v 1.811605 0.001161 1.728573
v 1.812113 0.001669 1.730832
v 1.809346 -0.001098 1.726920
v 1.809346 0.001669 1.728065
v 1.811605 0.001161 1.728573
v 1.812113 -0.001098 1.728065
v 1.809346 0.002815 1.730832
v 1.812113 0.001669 1.730832
v 1.811605 0.001161 1.728573
v 1.809346 0.001669 1.728065
v 0.084779 0.002815 1.730832
v 0.084779 0.001669 1.728065
v 0.082520 0.001161 1.728573
v 0.082013 0.001669 1.730832
v 0.084779 -0.001098 1.726920
v 0.082013 -0.001098 1.728065
v 0.082520 0.001161 1.728573
v 0.084779 0.001669 1.728065
v 0.080867 -0.001098 1.730832
v 0.082013 0.001669 1.730832
v 0.082520 0.001161 1.728573
v 0.082013 -0.001098 1.728065
v 0.080867 -0.001098 -1.730832
v 0.082013 -0.001098 -1.728065
v 0.082520 0.001161 -1.728573
v 0.082013 0.001669 -1.730832
v 0.084779 -0.001098 -1.726920
v 0.084779 0.001669 -1.728065
v 0.082520 0.001161 -1.728573
v 0.082013 -0.001098 -1.728065
v 0.084779 0.002815 -1.730832
v 0.082013 0.001669 -1.730832
v 0.082520 0.001161 -1.728573
v 0.084779 0.001669 -1.728065
v 1.813259 -0.001098 -1.730832
v 1.812113 0.001669 -1.730832
v 1.811605 0.001161 -1.728573
v 1.812113 -0.001098 -1.728065
v 1.809346 0.002815 -1.730832
v 1.809346 0.001669 -1.728065
v 1.811605 0.001161 -1.728573
v 1.812113 0.001669 -1.730832
v 1.809346 -0.001098 -1.726920
v 1.812113 -0.001098 -1.728065
v 1.811605 0.001161 -1.728573
v 1.809346 0.001669 -1.728065
v 0.515921 -0.158825 -1.726920
v 0.515921 -0.161591 -1.728065
v 0.515921 -0.161591 -1.728065
v 0.515921 -0.162737 -1.730832
v 1.378204 -0.158825 1.726920
v 1.378204 -0.161591 1.728065
v 1.378204 -0.161591 1.728065
v 1.378204 -0.162737 1.730832
v 1.378204 -0.001098 1.864721
v 1.378204 0.001669 1.863575
v 1.378204 0.001669 1.863575
v 1.378204 0.002815 1.860808
v 0.515921 -0.001098 -1.864721
v 0.515921 0.001669 -1.863575
v 0.515921 0.001669 -1.863575
v 0.515921 0.002815 -1.860808
v 0.515921 -0.162737 -1.860808
v 0.515921 -0.161591 -1.863575
v 0.515921 -0.161591 -1.863575
v 0.515921 -0.158825 -1.864721
v 1.378204 -0.162737 1.860808
v 1.378204 -0.161591 1.863575
v 1.378204 -0.161591 1.863575
v 1.378204 -0.158825 1.864721
v 1.378204 0.002815 1.730832
v 1.378204 0.001669 1.728065
v 1.378204 0.001669 1.728065
v 1.378204 -0.001098 1.726920
v 0.515921 0.002815 -1.730832
v 0.515921 0.001669 -1.728065
v 0.515921 0.001669 -1.728065
v 0.515921 -0.001098 -1.726920
v 1.378204 -0.158825 1.726920
v 1.378204 -0.001098 1.726920
v 1.809346 -0.001098 1.726920
v 1.809346 -0.158825 1.726920
v 0.084779 -0.158825 1.726920
v 0.084779 -0.001098 1.726920
v 0.515921 -0.001098 1.726920
v 0.515921 -0.158825 1.726920
v 0.947063 -0.001098 1.726920
v 0.947063 -0.158825 1.726920
v 0.515921 0.001669 1.728065
v 0.515921 -0.001098 1.726920
v 0.947063 0.001669 1.728065
v 0.947063 -0.001098 1.726920
v 0.515921 0.002815 1.730832
v 0.515921 0.001669 1.728065
v 0.947063 0.002815 1.730832
v 0.947063 0.001669 1.728065
v 0.515921 -0.161591 1.863575
v 0.515921 -0.158825 1.864721
v 0.947063 -0.161591 1.863575
v 0.947063 -0.158825 1.864721
v 0.515921 -0.162737 1.860808
v 0.515921 -0.161591 1.863575
v 0.947063 -0.162737 1.860808
v 0.947063 -0.161591 1.863575
v 0.515921 0.001669 1.863575
v 0.515921 0.002815 1.860808
v 0.947063 0.001669 1.863575
v 0.947063 0.002815 1.860808
v 0.515921 -0.001098 1.864721
v 0.515921 0.001669 1.863575
v 0.947063 -0.001098 1.864721
v 0.947063 0.001669 1.863575
v 0.515921 -0.161591 1.728065
v 0.515921 -0.162737 1.730832
v 0.947063 -0.161591 1.728065
v 0.947063 -0.162737 1.730832
v 0.515921 -0.158825 1.726920
v 0.515921 -0.161591 1.728065
v 0.947063 -0.158825 1.726920
v 0.947063 -0.161591 1.728065
v 1.809346 0.002815 1.860808
v 1.809346 0.002815 1.730832
v 1.378204 0.002815 1.730832
v 1.378204 0.002815 1.860808
v 0.947063 0.002815 1.730832
v 0.947063 0.002815 1.860808
v 1.809346 -0.158825 1.864721
v 1.809346 -0.001098 1.864721
v 1.378204 -0.001098 1.864721
v 1.378204 -0.158825 1.864721
v 0.947063 -0.001098 1.864721
v 0.947063 -0.158825 1.864721
v 0.084779 -0.162737 1.730832
v 0.515921 -0.162737 1.730832
v 0.515921 -0.162737 1.860808
v 0.084779 -0.162737 1.860808
v 0.947063 -0.162737 1.730832
v 0.947063 -0.162737 1.860808
v 1.378204 0.001669 -1.728065
v 1.378204 -0.001098 -1.726920
v 0.947063 0.001669 -1.728065
v 0.947063 -0.001098 -1.726920
v 1.378204 0.002815 -1.730832
v 1.378204 0.001669 -1.728065
v 0.947063 0.002815 -1.730832
v 0.947063 0.001669 -1.728065
v 1.378204 -0.161591 -1.863575
v 1.378204 -0.158825 -1.864721
v 0.947063 -0.161591 -1.863575
v 0.947063 -0.158825 -1.864721
v 1.378204 -0.162737 -1.860808
v 1.378204 -0.161591 -1.863575
v 0.947063 -0.162737 -1.860808
v 0.947063 -0.161591 -1.863575
v 1.378204 0.001669 -1.863575
v 1.378204 0.002815 -1.860808
v 0.947063 0.001669 -1.863575
v 0.947063 0.002815 -1.860808
v 1.378204 -0.001098 -1.864721
v 1.378204 0.001669 -1.863575
v 0.947063 -0.001098 -1.864721
v 0.947063 0.001669 -1.863575
v 1.378204 -0.161591 -1.728065
v 1.378204 -0.162737 -1.730832
v 0.947063 -0.161591 -1.728065
v 0.947063 -0.162737 -1.730832
v 1.378204 -0.158825 -1.726920
v 1.378204 -0.161591 -1.728065
v 0.947063 -0.158825 -1.726920
v 0.947063 -0.161591 -1.728065
v 0.084779 -0.158825 -1.864721
v 0.084779 -0.001098 -1.864721
v 0.515921 -0.001098 -1.864721
v 0.515921 -0.158825 -1.864721
v 0.947063 -0.001098 -1.864721
v 0.947063 -0.158825 -1.864721
v 1.809346 -0.158825 -1.726920
v 1.809346 -0.001098 -1.726920
v 1.378204 -0.001098 -1.726920
v 1.378204 -0.158825 -1.726920
v 0.947063 -0.001098 -1.726920
v 0.947063 -0.158825 -1.726920
v 1.809346 -0.162737 -1.730832
v 1.378204 -0.162737 -1.730832
v 1.378204 -0.162737 -1.860808
v 1.809346 -0.162737 -1.860808
v 0.947063 -0.162737 -1.730832
v 0.947063 -0.162737 -1.860808
v 0.084779 0.002815 -1.860808
v 0.084779 0.002815 -1.730832
v 0.515921 0.002815 -1.730832
v 0.515921 0.002815 -1.860808
v 0.947063 0.002815 -1.730832
v 0.947063 0.002815 -1.860808
v 0.017627 -0.147709 1.009082
v 0.014197 -0.149130 1.009082
v 0.012776 -0.152560 1.009082
v 0.012776 -0.156364 1.009082
v 0.012776 -0.160168 1.009082
v 0.014197 -0.163598 1.009082
v 0.017627 -0.165019 1.009082
v 0.019371 -0.165019 1.009082
v 0.086771 -0.165019 1.009082
v 0.087563 -0.165019 1.009082
v 0.090993 -0.163598 1.009082
v 0.092414 -0.160168 1.009082
v 0.092414 -0.152560 1.009082
v 0.090993 -0.149130 1.009082
v 0.087563 -0.147709 1.009082
v 0.086771 -0.165019 0.936104
v 0.087563 -0.165019 0.936104
v 0.087563 -0.165019 1.009082
v 0.086771 -0.165019 1.009082
v 0.017627 -0.147709 0.936104
v 0.017627 -0.147709 1.009082
v 0.087563 -0.147709 1.009082
v 0.087563 -0.147709 0.936104
v 0.092414 -0.160168 0.787500
v 0.092414 -0.160168 0.717431
v 0.092414 -0.152560 0.717431
v 0.092414 -0.152560 0.787500
v 0.012776 -0.156364 0.936040
v 0.012776 -0.156364 1.009082
v 0.012776 -0.152560 1.009082
v 0.012776 -0.152560 0.936104
v 0.087563 -0.165019 0.787500
v 0.087563 -0.165019 0.717431
v 0.090993 -0.163598 0.717431
v 0.090993 -0.163598 0.787500
v 0.090993 -0.163598 0.787500
v 0.090993 -0.163598 0.717431
v 0.092414 -0.160168 0.717431
v 0.092414 -0.160168 0.787500
v 0.017627 -0.165019 0.936104
v 0.017627 -0.165019 1.009082
v 0.014197 -0.163598 1.009082
v 0.014197 -0.163598 0.936104
v 0.014197 -0.163598 0.936104
v 0.014197 -0.163598 1.009082
v 0.012776 -0.160168 1.009082
v 0.012776 -0.160168 0.935977
v 0.017627 -0.147709 0.787500
v 0.017627 -0.147709 0.717431
v 0.014197 -0.149130 0.717431
v 0.014197 -0.149130 0.787500
v 0.014197 -0.149130 0.787500
v 0.014197 -0.149130 0.717431
v 0.012776 -0.152560 0.717431
v 0.012776 -0.152560 0.787500
v 0.092414 -0.152560 0.787500
v 0.092414 -0.152560 0.717431
v 0.090993 -0.149130 0.717431
v 0.090993 -0.149130 0.787500
v 0.090993 -0.149130 0.787500
v 0.090993 -0.149130 0.717431
v 0.087563 -0.147709 0.717431
v 0.087563 -0.147709 0.787500
v 0.087563 -0.147709 0.717431
v 0.090993 -0.149130 0.717431
v 0.092414 -0.152560 0.717431
v 0.092414 -0.160168 0.717431
v 0.090993 -0.163598 0.717431
v 0.087563 -0.165019 0.717431
v 0.086771 -0.165019 0.717431
v 0.019371 -0.165019 0.717431
v 0.017627 -0.165019 0.717431
v 0.014197 -0.163598 0.717431
v 0.012776 -0.160168 0.717431
v 0.012776 -0.156364 0.717431
v 0.012776 -0.152560 0.717431
v 0.014197 -0.149130 0.717431
v 0.017627 -0.147709 0.717431
v 0.092414 -0.152560 0.865921
v 0.090993 -0.149130 0.865921
v 0.014197 -0.149130 0.865921
v 0.012776 -0.152560 0.865908
v 0.012776 -0.152560 0.936104
v 0.014197 -0.149130 0.936104
v 0.017627 -0.147709 0.865921
v 0.014197 -0.149130 0.865921
v 0.017627 -0.147709 0.865921
v 0.087563 -0.147709 0.865921
v 0.087563 -0.147709 0.787500
v 0.017627 -0.147709 0.787500
v 0.014197 -0.163598 0.717431
v 0.014197 -0.163598 0.787500
v 0.012776 -0.160168 0.787500
v 0.012776 -0.160168 0.717431
v 0.014197 -0.163598 0.865921
v 0.012776 -0.160168 0.865908
v 0.017627 -0.165019 0.717431
v 0.017627 -0.165019 0.787500
v 0.014197 -0.163598 0.787500
v 0.014197 -0.163598 0.717431
v 0.017627 -0.165019 0.865921
v 0.014197 -0.163598 0.865921
v 0.090993 -0.163598 0.936104
v 0.090993 -0.163598 0.865921
v 0.092414 -0.160168 0.865921
v 0.092414 -0.160168 0.936104
v 0.087563 -0.165019 0.936104
v 0.087563 -0.165019 0.865921
v 0.090993 -0.163598 0.865921
v 0.090993 -0.163598 0.936104
v 0.012776 -0.160168 0.717431
v 0.012776 -0.160168 0.787500
v 0.008562 -0.162406 0.787500
v 0.008562 -0.162406 0.717431
v 0.012776 -0.156364 0.787500
v 0.012776 -0.156364 0.865908
v 0.012776 -0.152560 0.865908
v 0.012776 -0.152560 0.787500
v 0.092414 -0.160168 0.936104
v 0.092414 -0.160168 0.865921
v 0.092414 -0.152560 0.865921
v 0.092414 -0.152560 0.936104
v 0.017627 -0.147709 0.717431
v 0.087563 -0.147709 0.717431
v 0.000170 -0.150962 0.935977
v 0.000170 -0.150962 0.865908
v -0.002455 -0.153659 0.865908
v -0.002455 -0.153659 0.935977
v 0.086771 -0.165019 0.717431
v 0.087563 -0.165019 0.717431
v 0.087563 -0.165019 0.787500
v 0.086771 -0.165019 0.787500
v 0.087563 -0.165019 0.865921
v 0.086771 -0.165019 0.865921
v 0.092414 -0.160168 1.009082
v 0.092414 -0.152560 1.009082
v 0.087563 -0.165019 1.009082
v 0.090993 -0.163598 1.009082
v 0.090993 -0.163598 1.009082
v 0.092414 -0.160168 1.009082
v 0.017627 -0.147709 1.009082
v 0.017627 -0.147709 0.936104
v 0.014197 -0.149130 0.936104
v 0.014197 -0.149130 1.009082
v 0.014197 -0.149130 1.009082
v 0.012776 -0.152560 1.009082
v 0.092414 -0.152560 1.009082
v 0.092414 -0.152560 0.936104
v 0.090993 -0.149130 0.936104
v 0.090993 -0.149130 1.009082
v 0.090993 -0.149130 1.009082
v 0.090993 -0.149130 0.936104
v 0.087563 -0.147709 0.936104
v 0.087563 -0.147709 1.009082
v 0.012776 -0.152560 0.787500
v 0.012776 -0.152560 0.717431
v 0.008562 -0.150322 0.717431
v 0.008562 -0.150322 0.787500
v -0.003148 -0.156364 0.717431
v -0.003148 -0.156364 0.787500
v -0.002455 -0.153659 0.787500
v -0.002455 -0.153659 0.717431
v 0.000170 -0.161766 0.865908
v 0.000170 -0.161766 0.935977
v -0.002455 -0.159069 0.935977
v -0.002455 -0.159069 0.865908
v 0.000170 -0.156364 0.717431
v 0.000170 -0.161766 0.717431
v -0.002455 -0.159069 0.717431
v -0.003148 -0.156364 0.717431
v 0.012776 -0.156364 0.865908
v 0.012776 -0.160168 0.865908
v 0.008562 -0.162406 0.865908
v 0.008562 -0.156364 0.865908
v 0.000170 -0.156364 0.787500
v 0.000170 -0.150962 0.787500
v -0.002455 -0.153659 0.787500
v -0.003148 -0.156364 0.787500
v 0.012776 -0.156364 0.717431
v 0.012776 -0.160168 0.717431
v 0.008562 -0.162406 0.717431
v 0.008562 -0.156364 0.717431
v 0.000170 -0.156364 0.935977
v 0.000170 -0.150962 0.935977
v -0.002455 -0.153659 0.935977
v -0.003148 -0.156364 0.935977
v 0.000170 -0.156364 0.865908
v 0.000170 -0.161766 0.865908
v -0.002455 -0.159069 0.865908
v -0.003148 -0.156364 0.865908
v -0.003148 -0.156364 0.865908
v -0.003148 -0.156364 0.935977
v -0.002455 -0.153659 0.935977
v -0.002455 -0.153659 0.865908
v 0.012776 -0.152560 0.936104
v 0.012776 -0.152560 0.865908
v 0.008562 -0.150322 0.865908
v 0.008562 -0.150322 0.935977
v 0.000170 -0.161766 0.717431
v 0.000170 -0.161766 0.787500
v -0.002455 -0.159069 0.787500
v -0.002455 -0.159069 0.717431
v 0.000170 -0.150962 0.787500
v 0.000170 -0.150962 0.717431
v -0.002455 -0.153659 0.717431
v -0.002455 -0.153659 0.787500
v 0.012776 -0.156364 0.787500
v 0.012776 -0.152560 0.787500
v 0.008562 -0.150322 0.787500
v 0.008562 -0.156364 0.787500
v 0.012776 -0.160168 0.865908
v 0.012776 -0.160168 0.935977
v 0.008562 -0.162406 0.935977
v 0.008562 -0.162406 0.865908
v 0.087563 -0.147709 0.865921
v 0.090993 -0.149130 0.865921
v 0.000170 -0.150962 0.717431
v 0.004366 -0.149651 0.717431
v 0.004366 -0.156364 0.717431
v 0.008562 -0.150322 0.717431
v 0.000170 -0.161766 0.787500
v 0.000170 -0.161766 0.717431
v 0.004366 -0.163078 0.717431
v 0.004366 -0.163078 0.787500
v 0.004366 -0.163078 0.787500
v 0.004366 -0.163078 0.717431
v 0.000170 -0.161766 0.787500
v 0.004366 -0.163078 0.787500
v 0.004366 -0.156364 0.787500
v 0.008562 -0.162406 0.787500
v 0.000170 -0.150962 0.717431
v 0.000170 -0.150962 0.787500
v 0.004366 -0.149651 0.787500
v 0.004366 -0.149651 0.717431
v 0.004366 -0.149651 0.717431
v 0.004366 -0.149651 0.787500
v 0.012776 -0.156364 0.936040
v 0.012776 -0.152560 0.936104
v 0.008562 -0.150322 0.935977
v 0.008562 -0.156364 0.935977
v 0.000170 -0.150962 0.865908
v 0.004366 -0.149651 0.865908
v 0.004366 -0.156364 0.865908
v 0.008562 -0.150322 0.865908
v 0.000170 -0.161766 0.935977
v 0.000170 -0.161766 0.865908
v 0.004366 -0.163078 0.865908
v 0.004366 -0.163078 0.935977
v 0.004366 -0.163078 0.935977
v 0.004366 -0.163078 0.865908
v 0.000170 -0.161766 0.935977
v 0.004366 -0.163078 0.935977
v 0.004366 -0.156364 0.935977
v 0.008562 -0.162406 0.935977
v 0.000170 -0.150962 0.865908
v 0.000170 -0.150962 0.935977
v 0.004366 -0.149651 0.935977
v 0.004366 -0.149651 0.865908
v 0.004366 -0.149651 0.865908
v 0.004366 -0.149651 0.935977
v 0.052595 -0.166180 0.939459
v 0.067543 -0.166180 0.939459
v 0.063165 -0.166180 0.950029
v 0.052595 -0.166180 0.954407
v 0.037647 -0.166180 0.939459
v 0.042026 -0.166180 0.950029
v 0.042026 -0.166180 0.928889
v 0.052595 -0.166180 0.924511
v 0.063165 -0.166180 0.928889
v 0.063165 -0.164179 0.928889
v 0.067543 -0.164179 0.939459
v 0.067543 -0.166180 0.939459
v 0.063165 -0.166180 0.928889
v 0.042026 -0.164179 0.950029
v 0.037647 -0.164179 0.939459
v 0.037647 -0.166180 0.939459
v 0.042026 -0.166180 0.950029
v 0.052595 -0.164179 0.924511
v 0.063165 -0.164179 0.928889
v 0.063165 -0.166180 0.928889
v 0.052595 -0.166180 0.924511
v 0.063165 -0.164179 0.950029
v 0.052595 -0.164179 0.954407
v 0.052595 -0.166180 0.954407
v 0.063165 -0.166180 0.950029
v 0.042026 -0.164179 0.928889
v 0.052595 -0.164179 0.924511
v 0.052595 -0.166180 0.924511
v 0.042026 -0.166180 0.928889
v 0.052595 -0.164179 0.954407
v 0.042026 -0.164179 0.950029
v 0.042026 -0.166180 0.950029
v 0.052595 -0.166180 0.954407
v 0.067543 -0.164179 0.939459
v 0.063165 -0.164179 0.950029
v 0.063165 -0.166180 0.950029
v 0.067543 -0.166180 0.939459
v 0.037647 -0.164179 0.939459
v 0.042026 -0.164179 0.928889
v 0.042026 -0.166180 0.928889
v 0.037647 -0.166180 0.939459
v 0.052595 -0.166180 0.786722
v 0.067543 -0.166180 0.786722
v 0.063165 -0.166180 0.797292
v 0.052595 -0.166180 0.801670
v 0.037647 -0.166180 0.786722
v 0.042026 -0.166180 0.797292
v 0.042026 -0.166180 0.776152
v 0.052595 -0.166180 0.771774
v 0.063165 -0.166180 0.776152
v 0.063165 -0.164179 0.776152
v 0.067543 -0.164179 0.786722
v 0.067543 -0.166180 0.786722
v 0.063165 -0.166180 0.776152
v 0.042026 -0.164179 0.797292
v 0.037647 -0.164179 0.786722
v 0.037647 -0.166180 0.786722
v 0.042026 -0.166180 0.797292
v 0.052595 -0.164179 0.771774
v 0.063165 -0.164179 0.776152
v 0.063165 -0.166180 0.776152
v 0.052595 -0.166180 0.771774
v 0.063165 -0.164179 0.797292
v 0.052595 -0.164179 0.801670
v 0.052595 -0.166180 0.801670
v 0.063165 -0.166180 0.797292
v 0.042026 -0.164179 0.776152
v 0.052595 -0.164179 0.771774
v 0.052595 -0.166180 0.771774
v 0.042026 -0.166180 0.776152
v 0.052595 -0.164179 0.801670
v 0.042026 -0.164179 0.797292
v 0.042026 -0.166180 0.797292
v 0.052595 -0.166180 0.801670
v 0.067543 -0.164179 0.786722
v 0.063165 -0.164179 0.797292
v 0.063165 -0.166180 0.797292
v 0.067543 -0.166180 0.786722
v 0.037647 -0.164179 0.786722
v 0.042026 -0.164179 0.776152
v 0.042026 -0.166180 0.776152
v 0.037647 -0.166180 0.786722
v 0.004366 -0.149651 0.935977
v 0.004366 -0.163078 0.865908
v 0.012776 -0.160168 0.935977
v 0.004366 -0.149651 0.787500
v 0.004366 -0.163078 0.717431
v 0.012776 -0.160168 0.787500
v -0.002455 -0.159069 0.865908
v -0.002455 -0.159069 0.935977
v -0.003148 -0.156364 0.935977
v -0.003148 -0.156364 0.865908
v -0.002455 -0.153659 0.865908
v -0.002455 -0.159069 0.935977
v 0.012776 -0.152560 0.717431
v -0.002455 -0.159069 0.787500
v 0.012776 -0.152560 0.865908
v -0.002455 -0.153659 0.717431
v -0.002455 -0.159069 0.717431
v -0.002455 -0.159069 0.787500
v -0.003148 -0.156364 0.787500
v -0.003148 -0.156364 0.717431
v 0.012776 -0.160168 0.787500
v 0.012776 -0.160168 0.865908
v 0.012776 -0.160168 0.935977
v 0.012776 -0.160168 1.009082
v 0.017627 -0.165019 0.865921
v 0.019371 -0.165019 0.865921
v 0.019371 -0.165019 0.936104
v 0.017627 -0.165019 0.936104
v 0.017627 -0.165019 0.787500
v 0.019371 -0.165019 0.787500
v 0.017627 -0.165019 0.717431
v 0.019371 -0.165019 0.717431
v 0.019371 -0.165019 1.009082
v 0.017627 -0.165019 1.009082
v 0.017627 -0.147709 -1.009082
v 0.087563 -0.147709 -1.009082
v 0.090993 -0.149130 -1.009082
v 0.092414 -0.152560 -1.009082
v 0.092414 -0.160168 -1.009082
v 0.090993 -0.163598 -1.009082
v 0.087563 -0.165019 -1.009082
v 0.086771 -0.165019 -1.009082
v 0.019371 -0.165019 -1.009082
v 0.017627 -0.165019 -1.009082
v 0.014197 -0.163598 -1.009082
v 0.012776 -0.160168 -1.009082
v 0.012776 -0.156364 -1.009082
v 0.012776 -0.152560 -1.009082
v 0.014197 -0.149130 -1.009082
v 0.086771 -0.165019 -0.936104
v 0.086771 -0.165019 -1.009082
v 0.087563 -0.165019 -1.009082
v 0.087563 -0.165019 -0.936104
v 0.017627 -0.147709 -0.936104
v 0.087563 -0.147709 -0.936104
v 0.087563 -0.147709 -1.009082
v 0.017627 -0.147709 -1.009082
v 0.092414 -0.160168 -0.787500
v 0.092414 -0.152560 -0.787500
v 0.092414 -0.152560 -0.717431
v 0.092414 -0.160168 -0.717431
v 0.012776 -0.156364 -0.936040
v 0.012776 -0.152560 -0.936104
v 0.012776 -0.152560 -1.009082
v 0.012776 -0.156364 -1.009082
v 0.087563 -0.165019 -0.787500
v 0.090993 -0.163598 -0.787500
v 0.090993 -0.163598 -0.717431
v 0.087563 -0.165019 -0.717431
v 0.090993 -0.163598 -0.787500
v 0.092414 -0.160168 -0.787500
v 0.092414 -0.160168 -0.717431
v 0.090993 -0.163598 -0.717431
v 0.017627 -0.165019 -0.936104
v 0.014197 -0.163598 -0.936104
v 0.014197 -0.163598 -1.009082
v 0.017627 -0.165019 -1.009082
v 0.014197 -0.163598 -0.936104
v 0.012776 -0.160168 -0.935977
v 0.012776 -0.160168 -1.009082
v 0.014197 -0.163598 -1.009082
v 0.017627 -0.147709 -0.787500
v 0.014197 -0.149130 -0.787500
v 0.014197 -0.149130 -0.717431
v 0.017627 -0.147709 -0.717431
v 0.014197 -0.149130 -0.787500
v 0.012776 -0.152560 -0.787500
v 0.012776 -0.152560 -0.717431
v 0.014197 -0.149130 -0.717431
v 0.092414 -0.152560 -0.787500
v 0.090993 -0.149130 -0.787500
v 0.090993 -0.149130 -0.717431
v 0.092414 -0.152560 -0.717431
v 0.090993 -0.149130 -0.787500
v 0.087563 -0.147709 -0.787500
v 0.087563 -0.147709 -0.717431
v 0.090993 -0.149130 -0.717431
v 0.087563 -0.147709 -0.717431
v 0.017627 -0.147709 -0.717431
v 0.014197 -0.149130 -0.717431
v 0.012776 -0.152560 -0.717431
v 0.012776 -0.156364 -0.717431
v 0.012776 -0.160168 -0.717431
v 0.014197 -0.163598 -0.717431
v 0.017627 -0.165019 -0.717431
v 0.019371 -0.165019 -0.717431
v 0.086771 -0.165019 -0.717431
v 0.087563 -0.165019 -0.717431
v 0.090993 -0.163598 -0.717431
v 0.092414 -0.160168 -0.717431
v 0.092414 -0.152560 -0.717431
v 0.090993 -0.149130 -0.717431
v 0.092414 -0.152560 -0.865921
v 0.090993 -0.149130 -0.865921
v 0.014197 -0.149130 -0.865921
v 0.014197 -0.149130 -0.936104
v 0.012776 -0.152560 -0.936104
v 0.012776 -0.152560 -0.865908
v 0.017627 -0.147709 -0.865921
v 0.014197 -0.149130 -0.865921
v 0.017627 -0.147709 -0.865921
v 0.017627 -0.147709 -0.787500
v 0.087563 -0.147709 -0.787500
v 0.087563 -0.147709 -0.865921
v 0.014197 -0.163598 -0.717431
v 0.012776 -0.160168 -0.717431
v 0.012776 -0.160168 -0.787500
v 0.014197 -0.163598 -0.787500
v 0.012776 -0.160168 -0.865908
v 0.014197 -0.163598 -0.865921
v 0.017627 -0.165019 -0.717431
v 0.014197 -0.163598 -0.717431
v 0.014197 -0.163598 -0.787500
v 0.017627 -0.165019 -0.787500
v 0.014197 -0.163598 -0.865921
v 0.017627 -0.165019 -0.865921
v 0.090993 -0.163598 -0.936104
v 0.092414 -0.160168 -0.936104
v 0.092414 -0.160168 -0.865921
v 0.090993 -0.163598 -0.865921
v 0.087563 -0.165019 -0.936104
v 0.090993 -0.163598 -0.936104
v 0.090993 -0.163598 -0.865921
v 0.087563 -0.165019 -0.865921
v 0.012776 -0.160168 -0.717431
v 0.008562 -0.162406 -0.717431
v 0.008562 -0.162406 -0.787500
v 0.012776 -0.160168 -0.787500
v 0.012776 -0.156364 -0.787500
v 0.012776 -0.152560 -0.787500
v 0.012776 -0.152560 -0.865908
v 0.012776 -0.156364 -0.865908
v 0.092414 -0.160168 -0.936104
v 0.092414 -0.152560 -0.936104
v 0.092414 -0.152560 -0.865921
v 0.092414 -0.160168 -0.865921
v 0.017627 -0.147709 -0.717431
v 0.087563 -0.147709 -0.717431
v 0.000170 -0.150962 -0.935977
v -0.002455 -0.153659 -0.935977
v -0.002455 -0.153659 -0.865908
v 0.000170 -0.150962 -0.865908
v 0.086771 -0.165019 -0.717431
v 0.086771 -0.165019 -0.787500
v 0.087563 -0.165019 -0.787500
v 0.087563 -0.165019 -0.717431
v 0.086771 -0.165019 -0.865921
v 0.087563 -0.165019 -0.865921
v 0.092414 -0.160168 -1.009082
v 0.092414 -0.152560 -1.009082
v 0.087563 -0.165019 -1.009082
v 0.090993 -0.163598 -1.009082
v 0.090993 -0.163598 -1.009082
v 0.092414 -0.160168 -1.009082
v 0.017627 -0.147709 -1.009082
v 0.014197 -0.149130 -1.009082
v 0.014197 -0.149130 -0.936104
v 0.017627 -0.147709 -0.936104
v 0.014197 -0.149130 -1.009082
v 0.012776 -0.152560 -1.009082
v 0.092414 -0.152560 -1.009082
v 0.090993 -0.149130 -1.009082
v 0.090993 -0.149130 -0.936104
v 0.092414 -0.152560 -0.936104
v 0.090993 -0.149130 -1.009082
v 0.087563 -0.147709 -1.009082
v 0.087563 -0.147709 -0.936104
v 0.090993 -0.149130 -0.936104
v 0.012776 -0.152560 -0.787500
v 0.008562 -0.150322 -0.787500
v 0.008562 -0.150322 -0.717431
v 0.012776 -0.152560 -0.717431
v -0.003148 -0.156364 -0.717431
v -0.002455 -0.153659 -0.717431
v -0.002455 -0.153659 -0.787500
v -0.003148 -0.156364 -0.787500
v 0.000170 -0.161766 -0.865908
v -0.002455 -0.159069 -0.865908
v -0.002455 -0.159069 -0.935977
v 0.000170 -0.161766 -0.935977
v 0.000170 -0.156364 -0.717431
v -0.003148 -0.156364 -0.717431
v -0.002455 -0.159069 -0.717431
v 0.000170 -0.161766 -0.717431
v 0.012776 -0.156364 -0.865908
v 0.008562 -0.156364 -0.865908
v 0.008562 -0.162406 -0.865908
v 0.012776 -0.160168 -0.865908
v 0.000170 -0.156364 -0.787500
v -0.003148 -0.156364 -0.787500
v -0.002455 -0.153659 -0.787500
v 0.000170 -0.150962 -0.787500
v 0.012776 -0.156364 -0.717431
v 0.008562 -0.156364 -0.717431
v 0.008562 -0.162406 -0.717431
v 0.012776 -0.160168 -0.717431
v 0.000170 -0.156364 -0.935977
v -0.003148 -0.156364 -0.935977
v -0.002455 -0.153659 -0.935977
v 0.000170 -0.150962 -0.935977
v 0.000170 -0.156364 -0.865908
v -0.003148 -0.156364 -0.865908
v -0.002455 -0.159069 -0.865908
v 0.000170 -0.161766 -0.865908
v -0.003148 -0.156364 -0.865908
v -0.002455 -0.153659 -0.865908
v -0.002455 -0.153659 -0.935977
v -0.003148 -0.156364 -0.935977
v 0.012776 -0.152560 -0.936104
v 0.008562 -0.150322 -0.935977
v 0.008562 -0.150322 -0.865908
v 0.012776 -0.152560 -0.865908
v 0.000170 -0.161766 -0.717431
v -0.002455 -0.159069 -0.717431
v -0.002455 -0.159069 -0.787500
v 0.000170 -0.161766 -0.787500
v 0.000170 -0.150962 -0.787500
v -0.002455 -0.153659 -0.787500
v -0.002455 -0.153659 -0.717431
v 0.000170 -0.150962 -0.717431
v 0.012776 -0.156364 -0.787500
v 0.008562 -0.156364 -0.787500
v 0.008562 -0.150322 -0.787500
v 0.012776 -0.152560 -0.787500
v 0.012776 -0.160168 -0.865908
v 0.008562 -0.162406 -0.865908
v 0.008562 -0.162406 -0.935977
v 0.012776 -0.160168 -0.935977
v 0.090993 -0.149130 -0.865921
v 0.087563 -0.147709 -0.865921
v 0.004366 -0.156364 -0.717431
v 0.004366 -0.149651 -0.717431
v 0.000170 -0.150962 -0.717431
v 0.008562 -0.150322 -0.717431
v 0.000170 -0.161766 -0.787500
v 0.004366 -0.163078 -0.787500
v 0.004366 -0.163078 -0.717431
v 0.000170 -0.161766 -0.717431
v 0.004366 -0.163078 -0.787500
v 0.004366 -0.163078 -0.717431
v 0.004366 -0.156364 -0.787500
v 0.004366 -0.163078 -0.787500
v 0.000170 -0.161766 -0.787500
v 0.008562 -0.162406 -0.787500
v 0.000170 -0.150962 -0.717431
v 0.004366 -0.149651 -0.717431
v 0.004366 -0.149651 -0.787500
v 0.000170 -0.150962 -0.787500
v 0.004366 -0.149651 -0.717431
v 0.004366 -0.149651 -0.787500
v 0.012776 -0.156364 -0.936040
v 0.008562 -0.156364 -0.935977
v 0.008562 -0.150322 -0.935977
v 0.012776 -0.152560 -0.936104
v 0.004366 -0.156364 -0.865908
v 0.004366 -0.149651 -0.865908
v 0.000170 -0.150962 -0.865908
v 0.008562 -0.150322 -0.865908
v 0.000170 -0.161766 -0.935977
v 0.004366 -0.163078 -0.935977
v 0.004366 -0.163078 -0.865908
v 0.000170 -0.161766 -0.865908
v 0.004366 -0.163078 -0.935977
v 0.004366 -0.163078 -0.865908
v 0.004366 -0.156364 -0.935977
v 0.004366 -0.163078 -0.935977
v 0.000170 -0.161766 -0.935977
v 0.008562 -0.162406 -0.935977
v 0.000170 -0.150962 -0.865908
v 0.004366 -0.149651 -0.865908
v 0.004366 -0.149651 -0.935977
v 0.000170 -0.150962 -0.935977
v 0.004366 -0.149651 -0.865908
v 0.004366 -0.149651 -0.935977
v 0.052595 -0.166180 -0.939459
v 0.052595 -0.166180 -0.954407
v 0.063165 -0.166180 -0.950029
v 0.067543 -0.166180 -0.939459
v 0.037647 -0.166180 -0.939459
v 0.042026 -0.166180 -0.950029
v 0.042026 -0.166180 -0.928889
v 0.052595 -0.166180 -0.924511
v 0.063165 -0.166180 -0.928889
v 0.063165 -0.164179 -0.928889
v 0.063165 -0.166180 -0.928889
v 0.067543 -0.166180 -0.939459
v 0.067543 -0.164179 -0.939459
v 0.042026 -0.164179 -0.950029
v 0.042026 -0.166180 -0.950029
v 0.037647 -0.166180 -0.939459
v 0.037647 -0.164179 -0.939459
v 0.052595 -0.164179 -0.924511
v 0.052595 -0.166180 -0.924511
v 0.063165 -0.166180 -0.928889
v 0.063165 -0.164179 -0.928889
v 0.063165 -0.164179 -0.950029
v 0.063165 -0.166180 -0.950029
v 0.052595 -0.166180 -0.954407
v 0.052595 -0.164179 -0.954407
v 0.042026 -0.164179 -0.928889
v 0.042026 -0.166180 -0.928889
v 0.052595 -0.166180 -0.924511
v 0.052595 -0.164179 -0.924511
v 0.052595 -0.164179 -0.954407
v 0.052595 -0.166180 -0.954407
v 0.042026 -0.166180 -0.950029
v 0.042026 -0.164179 -0.950029
v 0.067543 -0.164179 -0.939459
v 0.067543 -0.166180 -0.939459
v 0.063165 -0.166180 -0.950029
v 0.063165 -0.164179 -0.950029
v 0.037647 -0.164179 -0.939459
v 0.037647 -0.166180 -0.939459
v 0.042026 -0.166180 -0.928889
v 0.042026 -0.164179 -0.928889
v 0.052595 -0.166180 -0.786722
v 0.052595 -0.166180 -0.801670
v 0.063165 -0.166180 -0.797292
v 0.067543 -0.166180 -0.786722
v 0.037647 -0.166180 -0.786722
v 0.042026 -0.166180 -0.797292
v 0.042026 -0.166180 -0.776152
v 0.052595 -0.166180 -0.771774
v 0.063165 -0.166180 -0.776152
v 0.063165 -0.164179 -0.776152
v 0.063165 -0.166180 -0.776152
v 0.067543 -0.166180 -0.786722
v 0.067543 -0.164179 -0.786722
v 0.042026 -0.164179 -0.797292
v 0.042026 -0.166180 -0.797292
v 0.037647 -0.166180 -0.786722
v 0.037647 -0.164179 -0.786722
v 0.052595 -0.164179 -0.771774
v 0.052595 -0.166180 -0.771774
v 0.063165 -0.166180 -0.776152
v 0.063165 -0.164179 -0.776152
v 0.063165 -0.164179 -0.797292
v 0.063165 -0.166180 -0.797292
v 0.052595 -0.166180 -0.801670
v 0.052595 -0.164179 -0.801670
v 0.042026 -0.164179 -0.776152
v 0.042026 -0.166180 -0.776152
v 0.052595 -0.166180 -0.771774
v 0.052595 -0.164179 -0.771774
v 0.052595 -0.164179 -0.801670
v 0.052595 -0.166180 -0.801670
v 0.042026 -0.166180 -0.797292
v 0.042026 -0.164179 -0.797292
v 0.067543 -0.164179 -0.786722
v 0.067543 -0.166180 -0.786722
v 0.063165 -0.166180 -0.797292
v 0.063165 -0.164179 -0.797292
v 0.037647 -0.164179 -0.786722
v 0.037647 -0.166180 -0.786722
v 0.042026 -0.166180 -0.776152
v 0.042026 -0.164179 -0.776152
v 0.004366 -0.149651 -0.935977
v 0.004366 -0.163078 -0.865908
v 0.012776 -0.160168 -0.935977
v 0.004366 -0.149651 -0.787500
v 0.004366 -0.163078 -0.717431
v 0.012776 -0.160168 -0.787500
v -0.002455 -0.159069 -0.865908
v -0.003148 -0.156364 -0.865908
v -0.003148 -0.156364 -0.935977
v -0.002455 -0.159069 -0.935977
v -0.002455 -0.153659 -0.865908
v -0.002455 -0.159069 -0.935977
v 0.012776 -0.152560 -0.717431
v -0.002455 -0.159069 -0.787500
v 0.012776 -0.152560 -0.865908
v -0.002455 -0.153659 -0.717431
v -0.002455 -0.159069 -0.717431
v -0.003148 -0.156364 -0.717431
v -0.003148 -0.156364 -0.787500
v -0.002455 -0.159069 -0.787500
v 0.012776 -0.160168 -0.787500
v 0.012776 -0.160168 -0.865908
v 0.012776 -0.160168 -0.935977
v 0.012776 -0.160168 -1.009082
v 0.017627 -0.165019 -0.865921
v 0.017627 -0.165019 -0.936104
v 0.019371 -0.165019 -0.936104
v 0.019371 -0.165019 -0.865921
v 0.017627 -0.165019 -0.787500
v 0.019371 -0.165019 -0.787500
v 0.017627 -0.165019 -0.717431
v 0.019371 -0.165019 -0.717431
v 0.017627 -0.165019 -1.009082
v 0.019371 -0.165019 -1.009082
v 1.685523 0.000000 1.860784
v 1.876799 0.000000 1.860784
v 1.685523 0.083059 -1.860784
v 1.876799 0.083059 -1.860784
vn -0.0000 1.0000 -0.0000
vn -0.0000 -1.0000 -0.0000
vn -1.0000 -0.0000 -0.0000
vn -0.0000 -0.0000 1.0000
vn -0.0000 -0.0000 -1.0000
vn 1.0000 -0.0000 -0.0000
vn -0.2402 -0.9406 -0.2402
vn -0.3600 -0.9194 -0.1585
vn -0.3251 -0.8881 -0.3251
vn -0.1585 -0.9194 -0.3600
vn -0.9406 -0.2402 -0.2402
vn -0.9194 -0.1584 -0.3600
vn -0.8881 -0.3250 -0.3250
vn -0.9194 -0.3599 -0.1585
vn -0.2401 -0.2401 -0.9406
vn -0.1585 -0.3599 -0.9194
vn -0.3250 -0.3250 -0.8881
vn -0.3599 -0.1584 -0.9194
vn -0.2402 0.9406 -0.2402
vn -0.1585 0.9194 -0.3599
vn -0.3251 0.8881 -0.3251
vn -0.3600 0.9194 -0.1585
vn -0.2401 0.2401 -0.9406
vn -0.3600 0.1584 -0.9194
vn -0.3250 0.3250 -0.8881
vn -0.1585 0.3599 -0.9194
vn -0.9406 0.2402 -0.2402
vn -0.9194 0.3600 -0.1585
vn -0.8881 0.3250 -0.3251
vn -0.9194 0.1584 -0.3600
vn -0.2402 -0.9406 0.2402
vn -0.1585 -0.9194 0.3599
vn -0.3251 -0.8881 0.3251
vn -0.3600 -0.9194 0.1585
vn -0.2401 -0.2401 0.9406
vn -0.3599 -0.1585 0.9194
vn -0.3250 -0.3250 0.8881
vn -0.1584 -0.3599 0.9194
vn -0.9406 -0.2402 0.2402
vn -0.9194 -0.3600 0.1585
vn -0.8881 -0.3250 0.3250
vn -0.9194 -0.1584 0.3600
vn -0.2402 0.9406 0.2402
vn -0.3600 0.9194 0.1585
vn -0.3251 0.8881 0.3251
vn -0.1585 0.9194 0.3599
vn -0.9406 0.2402 0.2402
vn -0.9194 0.1584 0.3600
vn -0.8881 0.3250 0.3251
vn -0.9194 0.3599 0.1585
vn -0.2401 0.2401 0.9406
vn -0.1585 0.3599 0.9194
vn -0.3250 0.3250 0.8881
vn -0.3599 0.1585 0.9194
vn 0.2402 0.9406 -0.2402
vn 0.3600 0.9194 -0.1585
vn 0.3251 0.8881 -0.3251
vn 0.1585 0.9194 -0.3599
vn 0.9406 0.2402 -0.2402
vn 0.9194 0.1585 -0.3599
vn 0.8881 0.3250 -0.3251
vn 0.9194 0.3599 -0.1585
vn 0.2401 0.2401 -0.9406
vn 0.1584 0.3599 -0.9194
vn 0.3250 0.3250 -0.8881
vn 0.3599 0.1584 -0.9194
vn 0.2402 -0.9406 -0.2401
vn 0.1585 -0.9194 -0.3599
vn 0.3251 -0.8881 -0.3251
vn 0.3600 -0.9194 -0.1585
vn 0.2402 -0.2401 -0.9406
vn 0.3599 -0.1584 -0.9194
vn 0.3250 -0.3250 -0.8881
vn 0.1585 -0.3599 -0.9194
vn 0.9406 -0.2402 -0.2401
vn 0.9194 -0.3600 -0.1585
vn 0.8881 -0.3250 -0.3251
vn 0.9194 -0.1585 -0.3599
vn 0.2401 -0.2401 0.9406
vn 0.1585 -0.3599 0.9194
vn 0.3250 -0.3250 0.8881
vn 0.3599 -0.1584 0.9194
vn 0.2402 -0.9406 0.2402
vn 0.3600 -0.9194 0.1585
vn 0.3251 -0.8881 0.3251
vn 0.1585 -0.9194 0.3600
vn 0.9406 -0.2402 0.2402
vn 0.9194 -0.1585 0.3599
vn 0.8881 -0.3250 0.3251
vn 0.9194 -0.3599 0.1585
vn 0.2402 0.2401 0.9406
vn 0.3599 0.1585 0.9194
vn 0.3250 0.3250 0.8881
vn 0.1585 0.3599 0.9194
vn 0.9406 0.2402 0.2401
vn 0.9194 0.3600 0.1585
vn 0.8881 0.3250 0.3251
vn 0.9194 0.1585 0.3599
vn 0.2402 0.9406 0.2401
vn 0.1585 0.9194 0.3599
vn 0.3251 0.8881 0.3251
vn 0.3600 0.9194 0.1585
vn -0.9239 0.3827 -0.0000
vn -0.3827 0.9239 -0.0000
vn -0.3827 -0.9239 -0.0000
vn -0.9239 -0.3827 -0.0000
vn -0.0000 0.9239 -0.3827
vn -0.0000 0.3827 -0.9239
vn -0.0000 -0.9239 0.3827
vn -0.0000 -0.3827 0.9239
vn -0.0000 -0.9239 -0.3827
vn -0.0000 -0.3827 -0.9239
vn -0.0000 0.3826 -0.9239
vn -0.0000 -0.3826 0.9239
vn -0.0000 0.9239 0.3827
vn -0.0000 0.3827 0.9239
vn 0.3827 -0.9239 -0.0000
vn 0.9239 -0.3827 -0.0000
vn 0.3827 0.9239 -0.0000
vn 0.9239 0.3827 -0.0000
vn -0.0000 -0.3828 0.9239
vn -0.0000 0.3826 0.9239
vn -0.1891 0.9820 -0.0000
vn -0.1921 0.9814 -0.0000
vn -0.1927 0.9813 -0.0000
vn 0.1921 0.9814 -0.0000
vn 0.1891 0.9820 -0.0000
vn 0.1927 0.9813 -0.0000
vn -0.2402 -0.2402 0.9405
vn -0.3601 -0.1585 0.9194
vn -0.3251 -0.3251 0.8880
vn -0.1585 -0.3601 0.9194
vn -0.9405 -0.2402 0.2402
vn -0.8880 -0.3251 0.3251
vn -0.9194 -0.1585 0.3600
vn -0.1584 -0.9194 0.3600
vn -0.3250 -0.8881 0.3250
vn -0.3599 -0.9194 0.1584
vn -0.2402 -0.2403 -0.9405
vn -0.1585 -0.3601 -0.9194
vn -0.3251 -0.3251 -0.8880
vn -0.3601 -0.1585 -0.9194
vn -0.3599 -0.9194 -0.1584
vn -0.3250 -0.8881 -0.3250
vn -0.1585 -0.9194 -0.3599
vn -0.9405 -0.2402 -0.2402
vn -0.9194 -0.1585 -0.3600
vn -0.8880 -0.3251 -0.3251
vn -0.9194 -0.3600 -0.1585
vn 0.2402 -0.2402 -0.9405
vn 0.3601 -0.1585 -0.9194
vn 0.3251 -0.3251 -0.8880
vn 0.1585 -0.3601 -0.9194
vn 0.9405 -0.2402 -0.2402
vn 0.9194 -0.3600 -0.1584
vn 0.8880 -0.3251 -0.3251
vn 0.9194 -0.1585 -0.3600
vn 0.2402 -0.9406 -0.2402
vn 0.1584 -0.9194 -0.3600
vn 0.3250 -0.8881 -0.3250
vn 0.3599 -0.9194 -0.1585
vn 0.2402 -0.9405 0.2402
vn 0.3251 -0.8880 0.3251
vn 0.9406 -0.2401 0.2402
vn 0.9194 -0.1585 0.3600
vn 0.2402 -0.2402 0.9406
vn 0.1585 -0.3600 0.9194
vn 0.3250 -0.3251 0.8881
vn 0.3600 -0.1585 0.9194
vn 0.3600 0.1584 0.9194
vn 0.3251 0.3249 0.8881
vn 0.1585 0.3598 0.9195
vn 0.9405 0.2402 0.2402
vn 0.9194 0.3600 0.1586
vn 0.8880 0.3250 0.3252
vn 0.9194 0.1584 0.3600
vn 0.3250 0.8881 0.3250
vn 0.3600 0.9194 0.1584
vn 0.9405 0.2402 -0.2402
vn 0.9194 0.1585 -0.3600
vn 0.8880 0.3250 -0.3252
vn 0.9194 0.3600 -0.1585
vn 0.2402 0.2401 -0.9406
vn 0.1585 0.3599 -0.9194
vn 0.3251 0.3249 -0.8881
vn 0.3600 0.1584 -0.9194
vn 0.2402 0.9406 -0.2401
vn 0.3599 0.9194 -0.1584
vn 0.3250 0.8881 -0.3250
vn 0.1584 0.9194 -0.3599
vn -0.9194 0.1585 0.3599
vn -0.8881 0.3251 0.3250
vn -0.9194 0.3600 0.1585
vn -0.2402 0.2401 0.9406
vn -0.3251 0.3249 0.8881
vn -0.3599 0.1584 0.9194
vn -0.3599 0.9194 0.1584
vn -0.3251 0.8881 0.3250
vn -0.1584 0.9194 0.3599
vn -0.2402 0.2402 -0.9406
vn -0.3599 0.1584 -0.9194
vn -0.3251 0.3249 -0.8881
vn -0.9194 0.3600 -0.1584
vn -0.8881 0.3251 -0.3250
vn -0.9194 0.1585 -0.3599
vn -0.2402 0.9405 -0.2402
vn -0.3251 0.8881 -0.3250
vn -0.2402 -0.2401 -0.9406
vn -0.1584 -0.3599 -0.9194
vn -0.3251 -0.3249 -0.8881
vn -0.3599 -0.9194 -0.1585
vn -0.3251 -0.8881 -0.3250
vn -0.1584 -0.9194 -0.3599
vn -0.9194 -0.1585 -0.3599
vn -0.8881 -0.3251 -0.3250
vn -0.3251 -0.8881 0.3250
vn -0.3600 -0.9194 0.1584
vn -0.2402 -0.2402 0.9406
vn -0.3599 -0.1584 0.9194
vn -0.3251 -0.3249 0.8881
vn -0.1585 -0.3599 0.9194
vn -0.9194 -0.3600 0.1584
vn -0.8881 -0.3251 0.3250
vn -0.9194 -0.1585 0.3599
vn -0.2402 0.2403 0.9405
vn -0.1585 0.3601 0.9194
vn -0.3251 0.3251 0.8880
vn -0.3601 0.1585 0.9194
vn -0.3600 0.9194 0.1584
vn -0.3250 0.8881 0.3250
vn -0.9405 0.2402 0.2402
vn -0.9194 0.1585 0.3600
vn -0.8880 0.3251 0.3251
vn 0.2402 0.2402 0.9405
vn 0.3601 0.1585 0.9194
vn 0.3251 0.3251 0.8880
vn 0.1585 0.3600 0.9194
vn 0.9194 0.3600 0.1584
vn 0.8880 0.3251 0.3251
vn 0.9194 0.1585 0.3600
vn 0.1584 0.9194 0.3600
vn 0.3599 0.9194 0.1585
vn 0.8880 0.3251 -0.3251
vn 0.2402 0.2403 -0.9405
vn 0.1585 0.3601 -0.9193
vn 0.3251 0.3251 -0.8880
vn 0.3601 0.1585 -0.9194
vn 0.2402 0.9405 -0.2402
vn 0.3600 0.9194 -0.1584
vn 0.1585 0.9194 -0.3600
vn -0.2402 0.2402 -0.9405
vn -0.3601 0.1585 -0.9194
vn -0.3251 0.3251 -0.8880
vn -0.1585 0.3601 -0.9194
vn -0.9405 0.2402 -0.2402
vn -0.8880 0.3251 -0.3251
vn -0.9194 0.1585 -0.3600
vn -0.2401 0.9406 -0.2402
vn -0.1584 0.9194 -0.3600
vn -0.3250 0.8881 -0.3250
vn -0.3599 0.9194 -0.1584
vn 0.3600 -0.1584 -0.9194
vn 0.3251 -0.3249 -0.8881
vn 0.1585 -0.3598 -0.9195
vn 0.9194 -0.3600 -0.1586
vn 0.8880 -0.3250 -0.3252
vn 0.9194 -0.1585 -0.3601
vn 0.3600 -0.9194 -0.1584
vn 0.2402 -0.2401 0.9406
vn 0.3251 -0.3249 0.8881
vn 0.3600 -0.1584 0.9194
vn 0.2402 -0.9406 0.2401
vn 0.3599 -0.9194 0.1584
vn 0.3250 -0.8881 0.3250
vn 0.1584 -0.9194 0.3599
vn 0.9405 -0.2402 0.2402
vn 0.8880 -0.3250 0.3252
vn 0.9194 -0.3600 0.1585
vn -0.2402 0.9406 -0.2401
vn -0.1584 0.9194 -0.3599
vn -0.3600 0.9194 -0.1584
vn -0.2402 0.2401 -0.9406
vn -0.8881 0.3251 -0.3251
vn -0.2402 0.9406 0.2401
vn -0.8881 0.3251 0.3251
vn -0.3600 0.1584 0.9194
vn -0.3915 -0.6778 -0.6224
vn -0.5137 -0.6871 -0.5137
vn -0.5137 -0.6872 -0.5137
vn -0.3915 -0.6778 -0.6223
vn -0.6222 -0.6780 -0.3914
vn -0.1995 -0.9594 -0.1996
vn -0.0964 -0.9489 -0.3005
vn -0.2024 -0.9581 -0.2025
vn -0.3004 -0.9489 -0.0964
vn -0.3915 -0.6778 0.6224
vn -0.3915 -0.6778 0.6223
vn -0.5137 -0.6871 0.5137
vn -0.5138 -0.6871 0.5138
vn -0.1995 -0.9594 0.1996
vn -0.3004 -0.9489 0.0964
vn -0.2024 -0.9581 0.2025
vn -0.0964 -0.9489 0.3005
vn -0.6222 -0.6780 0.3914
vn -0.2402 -0.2401 0.9406
vn -0.3600 -0.1584 0.9194
vn -0.8881 -0.3251 0.3251
vn -0.2402 -0.9406 0.2401
vn -0.1584 -0.9194 0.3599
vn -0.2402 -0.9406 -0.2401
vn -0.3600 -0.9194 -0.1584
vn -0.8881 -0.3251 -0.3251
vn -0.3600 -0.1584 -0.9194
vn 0.3915 -0.6779 -0.6223
vn 0.3915 -0.6779 -0.6222
vn 0.5138 -0.6871 -0.5137
vn 0.5139 -0.6871 -0.5137
vn 0.1995 -0.9593 -0.1996
vn 0.3005 -0.9489 -0.0964
vn 0.2026 -0.9581 -0.2024
vn 0.0965 -0.9489 -0.3005
vn 0.6224 -0.6778 -0.3913
vn 0.6223 -0.6779 -0.3914
vn 0.3915 -0.6778 0.6224
vn 0.5139 -0.6870 0.5137
vn 0.5138 -0.6871 0.5137
vn 0.3915 -0.6778 0.6223
vn 0.6224 -0.6778 0.3913
vn 0.6224 -0.6779 0.3913
vn 0.1995 -0.9594 0.1995
vn 0.0965 -0.9489 0.3005
vn 0.2026 -0.9581 0.2024
vn 0.3005 -0.9489 0.0964
vn 0.2402 0.2402 0.9406
vn 0.3599 0.1584 0.9194
vn 0.9406 0.2402 0.2402
vn 0.8881 0.3251 0.3251
vn 0.2402 0.9406 0.2402
vn 0.3599 0.9194 -0.1585
vn 0.8881 0.3251 -0.3250
vn 0.9194 0.3600 -0.1584
vn 0.2402 -0.2402 -0.9406
vn 0.9406 -0.2402 -0.2402
vn 0.8881 -0.3251 -0.3251
vn 0.3599 -0.9194 0.1585
vn 0.8881 -0.3251 0.3251
vn 0.1584 -0.3599 0.9194
vn 0.3915 0.6777 -0.6225
vn 0.5139 0.6870 -0.5138
vn 0.5138 0.6870 -0.5137
vn 0.3915 0.6777 -0.6224
vn 0.6224 0.6779 -0.3913
vn 0.1996 0.9593 -0.1996
vn 0.0965 0.9489 -0.3005
vn 0.2026 0.9581 -0.2024
vn 0.3005 0.9489 -0.0964
vn 0.1995 0.9594 0.1996
vn 0.3005 0.9489 0.0964
vn 0.2025 0.9581 0.2024
vn 0.0965 0.9489 0.3004
vn 0.6224 0.6779 0.3913
vn 0.5138 0.6870 0.5137
vn 0.5138 0.6871 0.5138
vn 0.6224 0.6779 0.3914
vn 0.3914 0.6778 0.6223
vn 0.3915 0.6778 0.6223
vn -0.3915 0.6778 0.6224
vn -0.5138 0.6871 0.5137
vn -0.3915 0.6778 0.6223
vn -0.6222 0.6781 0.3912
vn -0.1995 0.9593 0.1996
vn -0.0964 0.9489 0.3005
vn -0.2024 0.9581 0.2025
vn -0.3004 0.9489 0.0964
vn -0.3915 0.6777 -0.6224
vn -0.5137 0.6871 -0.5137
vn -0.5138 0.6871 -0.5138
vn -0.1995 0.9594 -0.1996
vn -0.3005 0.9489 -0.0964
vn -0.2024 0.9581 -0.2025
vn -0.0964 0.9489 -0.3005
vn -0.6222 0.6780 -0.3913
vn -0.6222 0.6781 -0.3913
vn -0.3250 -0.3251 0.8881
vn -0.1584 -0.3600 0.9194
vn -0.2402 -0.2402 -0.9406
vn -0.1585 -0.3600 -0.9194
vn -0.3251 -0.3250 -0.8881
vn -0.8881 -0.3250 -0.3251
vn -0.9194 -0.3599 0.1585
vn -0.8881 -0.3250 0.3251
vn -0.1585 -0.9194 0.3600
vn -0.3600 -0.1585 0.9194
vn -0.3251 -0.3250 0.8881
vn -0.1585 -0.3600 0.9194
vn -0.1584 -0.3600 -0.9194
vn -0.3250 -0.3251 -0.8881
vn -0.3600 -0.1585 -0.9194
vn -0.1584 -0.9194 -0.3600
vn -0.9194 -0.3600 -0.1584
vn -0.6225 -0.6778 -0.3913
vn -0.6224 -0.6778 -0.3913
vn -0.5138 -0.6870 -0.5138
vn -0.1995 -0.9594 -0.1995
vn -0.0964 -0.9489 -0.3004
vn -0.2025 -0.9581 -0.2025
vn -0.3913 -0.6778 -0.6225
vn -0.5138 -0.6871 -0.5138
vn -0.3914 -0.6778 -0.6224
vn -0.6225 -0.6778 0.3913
vn -0.5138 -0.6870 0.5138
vn -0.6224 -0.6778 0.3913
vn -0.3913 -0.6778 0.6224
vn -0.1995 -0.9594 0.1995
vn -0.3005 -0.9489 0.0964
vn -0.2025 -0.9581 0.2025
vn -0.0964 -0.9489 0.3004
vn -0.3005 -0.9489 -0.0964
vn -0.3913 -0.6778 -0.6224
vn -0.3913 -0.6778 0.6225
vn -0.6778 -0.3913 0.6225
vn -0.6870 -0.5138 0.5138
vn -0.6871 -0.5138 0.5138
vn -0.6778 -0.3914 0.6224
vn -0.6778 -0.6225 0.3913
vn -0.6778 -0.6224 0.3913
vn -0.9594 -0.1995 0.1995
vn -0.9489 -0.0964 0.3004
vn -0.9581 -0.2025 0.2025
vn -0.9489 -0.3004 0.0964
vn -0.6778 -0.6225 -0.3913
vn -0.6870 -0.5138 -0.5138
vn -0.6778 -0.3913 -0.6225
vn -0.9594 -0.1995 -0.1995
vn -0.9489 -0.3005 -0.0964
vn -0.9581 -0.2025 -0.2025
vn -0.9489 -0.0964 -0.3004
vn -0.9489 -0.0964 0.3005
vn -0.6778 -0.3913 -0.6224
vn -0.6871 -0.5138 -0.5138
vn -0.9489 -0.0964 -0.3005
vn -0.6778 -0.6224 -0.3913
vn -0.6778 -0.6224 -0.3914
vn -0.3599 -0.1585 -0.9194
vn -0.3250 -0.8881 -0.3251
vn -0.9194 -0.3599 0.1584
vn -0.3250 -0.8881 0.3251
vn 0.3828 -0.0000 -0.9238
vn 0.9239 -0.0000 -0.3827
vn -0.0000 -0.3828 0.9238
vn 0.9238 0.3828 -0.0000
vn 0.3828 0.9238 -0.0000
vn -0.9239 -0.0000 -0.3826
vn -0.3826 -0.0000 -0.9239
vn 0.9238 -0.3828 -0.0000
vn 0.3828 -0.0000 0.9238
vn 0.9239 -0.0000 0.3827
vn -0.9239 -0.0000 0.3826
vn -0.3826 -0.0000 0.9239
vn -0.0000 -0.3830 0.9237
vn -0.9238 -0.3828 -0.0000
vn -0.0000 -0.3829 -0.9238
vn 0.3826 -0.0000 0.9239
vn 0.9239 -0.0000 0.3826
vn 0.9239 -0.0000 -0.3826
vn 0.3826 -0.0000 -0.9239
vn -0.0000 0.3830 -0.9237
vn -0.9238 0.3828 -0.0000
vn -0.9238 -0.0000 0.3828
vn -0.9238 -0.0000 0.3829
vn -0.3828 -0.0000 0.9238
vn -0.3829 -0.0000 0.9238
vn 0.3830 -0.0000 0.9238
vn 0.9238 -0.0000 0.3828
vn -0.3829 -0.0000 -0.9238
vn -0.3828 -0.0000 -0.9238
vn -0.9238 -0.0000 -0.3829
vn -0.9239 -0.0000 -0.3827
vn 0.9205 0.3907 -0.0000
vn 0.9171 0.3987 -0.0000
vn 0.3771 0.9262 -0.0000
vn 0.3715 0.9284 -0.0000
vn -0.9171 0.3987 -0.0000
vn -0.9205 0.3907 -0.0000
vn -0.3715 0.9284 -0.0000
vn -0.3771 0.9262 -0.0000
vn -0.3827 -0.0000 0.9239
vn -0.0000 -0.3826 -0.9239
vn -0.3760 0.9266 -0.0000
vn -0.9212 0.3891 -0.0000
vn -0.9198 0.3923 -0.0000
vn 0.3760 0.9266 -0.0000
vn 0.9212 0.3891 -0.0000
vn 0.9198 0.3923 -0.0000
vn 0.9238 -0.0000 -0.3828
vn 0.3830 -0.0000 -0.9238
vn 0.3827 -0.0000 -0.9239
vn -0.3827 -0.0000 -0.9239
vn -0.9239 -0.0000 0.3827
vn 0.1585 -0.9194 -0.3600
vn 0.3251 -0.8881 -0.3250
vn 0.2401 -0.2401 -0.9406
vn 0.1584 -0.3599 -0.9194
vn 0.9406 -0.2401 -0.2401
vn 0.9194 -0.3599 -0.1584
vn 0.8881 -0.3250 -0.3250
vn 0.9194 -0.1584 -0.3599
vn 0.3251 -0.8881 0.3250
vn 0.9406 -0.2401 0.2401
vn 0.9194 -0.1584 0.3599
vn 0.8881 -0.3250 0.3250
vn 0.2401 -0.2402 0.9406
vn 0.3599 -0.1585 0.9194
vn -0.2401 -0.2402 -0.9406
vn 0.1585 0.9194 0.3600
vn 0.3251 0.8881 0.3250
vn 0.3600 0.1585 0.9194
vn 0.9406 0.2401 0.2402
vn 0.9194 0.3599 0.1585
vn 0.8881 0.3250 0.3250
vn 0.9194 0.1584 0.3599
vn -0.3599 0.9194 0.1585
vn -0.1585 0.9194 0.3600
vn -0.2402 0.2402 0.9405
vn -0.1585 0.3600 0.9194
vn -0.3251 0.3251 0.8881
vn -0.3600 0.1585 0.9194
vn 0.2402 -0.2402 0.9405
vn 0.3251 -0.3251 0.8880
vn 0.3600 -0.9194 0.1584
vn 0.9194 -0.3599 0.1584
vn 0.3600 -0.1585 -0.9194
vn 0.1585 -0.3600 -0.9194
vn 0.9406 -0.2401 -0.2402
vn 0.9194 -0.3599 -0.1585
vn 0.9194 -0.1584 -0.3600
vn -0.1585 0.9194 -0.3600
vn -0.3600 0.1585 -0.9194
vn -0.3251 0.3251 -0.8881
vn -0.1585 0.3600 -0.9194
vn -0.2402 -0.2402 -0.9405
vn -0.3251 -0.3251 -0.8881
vn -0.3251 -0.3251 0.8881
vn -0.2402 -0.9405 0.2402
vn 0.9406 0.2401 -0.2402
vn 0.9194 0.3599 -0.1584
vn 0.2402 0.2402 -0.9405
vn 0.1585 0.3600 -0.9194
vn 0.3600 0.1585 -0.9194
vn 0.3251 0.8881 -0.3250
vn 0.9406 0.2401 -0.2401
vn 0.8881 0.3250 -0.3250
vn 0.2401 0.2402 -0.9406
vn 0.3599 0.1585 -0.9194
vn -0.3599 0.1585 -0.9194
vn -0.1584 0.3600 -0.9194
vn -0.9194 0.3599 -0.1585
vn -0.2401 0.2402 0.9406
vn 0.9406 0.2401 0.2401
vn 0.9194 0.3599 0.1584
vn 0.2401 0.2401 0.9406
vn -0.0000 -0.9239 0.3826
vn -0.0000 -0.9239 -0.3826
vn -0.0000 0.3828 0.9238
vn -0.0000 0.3828 -0.9238
vn -0.0000 0.9239 -0.3826
vn -0.0000 0.9239 0.3826
vn 0.4690 -0.8832 -0.0000
vn 0.3178 -0.9481 -0.0000
vn 0.3178 -0.9482 -0.0000
vn -0.7166 0.6975 -0.0000
vn 0.4690 0.8832 -0.0000
vn 0.3178 0.9481 -0.0000
vn 0.3178 0.9482 -0.0000
vn -0.9687 0.2482 -0.0000
vn -0.7166 -0.6975 -0.0000
vn 0.3191 0.9477 -0.0000
vn -0.2984 -0.9545 -0.0000
vn 0.1580 -0.9874 -0.0000
vn -0.2984 0.9545 -0.0000
vn 0.1580 0.9874 -0.0000
vn -0.0150 -0.0064 0.9999
vn -0.0242 -0.0064 0.9997
vn -0.0093 -0.0024 1.0000
vn -0.0074 -0.0032 1.0000
vn -0.0022 -0.0024 1.0000
vn 0.3827 -0.0000 0.9239
vn -0.0056 -0.0063 1.0000
vn -0.9687 -0.2482 -0.0000
vn -0.0150 -0.0064 -0.9999
vn -0.0074 -0.0032 -1.0000
vn -0.0093 -0.0024 -1.0000
vn -0.0242 -0.0064 -0.9997
vn -0.0022 -0.0024 -1.0000
vn -0.0056 -0.0063 -1.0000
vn -0.0000 -0.0003 -1.0000
vt 0.671669 0.532638
vt 0.671669 0.477822
vt 0.616303 0.477822
vt 0.616303 0.532638
vt 0.085650 0.914874
vt 0.030129 0.914874
vt 0.030129 0.970396
vt 0.085650 0.970396
vt 0.339476 0.698751
vt 0.339476 0.643380
vt 0.284111 0.643380
vt 0.284111 0.698751
vt 0.339476 0.588009
vt 0.284111 0.588009
vt 0.339476 0.532638
vt 0.284111 0.532638
vt 0.392215 0.030740
vt 0.342122 0.030809
vt 0.342132 0.039807
vt 0.392246 0.039777
vt 0.091672 0.031020
vt 0.041596 0.030123
vt 0.041817 0.040858
vt 0.091704 0.040058
vt 0.196694 0.914874
vt 0.141172 0.914874
vt 0.141172 0.970396
vt 0.196694 0.970396
vt 0.141172 0.526218
vt 0.085650 0.526218
vt 0.085650 0.581740
vt 0.141172 0.581740
vt 0.085650 0.637262
vt 0.141172 0.637262
vt 0.085650 0.692785
vt 0.141172 0.692785
vt 0.085650 0.748307
vt 0.141172 0.748307
vt 0.085650 0.803829
vt 0.141172 0.803829
vt 0.085650 0.859351
vt 0.141172 0.859351
vt 0.196694 0.526218
vt 0.196694 0.581740
vt 0.196694 0.637262
vt 0.196694 0.692785
vt 0.196694 0.748307
vt 0.196694 0.803829
vt 0.196694 0.859351
vt 0.442101 0.029939
vt 0.442322 0.040675
vt 0.251659 0.637262
vt 0.251659 0.692785
vt 0.251659 0.748307
vt 0.251659 0.803829
vt 0.251659 0.859351
vt 0.251659 0.914874
vt 0.728670 0.643380
vt 0.728670 0.698751
vt 0.753643 0.698751
vt 0.753643 0.643380
vt 0.251659 0.972264
vt 0.196694 0.972264
vt 0.196694 0.997080
vt 0.251659 0.997080
vt 0.292037 0.030853
vt 0.292048 0.039854
vt 0.241954 0.030898
vt 0.241964 0.039899
vt 0.191870 0.030944
vt 0.191881 0.039944
vt 0.141786 0.030990
vt 0.141797 0.039989
vt 0.251659 0.581740
vt 0.727034 0.588009
vt 0.727034 0.532638
vt 0.671669 0.588009
vt 0.616303 0.588009
vt 0.560938 0.532638
vt 0.560938 0.588009
vt 0.505573 0.532638
vt 0.505572 0.588009
vt 0.450207 0.532638
vt 0.450207 0.588009
vt 0.394842 0.532638
vt 0.394842 0.588009
vt 0.727034 0.643380
vt 0.671669 0.643380
vt 0.616303 0.643380
vt 0.560938 0.643380
vt 0.505572 0.643380
vt 0.450207 0.643380
vt 0.394842 0.643380
vt 0.727034 0.698751
vt 0.671669 0.698751
vt 0.616303 0.698751
vt 0.560938 0.698751
vt 0.505572 0.698751
vt 0.450207 0.698751
vt 0.394842 0.698751
vt 0.030129 0.526218
vt 0.030129 0.581740
vt 0.030129 0.637262
vt 0.030129 0.692785
vt 0.030129 0.748307
vt 0.030129 0.803829
vt 0.030129 0.859351
vt 0.039111 0.040982
vt 0.038913 0.029986
vt 0.003262 0.028166
vt 0.003160 0.042624
vt 0.394842 0.477822
vt 0.339476 0.477822
vt 0.450207 0.477822
vt 0.505573 0.477822
vt 0.560938 0.477822
vt 0.444477 0.029830
vt 0.444678 0.040795
vt 0.480656 0.042631
vt 0.480758 0.028173
vt 0.251659 0.970396
vt 0.728670 0.477822
vt 0.728670 0.532638
vt 0.753644 0.532638
vt 0.753644 0.477822
vt 0.519607 0.015604
vt 0.519338 0.004753
vt 0.483160 0.003172
vt 0.483166 0.017517
vt 0.143526 0.050146
vt 0.093834 0.050563
vt 0.093936 0.059523
vt 0.143608 0.059068
vt 0.028496 0.972264
vt 0.028496 0.970396
vt 0.002924 0.970396
vt 0.002924 0.972264
vt 0.671669 0.700379
vt 0.616303 0.700379
vt 0.616303 0.725881
vt 0.671669 0.725881
vt 0.028496 0.524577
vt 0.028496 0.499533
vt 0.002924 0.499533
vt 0.002924 0.524577
vt 0.042138 0.060801
vt 0.041869 0.049951
vt 0.005691 0.048370
vt 0.005697 0.062715
vt 0.967256 0.476404
vt 0.967187 0.426311
vt 0.958189 0.426322
vt 0.958219 0.476435
vt 0.966976 0.175862
vt 0.967874 0.125786
vt 0.957138 0.126007
vt 0.957939 0.175893
vt 0.967006 0.225976
vt 0.958008 0.225986
vt 0.967143 0.376227
vt 0.958142 0.376238
vt 0.284111 0.477822
vt 0.670767 0.013527
vt 0.719276 0.014342
vt 0.719047 0.003176
vt 0.670663 0.004474
vt 0.028496 0.581740
vt 0.028496 0.526218
vt 0.002924 0.526218
vt 0.002924 0.581740
vt 0.968057 0.526291
vt 0.957321 0.526512
vt 0.141172 0.972264
vt 0.141172 0.997080
vt 0.282248 0.698751
vt 0.282248 0.643380
vt 0.257502 0.643380
vt 0.257502 0.698751
vt 0.085650 0.972264
vt 0.030129 0.972264
vt 0.030129 0.997080
vt 0.085650 0.997080
vt 0.728670 0.588009
vt 0.753644 0.588009
vt 0.728670 0.700379
vt 0.727034 0.700379
vt 0.727034 0.725881
vt 0.728670 0.725881
vt 0.241578 0.048372
vt 0.193193 0.049670
vt 0.193297 0.058723
vt 0.241807 0.059538
vt 0.282248 0.532638
vt 0.282248 0.477822
vt 0.257502 0.477822
vt 0.257502 0.532638
vt 0.085650 0.524577
vt 0.141172 0.524577
vt 0.141172 0.499533
vt 0.085650 0.499533
vt 0.621077 0.013871
vt 0.620995 0.004949
vt 0.196694 0.524577
vt 0.196694 0.499533
vt 0.571406 0.014326
vt 0.571304 0.005366
vt 0.282248 0.700379
vt 0.257502 0.700379
vt 0.257502 0.725881
vt 0.282248 0.725881
vt 0.251659 0.526218
vt 0.044178 0.050052
vt 0.044464 0.060679
vt 0.282248 0.588009
vt 0.257502 0.588009
vt 0.727034 0.477822
vt 0.957015 0.123301
vt 0.968011 0.123102
vt 0.969830 0.087452
vt 0.955372 0.087350
vt 0.339476 0.700379
vt 0.284111 0.700379
vt 0.284111 0.725881
vt 0.339476 0.725881
vt 0.028496 0.803829
vt 0.028496 0.748307
vt 0.002924 0.748307
vt 0.002924 0.803829
vt 0.028496 0.692785
vt 0.002924 0.692785
vt 0.028496 0.637262
vt 0.002924 0.637262
vt 0.968165 0.528667
vt 0.957201 0.528868
vt 0.955365 0.564846
vt 0.969823 0.564948
vt 0.394842 0.700379
vt 0.394842 0.725881
vt 0.028496 0.914874
vt 0.002924 0.914874
vt 0.030129 0.524577
vt 0.030129 0.499533
vt 0.028496 0.859351
vt 0.002924 0.859351
vt 0.560938 0.700379
vt 0.560938 0.725881
vt 0.521933 0.015482
vt 0.521647 0.004854
vt 0.505572 0.700379
vt 0.505572 0.725881
vt 0.967053 0.276060
vt 0.958052 0.276071
vt 0.450207 0.700379
vt 0.450207 0.725881
vt 0.967098 0.326144
vt 0.958097 0.326154
vt 0.251659 0.499533
vt 0.252073 0.499533
vt 0.252073 0.499125
vt 0.251659 0.499125
vt 0.481404 0.028134
vt 0.481304 0.027603
vt 0.480772 0.027512
vt 0.241821 0.060190
vt 0.242311 0.060066
vt 0.242358 0.059566
vt 0.754051 0.477822
vt 0.754051 0.477409
vt 0.753644 0.477409
vt 0.242137 0.048326
vt 0.242075 0.047826
vt 0.241582 0.047714
vt 0.480664 0.043282
vt 0.481188 0.043196
vt 0.481290 0.042676
vt 0.251659 0.997488
vt 0.252073 0.997488
vt 0.252073 0.997080
vt 0.719606 0.003130
vt 0.719544 0.002630
vt 0.719052 0.002518
vt 0.003254 0.027514
vt 0.002730 0.027600
vt 0.002628 0.028121
vt 0.257502 0.477409
vt 0.257094 0.477409
vt 0.257094 0.477822
vt 0.002514 0.042663
vt 0.002614 0.043194
vt 0.003146 0.043285
vt 0.719290 0.014994
vt 0.719780 0.014871
vt 0.719827 0.014370
vt 0.753643 0.725881
vt 0.753643 0.726294
vt 0.754051 0.726294
vt 0.754051 0.725881
vt 0.969862 0.565594
vt 0.970392 0.565494
vt 0.970483 0.564962
vt 0.005679 0.047718
vt 0.005157 0.047808
vt 0.005059 0.048329
vt 0.002924 0.499125
vt 0.002510 0.499125
vt 0.002510 0.499533
vt 0.005054 0.062759
vt 0.005157 0.063287
vt 0.005688 0.063375
vt 0.954713 0.564854
vt 0.954799 0.565378
vt 0.955319 0.565480
vt 0.483148 0.002521
vt 0.482626 0.002611
vt 0.482528 0.003131
vt 0.002924 0.997080
vt 0.002510 0.997080
vt 0.002510 0.997488
vt 0.002924 0.997488
vt 0.955333 0.086703
vt 0.954803 0.086803
vt 0.954712 0.087336
vt 0.482523 0.017561
vt 0.482626 0.018090
vt 0.483157 0.018178
vt 0.970482 0.087444
vt 0.970396 0.086920
vt 0.969876 0.086818
vt 0.257094 0.725881
vt 0.257094 0.726294
vt 0.257502 0.726294
vt 0.041837 0.041617
vt 0.091706 0.040929
vt 0.339476 0.477409
vt 0.284111 0.477409
vt 0.252073 0.970396
vt 0.252073 0.914874
vt 0.091683 0.030147
vt 0.041623 0.029368
vt 0.392235 0.040650
vt 0.442295 0.041429
vt 0.727034 0.477409
vt 0.671669 0.477409
vt 0.342128 0.040681
vt 0.616303 0.477409
vt 0.292044 0.040727
vt 0.560938 0.477409
vt 0.241961 0.040772
vt 0.505573 0.477409
vt 0.191877 0.040818
vt 0.450207 0.477409
vt 0.141793 0.040862
vt 0.394842 0.477409
vt 0.252073 0.581740
vt 0.252073 0.526218
vt 0.442081 0.029180
vt 0.392212 0.029868
vt 0.252073 0.637262
vt 0.342125 0.029935
vt 0.252073 0.692785
vt 0.292041 0.029980
vt 0.252073 0.748307
vt 0.241957 0.030025
vt 0.252073 0.803829
vt 0.191874 0.030070
vt 0.252073 0.859351
vt 0.141790 0.030117
vt 0.754051 0.698751
vt 0.754051 0.643380
vt 0.093839 0.049697
vt 0.044199 0.049306
vt 0.030129 0.997488
vt 0.085650 0.997488
vt 0.571308 0.004500
vt 0.521668 0.004109
vt 0.085650 0.499125
vt 0.030129 0.499125
vt 0.044489 0.061437
vt 0.093945 0.060387
vt 0.141172 0.499125
vt 0.143611 0.059934
vt 0.196694 0.499125
vt 0.193291 0.059580
vt 0.754051 0.532638
vt 0.193184 0.048805
vt 0.754051 0.588009
vt 0.143522 0.049280
vt 0.196694 0.997488
vt 0.670653 0.003609
vt 0.141172 0.997488
vt 0.620991 0.004083
vt 0.257094 0.643380
vt 0.257094 0.698751
vt 0.521958 0.016240
vt 0.571414 0.015190
vt 0.257094 0.588009
vt 0.621080 0.014738
vt 0.257094 0.532638
vt 0.670760 0.014384
vt 0.039128 0.041734
vt 0.282248 0.477409
vt 0.728670 0.477409
vt 0.444654 0.041543
vt 0.251659 0.524577
vt 0.252073 0.524577
vt 0.444460 0.029077
vt 0.038937 0.029238
vt 0.252073 0.972264
vt 0.002510 0.526218
vt 0.002510 0.581740
vt 0.957345 0.476425
vt 0.956566 0.526485
vt 0.284111 0.726294
vt 0.339476 0.726294
vt 0.967849 0.175873
vt 0.968628 0.125812
vt 0.002510 0.914874
vt 0.002510 0.970396
vt 0.956379 0.126026
vt 0.957067 0.175896
vt 0.002510 0.859351
vt 0.957134 0.225983
vt 0.002510 0.803829
vt 0.957179 0.276067
vt 0.002510 0.748307
vt 0.957224 0.326151
vt 0.002510 0.692785
vt 0.957269 0.376234
vt 0.002510 0.637262
vt 0.957315 0.426318
vt 0.671669 0.726294
vt 0.727034 0.726294
vt 0.968815 0.526271
vt 0.968128 0.476402
vt 0.616303 0.726294
vt 0.968061 0.426315
vt 0.560938 0.726294
vt 0.968016 0.376231
vt 0.505572 0.726294
vt 0.967971 0.326147
vt 0.450207 0.726294
vt 0.967926 0.276064
vt 0.394842 0.726294
vt 0.967880 0.225980
vt 0.728670 0.726294
vt 0.968918 0.528650
vt 0.002510 0.524577
vt 0.956452 0.528844
vt 0.956263 0.123318
vt 0.002510 0.972264
vt 0.968758 0.123127
vt 0.282248 0.726294
vt 0.041887 0.049211
vt 0.754051 0.700379
vt 0.753644 0.700379
vt 0.519357 0.004014
vt 0.028496 0.997488
vt 0.028496 0.997080
vt 0.257094 0.700379
vt 0.519630 0.016356
vt 0.042161 0.061554
vt 0.028496 0.499125
vt 0.003150 0.136935
vt 0.002780 0.148429
vt 0.024545 0.146873
vt 0.023986 0.137454
vt 0.882738 0.942685
vt 0.866236 0.942622
vt 0.866684 0.951750
vt 0.883231 0.952055
vt 0.881388 0.056004
vt 0.881806 0.046887
vt 0.864522 0.047650
vt 0.864739 0.055554
vt 0.857132 0.516642
vt 0.839664 0.516642
vt 0.836196 0.533694
vt 0.859597 0.534557
vt 0.756746 0.055998
vt 0.756725 0.063883
vt 0.863799 0.064925
vt 0.991728 0.199060
vt 0.992661 0.092990
vt 0.983325 0.092398
vt 0.983771 0.199063
vt 0.123715 0.145414
vt 0.169441 0.143468
vt 0.169244 0.136149
vt 0.123724 0.136320
vt 0.787730 0.917915
vt 0.785311 0.918178
vt 0.790446 0.967804
vt 0.793086 0.967479
vt 0.983346 0.534999
vt 0.982701 0.519107
vt 0.975096 0.518977
vt 0.974721 0.535258
vt 0.984059 0.076476
vt 0.975413 0.076110
vt 0.975699 0.092493
vt 0.373755 0.101522
vt 0.373755 0.123483
vt 0.489977 0.123483
vt 0.489977 0.101522
vt 0.792899 0.519495
vt 0.768652 0.518270
vt 0.768103 0.545680
vt 0.791062 0.547015
vt 0.436004 0.054901
vt 0.436150 0.047302
vt 0.419890 0.046855
vt 0.420116 0.055466
vt 0.839062 0.946299
vt 0.860239 0.946585
vt 0.860058 0.895909
vt 0.838723 0.895753
vt 0.756861 0.048510
vt 0.855216 0.545247
vt 0.859572 0.535218
vt 0.836147 0.534330
vt 0.838327 0.544367
vt 0.508399 0.123483
vt 0.508399 0.101522
vt 0.070469 0.163543
vt 0.022780 0.167611
vt 0.023565 0.176607
vt 0.070694 0.173510
vt 0.766448 0.968442
vt 0.767449 0.997028
vt 0.792635 0.996682
vt 0.840772 0.775162
vt 0.840950 0.701186
vt 0.839008 0.701226
vt 0.839090 0.775148
vt 0.779199 0.754786
vt 0.762707 0.754705
vt 0.760887 0.835143
vt 0.777652 0.836948
vt 0.988296 0.610682
vt 0.978189 0.607626
vt 0.979520 0.627386
vt 0.988947 0.625631
vt 0.456369 0.137693
vt 0.455873 0.147042
vt 0.477421 0.148442
vt 0.477051 0.137065
vt 0.257841 0.741108
vt 0.276375 0.741105
vt 0.275706 0.731664
vt 0.257173 0.731667
vt 0.989471 0.598530
vt 0.989473 0.595783
vt 0.970328 0.597047
vt 0.969980 0.600128
vt 0.106557 0.210061
vt 0.106772 0.189861
vt 0.004077 0.186991
vt 0.003073 0.213329
vt 0.881955 0.882411
vt 0.865453 0.882348
vt 0.865901 0.891476
vt 0.882447 0.891781
vt 0.959986 0.611074
vt 0.960070 0.626062
vt 0.979026 0.627414
vt 0.977569 0.607661
vt 0.837333 0.603576
vt 0.839696 0.603596
vt 0.840741 0.552277
vt 0.837614 0.552164
vt 0.885545 0.942585
vt 0.886011 0.952031
vt 0.868663 0.936497
vt 0.881344 0.930301
vt 0.879889 0.927967
vt 0.866809 0.934234
vt 0.394144 0.163997
vt 0.346929 0.159680
vt 0.346824 0.174761
vt 0.393975 0.173964
vt 0.006668 0.101522
vt 0.006668 0.123483
vt 0.025091 0.123483
vt 0.025091 0.101522
vt 0.885174 0.071613
vt 0.881390 0.056493
vt 0.865358 0.056125
vt 0.869736 0.077674
vt 0.394248 0.156862
vt 0.347113 0.154647
vt 0.971799 0.577089
vt 0.962000 0.578728
vt 0.960570 0.593875
vt 0.969823 0.596991
vt 0.860703 0.603164
vt 0.862033 0.554311
vt 0.856054 0.775221
vt 0.858640 0.701930
vt 0.786050 0.593853
vt 0.766756 0.592375
vt 0.762748 0.638287
vt 0.779976 0.641451
vt 0.311445 0.144587
vt 0.357262 0.146219
vt 0.357172 0.137114
vt 0.311693 0.137287
vt 0.836749 0.946339
vt 0.836316 0.895741
vt 0.406745 0.137021
vt 0.406921 0.145662
vt 0.837462 0.654623
vt 0.839873 0.654595
vt 0.979579 0.630417
vt 0.989406 0.628234
vt 0.788329 0.594112
vt 0.783207 0.641565
vt 0.073933 0.136521
vt 0.073807 0.145206
vt 0.781280 0.754799
vt 0.780308 0.836801
vt 0.764996 0.919703
vt 0.240503 0.130420
vt 0.169492 0.128848
vt 0.240469 0.136717
vt 0.778252 0.671409
vt 0.761228 0.673304
vt 0.779185 0.867650
vt 0.760786 0.871367
vt 0.232363 0.155147
vt 0.152334 0.153137
vt 0.152333 0.157806
vt 0.232335 0.159721
vt 0.839551 0.849157
vt 0.857350 0.848415
vt 0.123639 0.127200
vt 0.357175 0.128042
vt 0.311498 0.129968
vt 0.883639 0.987971
vt 0.883070 0.959677
vt 0.881128 0.960032
vt 0.881725 0.987736
vt 0.240436 0.143015
vt 0.837609 0.849104
vt 0.441870 0.167723
vt 0.441154 0.176719
vt 0.461899 0.178585
vt 0.461813 0.167603
vt 0.882129 0.927745
vt 0.881637 0.899438
vt 0.879693 0.899787
vt 0.880216 0.927504
vt 0.866560 0.896338
vt 0.866646 0.933699
vt 0.879669 0.927514
vt 0.879178 0.899813
vt 0.117695 0.158825
vt 0.117442 0.153784
vt 0.312261 0.158816
vt 0.312272 0.154147
vt 0.070320 0.156411
vt 0.023107 0.156461
vt 0.796879 0.996343
vt 0.861350 0.654038
vt 0.984285 0.752731
vt 0.984288 0.771264
vt 0.993730 0.770595
vt 0.993727 0.752062
vt 0.870198 0.996764
vt 0.882862 0.990529
vt 0.881400 0.988200
vt 0.868338 0.994505
vt 0.073870 0.127410
vt 0.024576 0.125801
vt 0.959938 0.628775
vt 0.979101 0.630411
vt 0.406771 0.127968
vt 0.989323 0.580796
vt 0.972401 0.577165
vt 0.884762 0.882311
vt 0.885228 0.891757
vt 0.976339 0.198949
vt 0.959788 0.596531
vt 0.969486 0.600103
vt 0.002861 0.167582
vt 0.002762 0.178576
vt 0.796908 0.519924
vt 0.793539 0.547276
vt 0.868078 0.956104
vt 0.880754 0.959624
vt 0.881676 0.957287
vt 0.869400 0.953832
vt 0.867985 0.956607
vt 0.868173 0.993971
vt 0.881178 0.987748
vt 0.880615 0.960058
vt 0.152811 0.170232
vt 0.232362 0.169419
vt 0.866653 0.895836
vt 0.879318 0.899377
vt 0.880248 0.897062
vt 0.867982 0.893567
vt 0.859142 0.076079
vt 0.858900 0.076104
vt 0.858946 0.076277
vt 0.859125 0.076298
vt 0.420463 0.213343
vt 0.420456 0.214039
vt 0.420967 0.213914
vt 0.421013 0.213391
vt 0.992070 0.518512
vt 0.992086 0.518707
vt 0.992250 0.518681
vt 0.992284 0.518518
vt 0.838105 0.544401
vt 0.838142 0.544584
vt 0.838325 0.544617
vt 0.992874 0.092988
vt 0.992842 0.092824
vt 0.992679 0.092796
vt 0.002510 0.213352
vt 0.002534 0.213895
vt 0.003058 0.214045
vt 0.959591 0.596479
vt 0.959570 0.596641
vt 0.959715 0.596718
vt 0.837921 0.997204
vt 0.837568 0.997218
vt 0.837644 0.997473
vt 0.837910 0.997484
vt 0.441490 0.156561
vt 0.441740 0.156545
vt 0.441725 0.156309
vt 0.441497 0.156246
vt 0.023102 0.156147
vt 0.022873 0.156209
vt 0.022858 0.156445
vt 0.837600 0.551877
vt 0.837327 0.551890
vt 0.837251 0.552152
vt 0.989454 0.628422
vt 0.989601 0.628365
vt 0.989600 0.628207
vt 0.984027 0.771277
vt 0.984083 0.771472
vt 0.984285 0.771485
vt 0.508405 0.123647
vt 0.508539 0.123623
vt 0.508564 0.123489
vt 0.882020 0.046877
vt 0.881999 0.046686
vt 0.881811 0.046640
vt 0.006504 0.123489
vt 0.006529 0.123622
vt 0.006663 0.123647
vt 0.275928 0.731643
vt 0.275901 0.731448
vt 0.275709 0.731406
vt 0.419885 0.046625
vt 0.419711 0.046667
vt 0.419692 0.046845
vt 0.768651 0.517829
vt 0.768284 0.517872
vt 0.768196 0.518232
vt 0.865693 0.891492
vt 0.865716 0.891673
vt 0.865893 0.891714
vt 0.477421 0.148744
vt 0.477652 0.148692
vt 0.477680 0.148458
vt 0.866225 0.942386
vt 0.866046 0.942433
vt 0.866030 0.942616
vt 0.766974 0.997062
vt 0.767059 0.997433
vt 0.767435 0.997486
vt 0.002515 0.148446
vt 0.002545 0.148685
vt 0.002781 0.148737
vt 0.885743 0.942567
vt 0.885710 0.942407
vt 0.885548 0.942381
vt 0.461891 0.178877
vt 0.462116 0.178832
vt 0.462148 0.178607
vt 0.796939 0.996704
vt 0.797256 0.996632
vt 0.797297 0.996309
vt 0.002509 0.178598
vt 0.002543 0.178826
vt 0.002770 0.178871
vt 0.885243 0.891959
vt 0.885403 0.891922
vt 0.885424 0.891759
vt 0.797302 0.519960
vt 0.797267 0.519656
vt 0.796970 0.519584
vt 0.856204 0.060667
vt 0.856120 0.060474
vt 0.855964 0.060551
vt 0.855977 0.060723
vt 0.863799 0.065139
vt 0.863962 0.065111
vt 0.863993 0.064947
vt 0.421467 0.187005
vt 0.422029 0.186982
vt 0.422005 0.186439
vt 0.421481 0.186289
vt 0.988532 0.610690
vt 0.988512 0.610515
vt 0.988343 0.610467
vt 0.862585 0.554323
vt 0.862496 0.553918
vt 0.862084 0.553869
vt 0.455740 0.126129
vt 0.455999 0.126106
vt 0.455977 0.125861
vt 0.455738 0.125802
vt 0.862034 0.994908
vt 0.862084 0.995345
vt 0.862491 0.995296
vt 0.862580 0.994897
vt 0.961977 0.578519
vt 0.961806 0.578548
vt 0.961769 0.578717
vt 0.024580 0.125472
vt 0.024339 0.125530
vt 0.024316 0.125778
vt 0.855181 0.545507
vt 0.855374 0.545503
vt 0.855442 0.545321
vt 0.004084 0.186295
vt 0.003573 0.186420
vt 0.003527 0.186943
vt 0.436497 0.064236
vt 0.436303 0.064251
vt 0.436328 0.064414
vt 0.436490 0.064449
vt 0.257160 0.731406
vt 0.256964 0.731461
vt 0.256952 0.731663
vt 0.006663 0.101358
vt 0.006529 0.101383
vt 0.006504 0.101516
vt 0.975406 0.075908
vt 0.975225 0.075925
vt 0.975180 0.076101
vt 0.984264 0.752509
vt 0.984069 0.752536
vt 0.984027 0.752728
vt 0.974491 0.535264
vt 0.974534 0.535438
vt 0.974711 0.535457
vt 0.508564 0.101517
vt 0.508539 0.101383
vt 0.508405 0.101358
vt 0.419916 0.055483
vt 0.419942 0.055657
vt 0.420114 0.055693
vt 0.276388 0.741366
vt 0.276583 0.741311
vt 0.276596 0.741109
vt 0.857434 0.516603
vt 0.857374 0.516367
vt 0.857133 0.516338
vt 0.881370 0.056237
vt 0.881564 0.056226
vt 0.881600 0.056033
vt 0.881649 0.056423
vt 0.993751 0.770817
vt 0.993946 0.770790
vt 0.993988 0.770599
vt 0.836150 0.534020
vt 0.835901 0.534015
vt 0.835835 0.534075
vt 0.835830 0.533947
vt 0.983652 0.092218
vt 0.983674 0.092126
vt 0.983580 0.092119
vt 0.869133 0.077795
vt 0.869406 0.078085
vt 0.869460 0.078010
vt 0.869424 0.077763
vt 0.982954 0.519386
vt 0.983048 0.519379
vt 0.983026 0.519288
vt 0.869537 0.078073
vt 0.993988 0.752049
vt 0.993933 0.751854
vt 0.993730 0.751841
vt 0.885274 0.071871
vt 0.885467 0.071766
vt 0.885440 0.071548
vt 0.983363 0.535198
vt 0.983538 0.535172
vt 0.983573 0.534999
vt 0.984284 0.076477
vt 0.984250 0.076305
vt 0.984077 0.076279
vt 0.839672 0.516338
vt 0.839435 0.516361
vt 0.839370 0.516591
vt 0.257620 0.741129
vt 0.257647 0.741324
vt 0.257838 0.741366
vt 0.969642 0.600400
vt 0.969699 0.600352
vt 0.969722 0.600144
vt 0.442212 0.167427
vt 0.442206 0.167314
vt 0.442095 0.167339
vt 0.969749 0.600420
vt 0.979348 0.630438
vt 0.979357 0.630633
vt 0.979406 0.630681
vt 0.979308 0.630692
vt 0.022553 0.167228
vt 0.022442 0.167204
vt 0.022436 0.167317
vt 0.865442 0.882112
vt 0.865263 0.882159
vt 0.865247 0.882342
vt 0.959938 0.610793
vt 0.959728 0.610860
vt 0.959713 0.611081
vt 0.477310 0.137043
vt 0.477277 0.136817
vt 0.477052 0.136770
vt 0.866476 0.951766
vt 0.866499 0.951947
vt 0.866677 0.951989
vt 0.003147 0.136640
vt 0.002924 0.136688
vt 0.002892 0.136914
vt 0.989593 0.580804
vt 0.989578 0.580588
vt 0.989372 0.580522
vt 0.886026 0.952233
vt 0.886186 0.952196
vt 0.886207 0.952034
vt 0.989494 0.598795
vt 0.989689 0.598738
vt 0.989704 0.598536
vt 0.462063 0.167587
vt 0.462036 0.167368
vt 0.461821 0.167318
vt 0.002852 0.167300
vt 0.002639 0.167351
vt 0.002615 0.167568
vt 0.959707 0.628776
vt 0.959719 0.628977
vt 0.959913 0.629036
vt 0.884960 0.882293
vt 0.884927 0.882132
vt 0.884765 0.882106
vt 0.972089 0.577106
vt 0.972102 0.576871
vt 0.972048 0.576807
vt 0.972169 0.576806
vt 0.023757 0.137048
vt 0.023642 0.137020
vt 0.023633 0.137138
vt 0.456717 0.137377
vt 0.456708 0.137260
vt 0.456594 0.137289
vt 0.977891 0.607617
vt 0.977893 0.607366
vt 0.977826 0.607293
vt 0.977957 0.607300
vt 0.864764 0.056226
vt 0.865050 0.056155
vt 0.864986 0.055925
vt 0.864914 0.055882
vt 0.865027 0.055829
vt 0.864906 0.055883
vt 0.859946 0.535006
vt 0.859881 0.534931
vt 0.859613 0.534905
vt 0.435723 0.055153
vt 0.435730 0.055246
vt 0.435821 0.055225
vt 0.859967 0.534866
vt 0.782609 0.867573
vt 0.782943 0.867539
vt 0.782859 0.867302
vt 0.782607 0.867304
vt 0.346518 0.174776
vt 0.346530 0.175073
vt 0.346816 0.175155
vt 0.868477 0.936640
vt 0.868605 0.936773
vt 0.868775 0.936704
vt 0.868050 0.893366
vt 0.867889 0.893331
vt 0.867796 0.893468
vt 0.311998 0.171213
vt 0.312001 0.171488
vt 0.312208 0.171441
vt 0.312235 0.171231
vt 0.780323 0.836993
vt 0.780487 0.836971
vt 0.780524 0.836809
vt 0.780947 0.671609
vt 0.781167 0.671606
vt 0.781133 0.671441
vt 0.780967 0.671414
vt 0.152573 0.170249
vt 0.152598 0.170459
vt 0.152804 0.170508
vt 0.870013 0.996907
vt 0.870141 0.997040
vt 0.870311 0.996970
vt 0.869468 0.953630
vt 0.869307 0.953596
vt 0.869214 0.953733
vt 0.117834 0.173904
vt 0.117841 0.174297
vt 0.118127 0.174216
vt 0.118140 0.173919
vt 0.783201 0.641819
vt 0.783439 0.641825
vt 0.783523 0.641604
vt 0.883337 0.959381
vt 0.883234 0.959357
vt 0.883035 0.959482
vt 0.118001 0.159352
vt 0.118153 0.159390
vt 0.118166 0.159234
vt 0.881870 0.957376
vt 0.882002 0.957236
vt 0.881999 0.957149
vt 0.883618 0.988168
vt 0.883824 0.988286
vt 0.883927 0.988258
vt 0.883239 0.990614
vt 0.883225 0.990519
vt 0.883054 0.990394
vt 0.151948 0.158187
vt 0.151970 0.158322
vt 0.152099 0.158279
vt 0.881906 0.899142
vt 0.881802 0.899118
vt 0.881603 0.899243
vt 0.312502 0.159299
vt 0.312634 0.159343
vt 0.312655 0.159206
vt 0.880444 0.897153
vt 0.880576 0.897013
vt 0.880573 0.896926
vt 0.882107 0.927942
vt 0.882314 0.928061
vt 0.882417 0.928033
vt 0.881721 0.930386
vt 0.881707 0.930292
vt 0.881536 0.930166
vt 0.346461 0.160085
vt 0.346474 0.160240
vt 0.346625 0.160202
vt 0.868215 0.994260
vt 0.867966 0.994346
vt 0.867923 0.994431
vt 0.867862 0.994301
vt 0.778640 0.671229
vt 0.778678 0.671126
vt 0.778570 0.671106
vt 0.867997 0.956340
vt 0.867774 0.956286
vt 0.867691 0.956331
vt 0.867731 0.956216
vt 0.780286 0.641840
vt 0.780410 0.641834
vt 0.780384 0.641714
vt 0.866687 0.933988
vt 0.866438 0.934073
vt 0.866395 0.934158
vt 0.866334 0.934028
vt 0.779621 0.867378
vt 0.779649 0.867251
vt 0.779519 0.867243
vt 0.866306 0.895947
vt 0.866349 0.896016
vt 0.866572 0.896072
vt 0.777960 0.837253
vt 0.778066 0.837235
vt 0.778031 0.837133
vt 0.866265 0.896062
vt 0.881465 0.987709
vt 0.881475 0.987910
vt 0.881689 0.987936
vt 0.881284 0.987992
vt 0.881600 0.988068
vt 0.880678 0.959833
vt 0.880867 0.959882
vt 0.880958 0.959715
vt 0.880875 0.960074
vt 0.881072 0.959835
vt 0.879955 0.927477
vt 0.879965 0.927677
vt 0.880179 0.927704
vt 0.879773 0.927759
vt 0.880090 0.927836
vt 0.879638 0.899590
vt 0.879432 0.899637
vt 0.879439 0.899829
vt 0.879242 0.899587
vt 0.879524 0.899468
vt 0.960340 0.593833
vt 0.841015 0.997474
vt 0.840993 0.997198
vt 0.141312 0.123483
vt 0.025091 0.123648
vt 0.141312 0.123650
vt 0.542459 0.046643
vt 0.436156 0.046982
vt 0.542447 0.048504
vt 0.792648 0.997049
vt 0.882735 0.942443
vt 0.106566 0.211906
vt 0.993583 0.199068
vt 0.864518 0.047301
vt 0.489977 0.123651
vt 0.455853 0.147496
vt 0.767531 0.545662
vt 0.765860 0.968463
vt 0.024567 0.147339
vt 0.441122 0.177156
vt 0.793691 0.967413
vt 0.794103 0.547343
vt 0.023595 0.177053
vt 0.542511 0.063907
vt 0.542497 0.065786
vt 0.106805 0.188047
vt 0.975370 0.092493
vt 0.974481 0.198938
vt 0.141312 0.101355
vt 0.025091 0.101358
vt 0.141312 0.101522
vt 0.489977 0.101355
vt 0.974776 0.518971
vt 0.989171 0.625608
vt 0.840762 0.551999
vt 0.792925 0.519150
vt 0.882445 0.892020
vt 0.881952 0.882169
vt 0.959841 0.626057
vt 0.989704 0.595780
vt 0.883229 0.952294
vt 0.979273 0.627399
vt 0.970076 0.597018
vt 0.859608 0.701980
vt 0.862210 0.654060
vt 0.357165 0.127214
vt 0.311485 0.129042
vt 0.860913 0.895891
vt 0.858312 0.848390
vt 0.169524 0.127920
vt 0.123655 0.126371
vt 0.762068 0.638234
vt 0.760490 0.673297
vt 0.311412 0.145516
vt 0.357249 0.147049
vt 0.760126 0.835128
vt 0.760078 0.871408
vt 0.123729 0.146243
vt 0.169453 0.144394
vt 0.836660 0.849075
vt 0.835471 0.895730
vt 0.347142 0.153964
vt 0.312275 0.153414
vt 0.836614 0.654630
vt 0.838060 0.701233
vt 0.152347 0.152402
vt 0.117417 0.153100
vt 0.788601 0.917827
vt 0.393953 0.174797
vt 0.074103 0.146064
vt 0.764168 0.920033
vt 0.070713 0.174333
vt 0.789160 0.594209
vt 0.406911 0.146522
vt 0.765948 0.592321
vt 0.782736 0.754808
vt 0.232350 0.170822
vt 0.240417 0.144252
vt 0.761296 0.754693
vt 0.394272 0.156030
vt 0.835864 0.946351
vt 0.074164 0.126551
vt 0.861115 0.946858
vt 0.836429 0.603566
vt 0.070300 0.155588
vt 0.232381 0.153753
vt 0.837802 0.775126
vt 0.240522 0.129183
vt 0.857331 0.775242
vt 0.406762 0.127098
vt 0.861572 0.603174
vt 0.373755 0.101355
vt 0.257533 0.101355
vt 0.257533 0.101522
vt 0.976470 0.412495
vt 0.974612 0.412482
vt 0.976397 0.305762
vt 0.974536 0.305748
vt 0.317974 0.188428
vt 0.317983 0.190273
vt 0.212299 0.188372
vt 0.212281 0.190212
vt 0.756716 0.065750
vt 0.649671 0.063920
vt 0.649656 0.065787
vt 0.993612 0.412421
vt 0.991736 0.412407
vt 0.993616 0.305767
vt 0.991756 0.305753
vt 0.317768 0.210474
vt 0.317735 0.212288
vt 0.212259 0.210123
vt 0.212241 0.211963
vt 0.756871 0.046638
vt 0.649682 0.046630
vt 0.649667 0.048499
vt 0.373755 0.123650
vt 0.257533 0.123483
vt 0.257533 0.123650
vt 0.983903 0.412402
vt 0.983883 0.305758
vt 0.542540 0.055945
vt 0.649669 0.056015
vt 0.886827 0.316657
vt 0.865581 0.316664
vt 0.865489 0.334178
vt 0.886651 0.334161
vt 0.991165 0.943482
vt 0.974251 0.943295
vt 0.972400 0.996146
vt 0.993168 0.996913
vt 0.557933 0.315070
vt 0.504279 0.313041
vt 0.504889 0.333887
vt 0.558095 0.332028
vt 0.668797 0.431594
vt 0.668564 0.452384
vt 0.721589 0.454420
vt 0.722520 0.429145
vt 0.893331 0.319925
vt 0.914083 0.320173
vt 0.916200 0.267417
vt 0.891020 0.266441
vt 0.752233 0.339191
vt 0.752136 0.321677
vt 0.730891 0.321683
vt 0.731072 0.339188
vt 0.559987 0.345392
vt 0.506720 0.343158
vt 0.507276 0.363896
vt 0.560138 0.362268
vt 0.504202 0.402035
vt 0.504300 0.419549
vt 0.525545 0.419543
vt 0.525364 0.402038
vt 0.791558 0.430906
vt 0.770758 0.430656
vt 0.768675 0.483709
vt 0.793962 0.484663
vt 0.668053 0.224739
vt 0.667872 0.241692
vt 0.721019 0.243491
vt 0.721770 0.222629
vt 0.863542 0.836381
vt 0.884703 0.836365
vt 0.884879 0.818861
vt 0.863634 0.818867
vt 0.506711 0.342479
vt 0.506204 0.342609
vt 0.506160 0.343129
vt 0.966024 0.996917
vt 0.966053 0.997487
vt 0.966581 0.997442
vt 0.966712 0.996927
vt 0.730669 0.339209
vt 0.730731 0.339533
vt 0.731055 0.339590
vt 0.720981 0.313121
vt 0.721540 0.313076
vt 0.721484 0.312564
vt 0.720983 0.312446
vt 0.886669 0.334570
vt 0.886996 0.334510
vt 0.887057 0.334183
vt 0.505277 0.429221
vt 0.505280 0.428546
vt 0.504778 0.428661
vt 0.504719 0.429172
vt 0.863139 0.836399
vt 0.863197 0.836724
vt 0.863522 0.836784
vt 0.504273 0.312358
vt 0.503761 0.312486
vt 0.503716 0.313010
vt 0.723092 0.429114
vt 0.723046 0.428584
vt 0.722527 0.428453
vt 0.966039 0.779615
vt 0.966717 0.779624
vt 0.966604 0.779117
vt 0.966091 0.779055
vt 0.723390 0.343152
vt 0.723952 0.343105
vt 0.723895 0.342591
vt 0.723391 0.342472
vt 0.504183 0.401626
vt 0.503854 0.401688
vt 0.503796 0.402017
vt 0.504961 0.222739
vt 0.504962 0.222057
vt 0.504454 0.222173
vt 0.504394 0.222689
vt 0.768691 0.266407
vt 0.768662 0.265838
vt 0.768134 0.265882
vt 0.768003 0.266398
vt 0.752546 0.321656
vt 0.752484 0.321328
vt 0.752155 0.321270
vt 0.722344 0.222598
vt 0.722298 0.222068
vt 0.721780 0.221936
vt 0.525566 0.419956
vt 0.525899 0.419893
vt 0.525958 0.419559
vt 0.767997 0.483701
vt 0.768110 0.484207
vt 0.768624 0.484270
vt 0.793863 0.267405
vt 0.794538 0.267408
vt 0.794423 0.266906
vt 0.793913 0.266847
vt 0.506710 0.363943
vt 0.506767 0.364459
vt 0.507274 0.364578
vt 0.730870 0.321270
vt 0.730536 0.321332
vt 0.730478 0.321666
vt 0.890990 0.265871
vt 0.890462 0.265916
vt 0.890331 0.266432
vt 0.887237 0.316641
vt 0.887177 0.316311
vt 0.886848 0.316250
vt 0.721687 0.333880
vt 0.721697 0.334568
vt 0.722211 0.334437
vt 0.722257 0.333911
vt 0.885289 0.818844
vt 0.885230 0.818514
vt 0.884900 0.818454
vt 0.993177 0.780086
vt 0.993862 0.780092
vt 0.993747 0.779580
vt 0.993228 0.779517
vt 0.916287 0.484659
vt 0.916318 0.485232
vt 0.916849 0.485185
vt 0.916979 0.484667
vt 0.863615 0.818454
vt 0.863282 0.818514
vt 0.863221 0.818846
vt 0.891013 0.483730
vt 0.890336 0.483722
vt 0.890449 0.484228
vt 0.890962 0.484290
vt 0.504319 0.333936
vt 0.504379 0.334456
vt 0.504890 0.334573
vt 0.793993 0.485236
vt 0.794524 0.485190
vt 0.794655 0.484671
vt 0.503890 0.419569
vt 0.503952 0.419898
vt 0.504281 0.419956
vt 0.724109 0.364010
vt 0.724113 0.364702
vt 0.724632 0.364574
vt 0.724681 0.364044
vt 0.865562 0.316250
vt 0.865229 0.316310
vt 0.865168 0.316643
vt 0.916875 0.267419
vt 0.916760 0.266917
vt 0.916249 0.266858
vt 0.993197 0.997484
vt 0.993724 0.997439
vt 0.993857 0.996925
vt 0.752253 0.339599
vt 0.752582 0.339538
vt 0.752640 0.339209
vt 0.940851 0.995920
vt 0.940177 0.995916
vt 0.940291 0.996418
vt 0.940802 0.996477
vt 0.504305 0.243495
vt 0.503744 0.243522
vt 0.503785 0.244043
vt 0.504293 0.244175
vt 0.721014 0.244169
vt 0.721520 0.244055
vt 0.721581 0.243540
vt 0.940751 0.778662
vt 0.940721 0.778089
vt 0.940190 0.778135
vt 0.940059 0.778653
vt 0.525766 0.402017
vt 0.525705 0.401693
vt 0.525381 0.401636
vt 0.884721 0.836773
vt 0.885049 0.836714
vt 0.885110 0.836387
vt 0.721581 0.455097
vt 0.722087 0.454984
vt 0.722149 0.454471
vt 0.972329 0.779481
vt 0.972301 0.778917
vt 0.971777 0.778960
vt 0.971646 0.779471
vt 0.865086 0.334196
vt 0.865145 0.334521
vt 0.865470 0.334580
vt 0.971725 0.996146
vt 0.971842 0.996648
vt 0.972353 0.996705
vt 0.504300 0.454401
vt 0.503731 0.454431
vt 0.503776 0.454959
vt 0.504291 0.455090
vt 0.668780 0.430630
vt 0.557953 0.314121
vt 0.963741 0.943465
vt 0.964702 0.943451
vt 0.560005 0.344437
vt 0.770974 0.319859
vt 0.770012 0.319873
vt 0.557825 0.223664
vt 0.557808 0.224614
vt 0.913837 0.430937
vt 0.914800 0.430920
vt 0.992395 0.833296
vt 0.991452 0.833276
vt 0.558108 0.332983
vt 0.892102 0.430681
vt 0.893046 0.430705
vt 0.560148 0.363220
vt 0.792634 0.320102
vt 0.791683 0.320082
vt 0.557641 0.241492
vt 0.557653 0.242449
vt 0.942081 0.943222
vt 0.943032 0.943242
vt 0.974508 0.833105
vt 0.973548 0.833119
vt 0.668540 0.453328
vt 0.943157 0.832419
vt 0.963956 0.832669
vt 0.943334 0.887945
vt 0.963569 0.887957
vt 0.942192 0.832435
vt 0.942368 0.887939
vt 0.667851 0.242635
vt 0.612834 0.241404
vt 0.612827 0.242365
vt 0.792522 0.430890
vt 0.792347 0.375386
vt 0.791381 0.375379
vt 0.670383 0.361954
vt 0.670362 0.362904
vt 0.615206 0.361932
vt 0.615204 0.362893
vt 0.668041 0.223778
vt 0.612853 0.223864
vt 0.612847 0.224826
vt 0.769814 0.430632
vt 0.771145 0.375367
vt 0.770179 0.375360
vt 0.670226 0.344042
vt 0.670238 0.344997
vt 0.615141 0.344378
vt 0.615139 0.345339
vt 0.964901 0.832693
vt 0.964535 0.887964
vt 0.557799 0.453055
vt 0.557785 0.452093
vt 0.613297 0.453000
vt 0.613305 0.452034
vt 0.973300 0.943282
vt 0.974646 0.888256
vt 0.973686 0.888254
vt 0.892369 0.319939
vt 0.892427 0.375438
vt 0.893393 0.375446
vt 0.668289 0.331727
vt 0.668276 0.332685
vt 0.613126 0.331620
vt 0.613129 0.332580
vt 0.992124 0.943472
vt 0.992165 0.888289
vt 0.991204 0.888281
vt 0.915036 0.320189
vt 0.913604 0.375470
vt 0.914568 0.375472
vt 0.668138 0.313875
vt 0.668148 0.314827
vt 0.613079 0.314097
vt 0.613076 0.315058
vt 0.558034 0.431341
vt 0.558050 0.430388
vt 0.613330 0.431824
vt 0.613332 0.430859
vt 0.949067 0.690633
vt 0.949061 0.690451
vt 0.937868 0.690480
vt 0.937866 0.690675
vt 0.949661 0.704505
vt 0.939298 0.704325
vt 0.939647 0.714096
vt 0.949749 0.713782
vt 0.970030 0.715775
vt 0.979062 0.716149
vt 0.979102 0.715167
vt 0.970058 0.714755
vt 0.950849 0.702479
vt 0.938740 0.702988
vt 0.938936 0.703365
vt 0.950532 0.703342
vt 0.969596 0.690204
vt 0.978880 0.690060
vt 0.978873 0.689568
vt 0.969589 0.689701
vt 0.978867 0.689076
vt 0.969582 0.689198
vt 0.950322 0.700716
vt 0.938073 0.701350
vt 0.938302 0.701911
vt 0.950990 0.701286
vt 0.938521 0.702453
vt 0.951689 0.701855
vt 0.971781 0.703883
vt 0.977688 0.704717
vt 0.977955 0.704443
vt 0.971857 0.703480
vt 0.978219 0.704227
vt 0.971941 0.703109
vt 0.979123 0.714687
vt 0.970074 0.714257
vt 0.979144 0.714208
vt 0.970092 0.713757
vt 0.959040 0.714682
vt 0.959032 0.714176
vt 0.958075 0.703725
vt 0.957543 0.703309
vt 0.950094 0.703923
vt 0.958603 0.704210
vt 0.959022 0.713670
vt 0.978576 0.699764
vt 0.970934 0.700397
vt 0.971314 0.700772
vt 0.978344 0.700259
vt 0.957581 0.700490
vt 0.956995 0.700934
vt 0.978799 0.699242
vt 0.970564 0.699961
vt 0.958149 0.699987
vt 0.949056 0.689910
vt 0.958747 0.689818
vt 0.958742 0.689305
vt 0.949054 0.689369
vt 0.958751 0.690330
vt 0.974264 0.700746
vt 0.978104 0.700716
vt 0.971581 0.701890
vt 0.957290 0.702055
vt 0.949781 0.715818
vt 0.959047 0.715717
vt 0.949760 0.714790
vt 0.951936 0.703333
vt 0.954762 0.703346
vt 0.954450 0.703188
vt 0.952099 0.703209
vt 0.978881 0.690223
vt 0.969601 0.690377
vt 0.958750 0.690509
vt 0.939721 0.716167
vt 0.939685 0.715119
vt 0.937869 0.689911
vt 0.937870 0.689342
vt 0.939122 0.703854
vt 0.949754 0.714286
vt 0.939666 0.714607
vt 0.978442 0.703798
vt 0.973208 0.703204
vt 0.979094 0.702303
vt 0.974720 0.702257
vt 0.974583 0.702450
vt 0.978957 0.702608
vt 0.954049 0.702659
vt 0.952181 0.702876
vt 0.952209 0.703019
vt 0.954137 0.702901
vt 0.784468 0.855177
vt 0.785195 0.855177
vt 0.784832 0.854824
vt 0.784468 0.854730
vt 0.831068 0.780579
vt 0.831068 0.780066
vt 0.830501 0.779765
vt 0.830501 0.780579
vt 0.760676 0.985744
vt 0.761403 0.985744
vt 0.761040 0.985390
vt 0.760676 0.985297
vt 0.784468 0.856874
vt 0.784980 0.856874
vt 0.785281 0.856307
vt 0.784468 0.856307
vt 0.789949 0.850155
vt 0.790676 0.850155
vt 0.790313 0.849801
vt 0.789949 0.849708
vt 0.829371 0.780579
vt 0.829371 0.779851
vt 0.829018 0.780214
vt 0.828924 0.780579
vt 0.954266 0.703054
vt 0.952179 0.703117
vt 0.956007 0.703695
vt 0.951001 0.703593
vt 0.979333 0.701569
vt 0.974733 0.701758
vt 0.974780 0.702049
vt 0.979220 0.701986
vt 0.974330 0.702684
vt 0.978806 0.702985
vt 0.760676 0.987441
vt 0.761188 0.987441
vt 0.761489 0.986874
vt 0.760676 0.986874
vt 0.951982 0.702400
vt 0.953984 0.701623
vt 0.783741 0.855177
vt 0.783564 0.855742
vt 0.784468 0.855742
vt 0.783654 0.856307
vt 0.978721 0.701113
vt 0.974596 0.701328
vt 0.759948 0.985744
vt 0.759772 0.986309
vt 0.760676 0.986309
vt 0.759862 0.986874
vt 0.973862 0.702945
vt 0.978637 0.703404
vt 0.789950 0.851852
vt 0.790462 0.851853
vt 0.790763 0.851285
vt 0.789949 0.851285
vt 0.829371 0.781306
vt 0.829936 0.781483
vt 0.829936 0.780579
vt 0.830501 0.781392
vt 0.953996 0.702259
vt 0.952124 0.702669
vt 0.789222 0.850155
vt 0.789045 0.850720
vt 0.789949 0.850720
vt 0.789136 0.851285
vt 0.951574 0.703479
vt 0.955257 0.703534
vt 0.789083 0.784450
vt 0.788346 0.786267
vt 0.789846 0.786256
vt 0.790900 0.785188
vt 0.789821 0.782634
vt 0.790889 0.783687
vt 0.788320 0.782644
vt 0.787267 0.783713
vt 0.787277 0.785213
vt 0.786972 0.785325
vt 0.788209 0.786562
vt 0.791195 0.783576
vt 0.789958 0.782339
vt 0.786972 0.783576
vt 0.789958 0.786562
vt 0.791195 0.785325
vt 0.788209 0.782339
vt 0.884675 0.995377
vt 0.886492 0.996115
vt 0.886481 0.994614
vt 0.885413 0.993561
vt 0.882859 0.994640
vt 0.883912 0.993572
vt 0.882870 0.996140
vt 0.883938 0.997194
vt 0.885438 0.997183
vt 0.885550 0.997489
vt 0.886787 0.996252
vt 0.883801 0.993266
vt 0.882564 0.994503
vt 0.883801 0.997489
vt 0.886787 0.994503
vt 0.885550 0.993266
vt 0.882564 0.996252
vt 0.790853 0.850720
vt 0.829936 0.779675
vt 0.789437 0.851853
vt 0.761579 0.986309
vt 0.785372 0.855742
vt 0.760163 0.987441
vt 0.829018 0.780943
vt 0.789585 0.849802
vt 0.783956 0.856874
vt 0.760311 0.985390
vt 0.831068 0.781091
vt 0.784104 0.854824
vt 0.958724 0.699746
vt 0.949682 0.700419
vt 0.970212 0.699797
vt 0.979032 0.698929
vt 0.937857 0.701105
vt 0.995735 0.667341
vt 0.996010 0.677342
vt 0.996183 0.677336
vt 0.995902 0.667341
vt 0.982091 0.668412
vt 0.972125 0.668944
vt 0.972668 0.680514
vt 0.983540 0.679384
vt 0.970571 0.647383
vt 0.971617 0.647399
vt 0.971593 0.638203
vt 0.970595 0.638200
vt 0.984230 0.666844
vt 0.983095 0.667292
vt 0.984662 0.678833
vt 0.985067 0.678584
vt 0.996000 0.647849
vt 0.996481 0.647860
vt 0.996739 0.638920
vt 0.996265 0.638907
vt 0.996961 0.647870
vt 0.997212 0.638934
vt 0.986383 0.666920
vt 0.985821 0.666586
vt 0.986076 0.678092
vt 0.986544 0.677860
vt 0.985259 0.666224
vt 0.985586 0.678335
vt 0.982757 0.645986
vt 0.983174 0.645908
vt 0.982507 0.640040
vt 0.982174 0.640141
vt 0.983558 0.645820
vt 0.982773 0.639944
vt 0.972128 0.647404
vt 0.972081 0.638204
vt 0.972641 0.647406
vt 0.972568 0.638204
vt 0.971263 0.658789
vt 0.971801 0.658811
vt 0.982805 0.659760
vt 0.982595 0.667855
vt 0.983320 0.660262
vt 0.982220 0.659262
vt 0.972340 0.658834
vt 0.987015 0.638933
vt 0.986418 0.639582
vt 0.985790 0.646352
vt 0.986166 0.646660
vt 0.985599 0.659458
vt 0.986061 0.659050
vt 0.987478 0.638795
vt 0.986601 0.646962
vt 0.986580 0.658654
vt 0.996399 0.667333
vt 0.996896 0.667324
vt 0.996829 0.658161
vt 0.996343 0.658160
vt 0.995856 0.658159
vt 0.985902 0.640250
vt 0.985831 0.643697
vt 0.984730 0.646150
vt 0.984413 0.659803
vt 0.969801 0.668969
vt 0.970981 0.668969
vt 0.970158 0.658749
vt 0.983861 0.664197
vt 0.984090 0.664181
vt 0.984041 0.662458
vt 0.983857 0.662245
vt 0.996109 0.638903
vt 0.995834 0.647843
vt 0.995687 0.658160
vt 0.970018 0.681060
vt 0.971279 0.681037
vt 0.996691 0.677321
vt 0.997199 0.677306
vt 0.984111 0.679108
vt 0.971896 0.681029
vt 0.971554 0.668958
vt 0.983516 0.644641
vt 0.983219 0.639900
vt 0.984594 0.639974
vt 0.984335 0.639933
vt 0.984251 0.643432
vt 0.984434 0.643318
vt 0.984588 0.662639
vt 0.984349 0.662622
vt 0.984391 0.664298
vt 0.984577 0.664476
vt 0.793946 0.921187
vt 0.793499 0.921187
vt 0.793592 0.921551
vt 0.793946 0.921915
vt 0.829123 0.796608
vt 0.829123 0.796041
vt 0.828309 0.796041
vt 0.828610 0.796608
vt 0.792856 0.911143
vt 0.792410 0.911143
vt 0.792503 0.911507
vt 0.792856 0.911870
vt 0.795643 0.921187
vt 0.795076 0.921187
vt 0.795076 0.922001
vt 0.795643 0.921699
vt 0.829801 0.920460
vt 0.829801 0.920013
vt 0.829437 0.920106
vt 0.829074 0.920459
vt 0.829123 0.794911
vt 0.829123 0.794464
vt 0.828759 0.794558
vt 0.828395 0.794911
vt 0.984190 0.662563
vt 0.984244 0.664216
vt 0.983057 0.664583
vt 0.983341 0.661371
vt 0.985164 0.640087
vt 0.984850 0.640024
vt 0.984629 0.643267
vt 0.984897 0.643303
vt 0.984030 0.643649
vt 0.984001 0.639902
vt 0.794554 0.911143
vt 0.793986 0.911143
vt 0.793986 0.911956
vt 0.794554 0.911655
vt 0.985476 0.662352
vt 0.985121 0.665265
vt 0.794511 0.921187
vt 0.794511 0.920283
vt 0.793946 0.920460
vt 0.795076 0.920374
vt 0.985294 0.643410
vt 0.985524 0.640163
vt 0.793421 0.911143
vt 0.793421 0.910239
vt 0.792856 0.910415
vt 0.793986 0.910329
vt 0.983611 0.639887
vt 0.983775 0.644056
vt 0.829800 0.922157
vt 0.829801 0.921589
vt 0.828987 0.921589
vt 0.829288 0.922157
vt 0.829123 0.795476
vt 0.830027 0.795476
vt 0.829850 0.794911
vt 0.829936 0.796041
vt 0.984828 0.664762
vt 0.984944 0.662562
vt 0.829801 0.921025
vt 0.830705 0.921025
vt 0.830528 0.920460
vt 0.830614 0.921590
vt 0.983611 0.661903
vt 0.983523 0.664328
vt 0.824812 0.774408
vt 0.824075 0.772592
vt 0.823006 0.773645
vt 0.822996 0.775146
vt 0.826628 0.773671
vt 0.825575 0.772602
vt 0.826618 0.775171
vt 0.825549 0.776225
vt 0.824049 0.776214
vt 0.823937 0.776520
vt 0.822700 0.775283
vt 0.825687 0.772297
vt 0.826924 0.773533
vt 0.825687 0.776520
vt 0.822700 0.773533
vt 0.823937 0.772297
vt 0.826924 0.775283
vt 0.788808 0.794493
vt 0.790624 0.793755
vt 0.789571 0.792687
vt 0.788071 0.792676
vt 0.789545 0.796309
vt 0.790614 0.795256
vt 0.788045 0.796298
vt 0.786992 0.795230
vt 0.787002 0.793730
vt 0.786696 0.793618
vt 0.787933 0.792381
vt 0.790920 0.795367
vt 0.789683 0.796604
vt 0.786696 0.795367
vt 0.789683 0.792381
vt 0.790920 0.793618
vt 0.787933 0.796604
vt 0.828897 0.921024
vt 0.828219 0.795476
vt 0.830313 0.922157
vt 0.793421 0.912047
vt 0.794511 0.922091
vt 0.794554 0.910630
vt 0.829487 0.794558
vt 0.830165 0.920106
vt 0.795643 0.920675
vt 0.792503 0.910778
vt 0.829635 0.796608
vt 0.793592 0.920823
vt 0.986681 0.667251
vt 0.986839 0.658257
vt 0.986772 0.647244
vt 0.987728 0.638637
vt 0.986700 0.677640
vt 0.827767 0.891830
vt 0.826793 0.892022
vt 0.827305 0.892022
vt 0.826281 0.892022
vt 0.825819 0.891830
vt 0.827959 0.891368
vt 0.825628 0.891368
vt 0.827959 0.891134
vt 0.825628 0.881952
vt 0.827959 0.882059
vt 0.827959 0.881952
vt 0.827767 0.881490
vt 0.825819 0.881490
vt 0.827305 0.881299
vt 0.826281 0.881299
vt 0.830156 0.911921
vt 0.829182 0.912113
vt 0.829694 0.912113
vt 0.828670 0.912113
vt 0.828208 0.911921
vt 0.830348 0.911459
vt 0.828017 0.911459
vt 0.830348 0.902043
vt 0.828017 0.911225
vt 0.828017 0.902150
vt 0.828017 0.902043
vt 0.830156 0.901581
vt 0.828208 0.901581
vt 0.829694 0.901390
vt 0.828670 0.901390
vt 0.864822 0.876766
vt 0.864630 0.875792
vt 0.864630 0.876304
vt 0.864630 0.875280
vt 0.864822 0.874818
vt 0.865284 0.876957
vt 0.865284 0.874627
vt 0.874700 0.876957
vt 0.865518 0.874627
vt 0.874593 0.874627
vt 0.874700 0.874627
vt 0.875162 0.876766
vt 0.875162 0.874818
vt 0.875353 0.876304
vt 0.875353 0.875280
vt 0.784856 0.836296
vt 0.785830 0.836105
vt 0.785318 0.836105
vt 0.786342 0.836105
vt 0.786804 0.836296
vt 0.784665 0.836758
vt 0.786996 0.836758
vt 0.784665 0.836993
vt 0.786996 0.846175
vt 0.784665 0.846068
vt 0.784665 0.846175
vt 0.784856 0.846637
vt 0.786804 0.846637
vt 0.785318 0.846828
vt 0.786342 0.846828
s 0
usemtl Board
f 1/1/1 2/2/1 3/3/1
f 1/1/1 3/3/1 4/4/1
f 5/5/2 6/6/2 7/7/2
f 5/5/2 7/7/2 8/8/2
f 9/9/1 10/10/1 11/11/1
f 9/9/1 11/11/1 12/12/1
f 10/10/1 13/13/1 14/14/1
f 10/10/1 14/14/1 11/11/1
f 13/13/1 15/15/1 16/16/1
f 13/13/1 16/16/1 14/14/1
f 17/17/3 18/18/3 19/19/3
f 17/17/3 19/19/3 20/20/3
f 21/21/3 22/22/3 23/23/3
f 21/21/3 23/23/3 24/24/3
f 25/25/2 26/26/2 27/27/2
f 25/25/2 27/27/2 28/28/2
f 26/26/2 5/5/2 8/8/2
f 26/26/2 8/8/2 27/27/2
f 29/29/2 30/30/2 31/31/2
f 29/29/2 31/31/2 32/32/2
f 32/32/2 31/31/2 33/33/2
f 32/32/2 33/33/2 34/34/2
f 34/34/2 33/33/2 35/35/2
f 34/34/2 35/35/2 36/36/2
f 36/36/2 35/35/2 37/37/2
f 36/36/2 37/37/2 38/38/2
f 38/38/2 37/37/2 39/39/2
f 38/38/2 39/39/2 40/40/2
f 40/40/2 39/39/2 41/41/2
f 40/40/2 41/41/2 42/42/2
f 42/42/2 41/41/2 5/5/2
f 42/42/2 5/5/2 26/26/2
f 43/43/2 29/29/2 32/32/2
f 43/43/2 32/32/2 44/44/2
f 44/44/2 32/32/2 34/34/2
f 44/44/2 34/34/2 45/45/2
f 45/45/2 34/34/2 36/36/2
f 45/45/2 36/36/2 46/46/2
f 46/46/2 36/36/2 38/38/2
f 46/46/2 38/38/2 47/47/2
f 47/47/2 38/38/2 40/40/2
f 47/47/2 40/40/2 48/48/2
f 48/48/2 40/40/2 42/42/2
f 48/48/2 42/42/2 49/49/2
f 49/49/2 42/42/2 26/26/2
f 49/49/2 26/26/2 25/25/2
f 50/50/3 17/17/3 20/20/3
f 50/50/3 20/20/3 51/51/3
f 52/52/2 45/45/2 46/46/2
f 52/52/2 46/46/2 53/53/2
f 53/53/2 46/46/2 47/47/2
f 53/53/2 47/47/2 54/54/2
f 54/54/2 47/47/2 48/48/2
f 54/54/2 48/48/2 55/55/2
f 55/55/2 48/48/2 49/49/2
f 55/55/2 49/49/2 56/56/2
f 56/56/2 49/49/2 25/25/2
f 56/56/2 25/25/2 57/57/2
f 58/58/1 59/59/1 60/60/1
f 58/58/1 60/60/1 61/61/1
f 62/62/2 63/63/2 64/64/2
f 62/62/2 64/64/2 65/65/2
f 18/18/3 66/66/3 67/67/3
f 18/18/3 67/67/3 19/19/3
f 66/66/3 68/68/3 69/69/3
f 66/66/3 69/69/3 67/67/3
f 68/68/3 70/70/3 71/71/3
f 68/68/3 71/71/3 69/69/3
f 70/70/3 72/72/3 73/73/3
f 70/70/3 73/73/3 71/71/3
f 72/72/3 21/21/3 24/24/3
f 72/72/3 24/24/3 73/73/3
f 74/74/2 44/44/2 45/45/2
f 74/74/2 45/45/2 52/52/2
f 75/75/1 76/76/1 1/1/1
f 75/75/1 1/1/1 77/77/1
f 77/77/1 1/1/1 4/4/1
f 77/77/1 4/4/1 78/78/1
f 78/78/1 4/4/1 79/79/1
f 78/78/1 79/79/1 80/80/1
f 80/80/1 79/79/1 81/81/1
f 80/80/1 81/81/1 82/82/1
f 82/82/1 81/81/1 83/83/1
f 82/82/1 83/83/1 84/84/1
f 84/84/1 83/83/1 85/85/1
f 84/84/1 85/85/1 86/86/1
f 86/86/1 85/85/1 15/15/1
f 86/86/1 15/15/1 13/13/1
f 87/87/1 75/75/1 77/77/1
f 87/87/1 77/77/1 88/88/1
f 88/88/1 77/77/1 78/78/1
f 88/88/1 78/78/1 89/89/1
f 89/89/1 78/78/1 80/80/1
f 89/89/1 80/80/1 90/90/1
f 90/90/1 80/80/1 82/82/1
f 90/90/1 82/82/1 91/91/1
f 91/91/1 82/82/1 84/84/1
f 91/91/1 84/84/1 92/92/1
f 92/92/1 84/84/1 86/86/1
f 92/92/1 86/86/1 93/93/1
f 93/93/1 86/86/1 13/13/1
f 93/93/1 13/13/1 10/10/1
f 94/94/1 87/87/1 88/88/1
f 94/94/1 88/88/1 95/95/1
f 95/95/1 88/88/1 89/89/1
f 95/95/1 89/89/1 96/96/1
f 96/96/1 89/89/1 90/90/1
f 96/96/1 90/90/1 97/97/1
f 97/97/1 90/90/1 91/91/1
f 97/97/1 91/91/1 98/98/1
f 98/98/1 91/91/1 92/92/1
f 98/98/1 92/92/1 99/99/1
f 99/99/1 92/92/1 93/93/1
f 99/99/1 93/93/1 100/100/1
f 100/100/1 93/93/1 10/10/1
f 100/100/1 10/10/1 9/9/1
f 30/30/2 101/101/2 102/102/2
f 30/30/2 102/102/2 31/31/2
f 31/31/2 102/102/2 103/103/2
f 31/31/2 103/103/2 33/33/2
f 33/33/2 103/103/2 104/104/2
f 33/33/2 104/104/2 35/35/2
f 35/35/2 104/104/2 105/105/2
f 35/35/2 105/105/2 37/37/2
f 37/37/2 105/105/2 106/106/2
f 37/37/2 106/106/2 39/39/2
f 39/39/2 106/106/2 107/107/2
f 39/39/2 107/107/2 41/41/2
f 41/41/2 107/107/2 6/6/2
f 41/41/2 6/6/2 5/5/2
f 108/108/3 109/109/3 110/110/3
f 108/108/3 110/110/3 111/111/3
f 85/85/1 112/112/1 113/113/1
f 85/85/1 113/113/1 15/15/1
f 83/83/1 114/114/1 112/112/1
f 83/83/1 112/112/1 85/85/1
f 81/81/1 115/115/1 114/114/1
f 81/81/1 114/114/1 83/83/1
f 79/79/1 116/116/1 115/115/1
f 79/79/1 115/115/1 81/81/1
f 4/4/1 3/3/1 116/116/1
f 4/4/1 116/116/1 79/79/1
f 117/117/3 118/118/3 119/119/3
f 117/117/3 119/119/3 120/120/3
f 57/57/2 25/25/2 28/28/2
f 57/57/2 28/28/2 121/121/2
f 122/122/1 123/123/1 124/124/1
f 122/122/1 124/124/1 125/125/1
f 126/126/4 127/127/4 128/128/4
f 126/126/4 128/128/4 129/129/4
f 130/130/5 131/131/5 132/132/5
f 130/130/5 132/132/5 133/133/5
f 134/134/2 135/135/2 136/136/2
f 134/134/2 136/136/2 137/137/2
f 138/138/1 139/139/1 140/140/1
f 138/138/1 140/140/1 141/141/1
f 142/142/2 143/143/2 144/144/2
f 142/142/2 144/144/2 145/145/2
f 146/146/5 147/147/5 148/148/5
f 146/146/5 148/148/5 149/149/5
f 150/150/6 151/151/6 152/152/6
f 150/150/6 152/152/6 153/153/6
f 154/154/6 155/155/6 156/156/6
f 154/154/6 156/156/6 157/157/6
f 158/158/6 154/154/6 157/157/6
f 158/158/6 157/157/6 159/159/6
f 151/151/6 160/160/6 161/161/6
f 151/151/6 161/161/6 152/152/6
f 15/15/1 113/113/1 162/162/1
f 15/15/1 162/162/1 16/16/1
f 163/163/4 164/164/4 165/165/4
f 163/163/4 165/165/4 166/166/4
f 167/167/2 168/168/2 169/169/2
f 167/167/2 169/169/2 170/170/2
f 171/171/6 150/150/6 153/153/6
f 171/171/6 153/153/6 172/172/6
f 63/63/2 173/173/2 174/174/2
f 63/63/2 174/174/2 64/64/2
f 175/175/1 176/176/1 177/177/1
f 175/175/1 177/177/1 178/178/1
f 179/179/2 180/180/2 181/181/2
f 179/179/2 181/181/2 182/182/2
f 173/173/2 179/179/2 182/182/2
f 173/173/2 182/182/2 174/174/2
f 183/183/1 58/58/1 61/61/1
f 183/183/1 61/61/1 184/184/1
f 185/185/1 186/186/1 187/187/1
f 185/185/1 187/187/1 188/188/1
f 189/189/5 190/190/5 191/191/5
f 189/189/5 191/191/5 192/192/5
f 123/123/1 183/183/1 184/184/1
f 123/123/1 184/184/1 124/124/1
f 193/193/1 194/194/1 195/195/1
f 193/193/1 195/195/1 196/196/1
f 197/197/2 198/198/2 199/199/2
f 197/197/2 199/199/2 200/200/2
f 201/201/4 163/163/4 166/166/4
f 201/201/4 166/166/4 202/202/4
f 198/198/2 203/203/2 204/204/2
f 198/198/2 204/204/2 199/199/2
f 205/205/4 201/201/4 202/202/4
f 205/205/4 202/202/4 206/206/4
f 190/190/5 130/130/5 133/133/5
f 190/190/5 133/133/5 191/191/5
f 207/207/1 208/208/1 209/209/1
f 207/207/1 209/209/1 210/210/1
f 211/211/2 43/43/2 44/44/2
f 211/211/2 44/44/2 74/74/2
f 131/131/5 212/212/5 213/213/5
f 131/131/5 213/213/5 132/132/5
f 214/214/1 193/193/1 196/196/1
f 214/214/1 196/196/1 215/215/1
f 76/76/1 216/216/1 2/2/1
f 76/76/1 2/2/1 1/1/1
f 217/217/6 218/218/6 219/219/6
f 217/217/6 219/219/6 220/220/6
f 221/221/1 222/222/1 223/223/1
f 221/221/1 223/223/1 224/224/1
f 225/225/2 226/226/2 227/227/2
f 225/225/2 227/227/2 228/228/2
f 226/226/2 229/229/2 230/230/2
f 226/226/2 230/230/2 227/227/2
f 229/229/2 231/231/2 232/232/2
f 229/229/2 232/232/2 230/230/2
f 186/186/1 138/138/1 141/141/1
f 186/186/1 141/141/1 187/187/1
f 233/233/6 234/234/6 235/235/6
f 233/233/6 235/235/6 236/236/6
f 231/231/2 167/167/2 170/170/2
f 231/231/2 170/170/2 232/232/2
f 237/237/1 221/221/1 224/224/1
f 237/237/1 224/224/1 238/238/1
f 135/135/2 239/239/2 240/240/2
f 135/135/2 240/240/2 136/136/2
f 241/241/2 197/197/2 200/200/2
f 241/241/2 200/200/2 242/242/2
f 239/239/2 243/243/2 244/244/2
f 239/239/2 244/244/2 240/240/2
f 139/139/1 245/245/1 246/246/1
f 139/139/1 246/246/1 140/140/1
f 247/247/4 205/205/4 206/206/4
f 247/247/4 206/206/4 248/248/4
f 243/243/2 225/225/2 228/228/2
f 243/243/2 228/228/2 244/244/2
f 245/245/1 249/249/1 250/250/1
f 245/245/1 250/250/1 246/246/1
f 251/251/6 158/158/6 159/159/6
f 251/251/6 159/159/6 252/252/6
f 249/249/1 253/253/1 254/254/1
f 249/249/1 254/254/1 250/250/1
f 176/176/1 214/214/1 215/215/1
f 176/176/1 215/215/1 177/177/1
f 255/255/6 251/251/6 252/252/6
f 255/255/6 252/252/6 256/256/6
f 253/253/1 237/237/1 238/238/1
f 253/253/1 238/238/1 254/254/1
f 160/160/6 255/255/6 256/256/6
f 160/160/6 256/256/6 161/161/6
s 1
f 257/257/7 258/258/8 259/259/9
f 257/257/7 259/259/9 260/260/10
f 261/120/11 262/261/12 263/262/13
f 261/120/11 263/262/13 264/263/14
f 265/192/15 266/264/16 267/265/17
f 265/192/15 267/265/17 268/266/18
f 269/125/19 270/267/20 271/268/21
f 269/125/19 271/268/21 272/269/22
f 273/189/23 274/270/24 275/271/25
f 273/189/23 275/271/25 276/272/26
f 277/119/27 278/273/28 279/274/29
f 277/119/27 279/274/29 280/275/30
f 281/65/31 282/276/32 283/277/33
f 281/65/31 283/277/33 284/278/34
f 285/165/35 286/279/36 287/280/37
f 285/165/35 287/280/37 288/281/38
f 289/110/39 290/282/40 291/283/41
f 289/110/39 291/283/41 292/284/42
f 293/195/43 294/285/44 295/286/45
f 293/195/43 295/286/45 296/287/46
f 297/111/47 298/288/48 299/289/49
f 297/111/47 299/289/49 300/290/50
f 301/164/51 302/291/52 303/292/53
f 301/164/51 303/292/53 304/293/54
f 305/294/55 306/295/56 307/296/57
f 305/294/55 307/296/57 308/297/58
f 309/236/59 310/298/60 311/299/61
f 309/236/59 311/299/61 312/300/62
f 313/148/63 314/301/64 315/302/65
f 313/148/63 315/302/65 316/303/66
f 317/144/67 318/304/68 319/305/69
f 317/144/67 319/305/69 320/306/70
f 321/149/71 322/307/72 323/308/73
f 321/149/71 323/308/73 324/309/74
f 325/235/75 326/310/76 327/311/77
f 325/235/75 327/311/77 328/312/78
f 329/128/79 330/313/80 331/314/81
f 329/128/79 331/314/81 332/315/82
f 333/316/83 334/317/84 335/318/85
f 333/316/83 335/318/85 336/319/86
f 337/220/87 338/320/88 339/321/89
f 337/220/87 339/321/89 340/322/90
f 341/129/91 342/323/92 343/324/93
f 341/129/91 343/324/93 344/325/94
f 345/219/95 346/326/96 347/327/97
f 345/219/95 347/327/97 348/328/98
f 349/209/99 350/329/100 351/330/101
f 349/209/99 351/330/101 352/331/102
s 0
f 353/24/103 354/23/103 355/332/103
f 353/24/103 355/332/103 356/333/103
f 357/334/104 358/335/104 359/162/104
f 357/334/104 359/162/104 360/113/104
f 361/57/105 362/121/105 363/336/105
f 361/57/105 363/336/105 364/337/105
f 365/338/106 366/339/106 367/22/106
f 365/338/106 367/22/106 368/21/106
f 369/51/103 370/20/103 371/340/103
f 369/51/103 371/340/103 372/341/103
f 373/342/104 374/343/104 375/2/104
f 373/342/104 375/2/104 376/216/104
f 370/20/103 377/19/103 378/344/103
f 370/20/103 378/344/103 371/340/103
f 374/343/104 379/345/104 380/3/104
f 374/343/104 380/3/104 375/2/104
f 377/19/103 381/67/103 382/346/103
f 377/19/103 382/346/103 378/344/103
f 379/345/104 383/347/104 384/116/104
f 379/345/104 384/116/104 380/3/104
f 381/67/103 385/69/103 386/348/103
f 381/67/103 386/348/103 382/346/103
f 383/347/104 387/349/104 388/115/104
f 383/347/104 388/115/104 384/116/104
f 385/69/103 389/71/103 390/350/103
f 385/69/103 390/350/103 386/348/103
f 387/349/104 391/351/104 392/114/104
f 387/349/104 392/114/104 388/115/104
f 389/71/103 393/73/103 394/352/103
f 389/71/103 394/352/103 390/350/103
f 391/351/104 395/353/104 396/112/104
f 391/351/104 396/112/104 392/114/104
f 393/73/103 353/24/103 356/333/103
f 393/73/103 356/333/103 394/352/103
f 395/353/104 357/334/104 360/113/104
f 395/353/104 360/113/104 396/112/104
f 397/211/105 398/74/105 399/354/105
f 397/211/105 399/354/105 400/355/105
f 401/356/106 402/357/106 403/17/106
f 401/356/106 403/17/106 404/50/106
f 398/74/105 405/52/105 406/358/105
f 398/74/105 406/358/105 399/354/105
f 402/357/106 407/359/106 408/18/106
f 402/357/106 408/18/106 403/17/106
f 405/52/105 409/53/105 410/360/105
f 405/52/105 410/360/105 406/358/105
f 407/359/106 411/361/106 412/66/106
f 407/359/106 412/66/106 408/18/106
f 409/53/105 413/54/105 414/362/105
f 409/53/105 414/362/105 410/360/105
f 411/361/106 415/363/106 416/68/106
f 411/361/106 416/68/106 412/66/106
f 413/54/105 417/55/105 418/364/105
f 413/54/105 418/364/105 414/362/105
f 415/363/106 419/365/106 420/70/106
f 415/363/106 420/70/106 416/68/106
f 417/55/105 421/56/105 422/366/105
f 417/55/105 422/366/105 418/364/105
f 419/365/106 423/367/106 424/72/106
f 419/365/106 424/72/106 420/70/106
f 421/56/105 361/57/105 364/337/105
f 421/56/105 364/337/105 422/366/105
f 423/367/106 365/338/106 368/21/106
f 423/367/106 368/21/106 424/72/106
f 425/61/107 426/60/107 427/368/107
f 425/61/107 427/368/107 428/369/107
f 429/370/108 430/371/108 431/212/108
f 429/370/108 431/212/108 432/131/108
f 433/182/109 434/181/109 435/372/109
f 433/182/109 435/372/109 436/373/109
f 437/374/110 438/375/110 439/248/110
f 437/374/110 439/248/110 440/206/110
f 441/242/111 442/200/111 443/376/111
f 441/242/111 443/376/111 444/377/111
f 445/378/112 446/379/112 447/132/112
f 445/378/112 447/132/112 448/213/112
f 442/200/111 449/199/111 450/380/111
f 442/200/111 450/380/111 443/376/111
f 446/379/112 451/381/112 452/133/112
f 446/379/112 452/133/112 447/132/112
f 449/199/111 453/204/111 454/382/111
f 449/199/111 454/382/111 450/380/111
f 451/381/112 455/383/112 456/191/112
f 451/381/112 456/191/112 452/133/112
s 1
f 453/204/111 257/257/7 260/260/10
f 453/204/111 260/260/10 454/382/111
f 455/383/112 266/264/16 265/192/15
f 455/383/112 265/192/15 456/191/112
f 269/125/19 457/124/107 458/384/107
f 269/125/19 458/384/107 270/267/20
f 276/272/26 459/385/113 460/190/113
f 276/272/26 460/190/113 273/189/23
s 0
f 457/124/107 461/184/107 462/386/107
f 457/124/107 462/386/107 458/384/107
f 459/385/108 463/387/108 464/130/108
f 459/385/108 464/130/108 460/190/108
f 461/184/107 425/61/107 428/369/107
f 461/184/107 428/369/107 462/386/107
f 463/387/108 429/370/108 432/131/108
f 463/387/108 432/131/108 464/130/108
s 1
f 281/65/31 465/64/109 466/388/109
f 281/65/31 466/388/109 282/276/32
f 288/281/38 467/389/114 468/166/114
f 288/281/38 468/166/114 285/165/35
s 0
f 465/64/109 469/174/109 470/390/109
f 465/64/109 470/390/109 466/388/109
f 467/389/110 471/391/110 472/202/110
f 467/389/110 472/202/110 468/166/110
f 469/174/109 433/182/109 436/373/109
f 469/174/109 436/373/109 470/390/109
f 471/391/110 437/374/110 440/206/110
f 471/391/110 440/206/110 472/202/110
f 473/178/115 474/177/115 475/392/115
f 473/178/115 475/392/115 476/393/115
f 477/394/116 478/395/116 479/205/116
f 477/394/116 479/205/116 480/247/116
f 474/177/115 481/215/115 482/396/115
f 474/177/115 482/396/115 475/392/115
f 478/395/116 483/397/116 484/201/116
f 478/395/116 484/201/116 479/205/116
f 481/215/115 485/196/115 486/398/115
f 481/215/115 486/398/115 482/396/115
f 483/397/116 487/399/116 488/163/116
f 483/397/116 488/163/116 484/201/116
s 1
f 485/196/115 293/195/43 296/287/46
f 485/196/115 296/287/46 486/398/115
f 487/399/116 302/291/52 301/164/51
f 487/399/116 301/164/51 488/163/116
f 285/165/35 301/164/51 304/293/54
f 285/165/35 304/293/54 286/279/36
f 292/284/42 298/288/48 297/111/47
f 292/284/42 297/111/47 289/110/39
f 273/189/23 265/192/15 268/266/18
f 273/189/23 268/266/18 274/270/24
f 280/275/30 262/261/12 261/120/11
f 280/275/30 261/120/11 277/119/27
f 489/108/103 297/111/47 300/290/50
f 489/108/103 300/290/50 490/400/103
f 491/401/104 294/285/44 293/195/43
f 491/401/104 293/195/43 492/194/104
f 493/122/104 269/125/19 272/269/22
f 493/122/104 272/269/22 494/402/104
f 495/403/103 278/273/28 277/119/27
f 495/403/103 277/119/27 496/118/103
s 0
f 497/404/105 397/211/105 400/355/105
f 497/404/105 400/355/105 498/405/105
f 499/406/106 401/356/106 404/50/106
f 499/406/106 404/50/106 500/117/106
f 501/109/106 367/22/106 366/339/106
f 501/109/106 366/339/106 502/407/106
f 503/408/105 363/336/105 362/121/105
f 503/408/105 362/121/105 504/62/105
f 505/170/117 506/169/117 507/409/117
f 505/170/117 507/409/117 508/410/117
f 509/411/118 510/412/118 511/172/118
f 509/411/118 511/172/118 512/153/118
f 513/224/119 514/223/119 515/413/119
f 513/224/119 515/413/119 516/414/119
f 517/415/120 518/416/120 519/155/120
f 517/415/120 519/155/120 520/154/120
f 521/136/117 522/240/117 523/417/117
f 521/136/117 523/417/117 524/418/117
f 525/419/118 526/420/118 527/157/118
f 525/419/118 527/157/118 528/156/118
f 522/240/117 529/244/117 530/421/117
f 522/240/117 530/421/117 523/417/117
f 526/420/118 531/422/118 532/159/118
f 526/420/118 532/159/118 527/157/118
f 529/244/117 533/228/117 534/423/117
f 529/244/117 534/423/117 530/421/117
f 531/422/118 535/424/118 536/252/118
f 531/422/118 536/252/118 532/159/118
f 533/228/117 537/227/117 538/425/117
f 533/228/117 538/425/117 534/423/117
f 535/424/118 539/426/118 540/256/118
f 535/424/118 540/256/118 536/252/118
f 537/227/117 541/230/117 542/427/117
f 537/227/117 542/427/117 538/425/117
f 539/426/118 543/428/118 544/161/118
f 539/426/118 544/161/118 540/256/118
f 541/230/117 545/232/117 546/429/117
f 541/230/117 546/429/117 542/427/117
f 543/428/118 547/430/118 548/152/118
f 543/428/118 548/152/118 544/161/118
f 545/232/117 505/170/117 508/410/117
f 545/232/117 508/410/117 546/429/117
f 547/430/118 509/411/118 512/153/118
f 547/430/118 512/153/118 548/152/118
f 549/187/119 550/141/119 551/431/119
f 549/187/119 551/431/119 552/432/119
f 553/433/120 554/434/120 555/150/120
f 553/433/120 555/150/120 556/171/120
f 550/141/119 557/140/119 558/435/119
f 550/141/119 558/435/119 551/431/119
f 554/434/120 559/436/120 560/151/120
f 554/434/120 560/151/120 555/150/120
f 557/140/119 561/246/119 562/437/119
f 557/140/119 562/437/119 558/435/119
f 559/436/120 563/438/120 564/160/120
f 559/436/120 564/160/120 560/151/120
f 561/246/119 565/250/119 566/439/119
f 561/246/119 566/439/119 562/437/119
f 563/438/120 567/440/120 568/255/120
f 563/438/120 568/255/120 564/160/120
f 565/250/119 569/254/119 570/441/119
f 565/250/119 570/441/119 566/439/119
f 567/440/120 571/442/120 572/251/120
f 567/440/120 572/251/120 568/255/120
f 569/254/119 573/238/119 574/443/119
f 569/254/119 574/443/119 570/441/119
f 571/442/120 575/444/120 576/158/120
f 571/442/120 576/158/120 572/251/120
f 573/238/119 513/224/119 516/414/119
f 573/238/119 516/414/119 574/443/119
f 575/444/120 517/415/120 520/154/120
f 575/444/120 520/154/120 576/158/120
f 577/188/119 549/187/119 552/432/119
f 577/188/119 552/432/119 578/445/119
f 579/446/120 553/433/120 556/171/120
f 579/446/120 556/171/120 580/233/120
s 1
f 581/145/117 317/144/67 320/306/70
f 581/145/117 320/306/70 582/447/117
f 583/448/118 326/310/76 325/235/75
f 583/448/118 325/235/75 584/234/118
f 337/220/87 345/219/95 348/328/98
f 337/220/87 348/328/98 338/320/88
f 332/315/82 342/323/92 341/129/91
f 332/315/82 341/129/91 329/128/79
f 321/149/71 313/148/63 316/303/66
f 321/149/71 316/303/66 322/307/72
f 328/312/78 310/298/60 309/236/59
f 328/312/78 309/236/59 325/235/75
f 585/217/118 337/220/87 340/322/90
f 585/217/118 340/322/90 586/449/118
f 587/450/117 334/317/84 333/316/83
f 587/450/117 333/316/83 588/137/117
s 0
f 589/218/120 519/155/120 518/416/120
f 589/218/120 518/416/120 590/451/120
f 591/452/119 515/413/119 514/223/119
f 591/452/119 514/223/119 592/210/119
f 593/147/108 431/212/108 430/371/108
f 593/147/113 430/371/113 594/453/113
f 595/454/107 427/368/107 426/60/107
f 595/454/107 426/60/107 596/455/107
f 597/127/121 439/248/121 438/375/121
f 597/127/114 438/375/114 598/456/114
f 599/457/109 435/372/109 434/181/109
f 599/457/109 434/181/109 600/458/109
s 1
f 601/208/115 473/178/115 476/393/115
s 0
f 601/208/115 476/393/115 602/459/115
f 603/460/122 477/394/122 480/247/122
f 603/460/116 480/247/116 604/126/116
s 1
f 605/146/112 321/149/71 324/309/74
f 605/146/112 324/309/74 606/461/112
f 607/462/111 318/304/68 317/144/67
f 607/462/111 317/144/67 608/143/111
s 0
f 203/203/2 609/404/2 610/257/2
f 203/203/2 610/257/2 204/204/2
f 611/463/1 612/464/1 613/465/1
f 611/463/1 613/465/1 614/466/1
f 615/467/5 616/468/5 617/469/5
f 615/467/5 617/469/5 618/470/5
f 619/471/1 620/472/1 621/473/1
f 619/471/1 621/473/1 622/474/1
f 623/475/3 624/476/3 625/477/3
f 623/475/3 625/477/3 626/478/3
f 627/479/1 628/480/1 629/481/1
f 627/479/1 629/481/1 622/474/1
f 630/482/2 631/483/2 632/484/2
f 630/482/2 632/484/2 633/485/2
s 1
f 634/486/123 635/487/124 636/488/1
f 634/486/123 636/488/1 637/489/1
s 0
f 638/490/3 639/491/3 640/492/3
f 638/490/3 640/492/3 641/493/3
f 642/494/2 643/495/2 644/496/2
f 642/494/2 644/496/2 645/497/2
f 632/484/2 646/498/2 647/499/2
f 632/484/2 647/499/2 648/500/2
f 649/501/6 650/502/6 651/503/6
f 649/501/6 651/503/6 652/504/6
f 653/505/3 654/506/3 655/507/3
f 653/505/3 655/507/3 656/508/3
f 657/509/1 658/510/1 659/511/1
f 657/509/1 659/511/1 660/512/1
f 661/513/6 662/514/6 663/515/6
f 661/513/6 663/515/6 664/516/6
f 665/517/1 627/479/1 622/474/1
f 665/517/1 622/474/1 621/473/1
f 666/518/5 667/519/5 668/520/5
f 666/518/5 668/520/5 669/521/5
f 652/504/6 651/503/6 670/522/6
f 652/504/6 670/522/6 671/523/6
f 672/524/2 673/525/2 674/526/2
f 672/524/2 674/526/2 675/527/2
f 640/492/3 676/528/3 677/529/3
f 640/492/3 677/529/3 678/530/3
f 679/531/6 680/532/6 681/533/6
f 679/531/6 681/533/6 682/534/6
f 683/535/3 684/536/3 685/537/3
f 683/535/3 685/537/3 686/538/3
f 687/539/4 688/540/4 689/541/4
f 687/539/4 689/541/4 690/542/4
f 691/543/1 692/544/1 693/545/1
f 691/543/1 693/545/1 694/546/1
f 695/547/5 696/548/5 697/549/5
f 695/547/5 697/549/5 698/550/5
f 699/551/6 700/552/6 701/553/6
f 699/551/6 701/553/6 702/554/6
f 703/555/3 704/556/3 705/557/3
f 703/555/3 705/557/3 706/558/3
f 707/559/4 708/560/4 709/561/4
f 707/559/4 709/561/4 710/562/4
f 711/563/6 712/564/6 713/565/6
f 711/563/6 713/565/6 714/566/6
f 715/567/6 716/568/6 717/569/6
f 715/567/6 717/569/6 718/570/6
f 719/571/5 615/467/5 618/470/5
f 719/571/5 618/470/5 720/572/5
f 721/573/4 722/574/4 723/575/4
f 721/573/4 723/575/4 724/576/4
f 725/577/2 726/578/2 727/579/2
f 725/577/2 727/579/2 728/580/2
f 729/581/6 730/582/6 731/583/6
f 729/581/6 731/583/6 732/584/6
f 733/585/3 734/586/3 735/587/3
f 733/585/3 735/587/3 736/588/3
f 737/589/2 738/590/2 726/578/2
f 737/589/2 726/578/2 725/577/2
f 739/591/5 740/592/5 741/593/5
f 739/591/5 741/593/5 742/594/5
f 716/568/6 743/595/6 744/596/6
f 716/568/6 744/596/6 717/569/6
f 745/597/6 746/598/6 680/532/6
f 745/597/6 680/532/6 679/531/6
f 747/599/3 748/600/3 749/601/3
f 747/599/3 749/601/3 750/602/3
f 751/603/1 752/604/1 753/605/1
f 751/603/1 753/605/1 754/606/1
f 755/607/6 661/513/6 664/516/6
f 755/607/6 664/516/6 756/608/6
f 757/609/1 753/605/1 752/604/1
f 757/609/1 752/604/1 758/610/1
f 759/611/6 681/533/6 680/532/6
f 759/611/6 680/532/6 760/612/6
f 690/542/4 689/541/4 761/613/4
f 690/542/4 761/613/4 762/614/4
f 763/615/3 747/599/3 750/602/3
f 763/615/3 750/602/3 764/616/3
f 765/617/1 614/466/1 613/465/1
s 1
f 765/617/1 613/465/1 766/618/125
s 0
f 767/619/3 683/535/3 686/538/3
f 767/619/3 686/538/3 768/620/3
f 639/491/3 769/621/3 676/528/3
f 639/491/3 676/528/3 640/492/3
s 1
f 770/622/1 771/623/126 636/488/1
s 0
f 770/622/1 636/488/1 772/624/1
f 773/625/3 750/602/3 749/601/3
f 773/625/3 749/601/3 774/626/3
f 775/627/3 686/538/3 685/537/3
f 775/627/3 685/537/3 776/628/3
f 777/629/2 778/630/2 779/631/2
f 777/629/2 779/631/2 780/632/2
f 781/633/6 664/516/6 663/515/6
f 781/633/6 663/515/6 782/634/6
s 1
f 637/489/1 636/488/1 771/623/126
f 637/489/1 771/623/126 783/635/127
s 0
f 754/606/1 753/605/1 784/636/1
f 754/606/1 784/636/1 785/637/1
f 786/638/3 787/639/3 788/640/3
f 786/638/3 788/640/3 789/641/3
s 1
f 772/624/1 636/488/1 635/487/124
f 772/624/1 635/487/124 790/642/1
s 0
f 791/643/6 756/608/6 664/516/6
f 791/643/6 664/516/6 781/633/6
f 792/644/2 793/645/2 794/646/2
f 792/644/2 794/646/2 795/647/2
f 796/648/3 797/649/3 798/650/3
f 796/648/3 798/650/3 799/651/3
f 800/652/2 801/653/2 802/654/2
f 800/652/2 802/654/2 803/655/2
f 804/656/2 779/631/2 778/630/2
f 804/656/2 778/630/2 805/657/2
f 806/658/2 726/578/2 738/590/2
f 806/658/2 738/590/2 807/659/2
f 808/660/2 809/661/2 673/525/2
f 808/660/2 673/525/2 672/524/2
f 641/493/3 640/492/3 678/530/3
f 641/493/3 678/530/3 810/662/3
f 760/612/6 680/532/6 746/598/6
f 760/612/6 746/598/6 811/663/6
f 812/664/4 813/665/4 814/666/4
f 812/664/4 814/666/4 815/667/4
f 816/668/4 817/669/4 818/670/4
f 816/668/4 818/670/4 819/671/4
s 1
f 820/672/128 821/673/1 614/466/1
f 820/672/128 614/466/1 765/617/1
s 0
f 712/564/6 822/674/6 823/675/6
f 712/564/6 823/675/6 713/565/6
f 824/676/1 784/636/1 753/605/1
f 824/676/1 753/605/1 757/609/1
f 700/552/6 825/677/6 826/678/6
f 700/552/6 826/678/6 701/553/6
f 827/679/4 707/559/4 710/562/4
f 827/679/4 710/562/4 828/680/4
f 633/485/2 632/484/2 648/500/2
f 633/485/2 648/500/2 829/681/2
f 742/594/5 741/593/5 830/682/5
f 742/594/5 830/682/5 831/683/5
f 674/526/2 673/525/2 832/684/2
f 674/526/2 832/684/2 833/685/2
f 834/686/3 653/505/3 656/508/3
f 834/686/3 656/508/3 835/687/3
f 836/688/5 837/689/5 838/690/5
f 836/688/5 838/690/5 839/691/5
f 840/692/2 841/693/2 842/694/2
f 840/692/2 842/694/2 843/695/2
f 780/632/2 779/631/2 844/696/2
f 780/632/2 844/696/2 845/697/2
f 846/698/5 847/699/5 848/700/5
f 846/698/5 848/700/5 849/701/5
s 1
f 850/702/129 851/703/130 852/704/131
f 850/702/129 852/704/131 853/705/132
f 854/706/133 855/707/40 856/708/134
f 854/706/133 856/708/134 857/709/135
f 858/710/31 859/711/136 860/712/137
f 858/710/31 860/712/137 861/713/138
f 862/521/139 863/714/140 864/715/141
f 862/521/139 864/715/141 865/716/142
f 866/483/7 867/717/143 868/718/144
f 866/483/7 868/718/144 869/719/145
f 870/558/146 871/720/147 872/721/148
f 870/558/146 872/721/148 873/722/149
f 874/682/150 875/723/151 876/724/152
f 874/682/150 876/724/152 877/725/153
f 878/726/154 879/727/155 880/728/156
f 878/726/154 880/728/156 881/729/157
f 882/730/158 883/731/159 884/732/160
f 882/730/158 884/732/160 885/733/161
f 886/661/162 887/734/84 888/735/163
f 886/661/162 888/735/163 889/736/86
f 890/570/164 891/737/165 892/738/89
f 890/570/164 892/738/89 893/739/90
f 894/614/166 895/740/167 896/741/168
f 894/614/166 896/741/168 897/742/169
f 898/665/91 899/743/170 900/744/171
f 898/665/91 900/744/171 901/745/172
f 902/522/173 903/746/174 904/747/175
f 902/522/173 904/747/175 905/748/176
f 906/472/99 907/749/100 908/750/177
f 906/472/99 908/750/177 909/751/178
f 910/582/179 911/752/180 912/753/181
f 910/582/179 912/753/181 913/754/182
f 914/549/183 915/755/184 916/756/185
f 914/549/183 916/756/185 917/757/186
f 918/511/187 919/758/188 920/759/189
f 918/511/187 920/759/189 921/760/190
f 922/506/47 923/761/191 924/762/192
f 922/506/47 924/762/192 925/763/193
f 926/561/194 927/764/52 928/765/195
f 926/561/194 928/765/195 929/766/196
f 930/545/43 931/767/197 932/768/198
f 930/545/43 932/768/198 933/769/199
f 934/468/200 935/770/201 936/771/202
f 934/468/200 936/771/202 937/772/26
f 938/529/27 939/773/203 940/774/204
f 938/529/27 940/774/204 941/775/205
f 942/464/206 943/776/20 944/777/207
f 942/464/206 944/777/207 945/778/22
f 946/571/208 947/779/209 948/780/210
f 946/571/208 948/780/210 949/781/18
f 950/646/7 951/782/211 952/783/212
f 950/646/7 952/783/212 953/784/213
f 954/662/11 955/785/214 956/786/215
f 954/662/11 956/786/215 957/787/149
f 958/685/31 959/788/32 960/789/216
f 958/685/31 960/789/216 961/790/217
f 962/680/218 963/791/219 964/792/220
f 962/680/218 964/792/220 965/793/221
f 966/686/39 967/794/222 968/795/223
f 966/686/39 968/795/223 969/796/224
f 970/797/225 971/798/226 972/799/227
f 970/797/225 972/799/227 973/800/228
f 974/481/43 975/801/229 976/802/230
f 974/481/43 976/802/230 977/803/46
f 978/804/231 979/805/232 980/806/233
f 978/804/231 980/806/233 981/807/193
f 982/539/234 983/808/235 984/809/236
f 982/539/234 984/809/236 985/810/237
f 986/596/173 987/811/238 988/812/239
f 986/596/173 988/812/239 989/813/240
f 990/814/99 991/815/241 992/816/177
f 990/814/99 992/816/177 993/817/242
f 994/818/179 995/819/180 996/820/243
f 994/818/179 996/820/243 997/821/182
f 998/592/244 999/822/245 1000/823/246
f 998/592/244 1000/823/246 1001/824/247
f 1002/673/248 1003/825/249 1004/826/189
f 1002/673/248 1004/826/189 1005/827/250
f 1006/518/251 1007/828/252 1008/829/253
f 1006/518/251 1008/829/253 1009/830/254
f 1010/557/255 1011/831/28 1012/832/256
f 1010/557/255 1012/832/256 1013/833/257
f 1014/834/258 1015/835/259 1016/836/260
f 1014/834/258 1016/836/260 1017/837/261
f 1018/550/71 1019/838/262 1020/839/263
f 1018/550/71 1020/839/263 1021/840/264
f 1022/581/154 1023/841/265 1024/842/266
f 1022/581/154 1024/842/266 1025/843/267
f 1026/499/67 1027/844/68 1028/845/160
f 1026/499/67 1028/845/160 1029/846/268
f 1030/664/269 1031/847/80 1032/848/270
f 1030/664/269 1032/848/270 1033/849/271
f 1034/497/272 1035/850/273 1036/851/274
f 1034/497/272 1036/851/274 1037/852/275
f 1038/523/276 1039/853/165 1040/854/277
f 1038/523/276 1040/854/277 1041/855/278
f 1042/512/279 1043/856/280 1044/857/260
f 1042/512/279 1044/857/260 1045/858/281
f 1046/548/282 1047/859/24 1048/860/202
f 1046/548/282 1048/860/202 1049/861/26
f 1050/475/255 1051/862/28 1052/863/283
f 1050/475/255 1052/863/283 1053/864/30
f 1054/471/284 1055/865/229 1056/866/230
f 1054/471/284 1056/866/230 1057/867/46
f 1058/586/231 1059/868/232 1060/866/285
f 1058/586/231 1060/866/285 1061/865/193
f 1062/666/194 1063/869/52 1064/870/195
f 1062/666/194 1064/870/195 1065/871/286
f 1066/520/287 1067/872/288 1068/873/289
f 1066/520/287 1068/873/289 1069/874/290
f 1070/477/291 1071/875/291 1068/873/289
f 1070/477/291 1068/873/289 1067/872/288
f 1072/484/292 1073/876/293 1074/877/294
f 1072/484/292 1074/877/294 1075/878/295
f 1076/879/296 1077/880/297 1078/881/298
f 1076/879/296 1078/881/298 1079/882/299
f 1080/495/300 1081/883/301 1082/884/302
f 1080/495/300 1082/884/302 1083/885/303
f 1084/588/304 1079/882/299 1078/881/298
f 1084/588/304 1078/881/298 1085/886/304
f 1086/667/305 1087/887/306 1088/888/220
f 1086/667/305 1088/888/220 1089/889/221
f 1090/585/133 1091/890/40 1092/891/307
f 1090/585/133 1092/891/307 1093/892/42
f 1094/494/308 1095/893/309 1096/894/137
f 1094/494/308 1096/894/137 1097/895/138
f 1098/498/310 1099/896/311 1100/897/144
f 1098/498/310 1100/897/144 1101/898/145
f 1102/476/146 1103/899/147 1104/900/312
f 1102/476/146 1104/900/312 1105/901/149
f 1106/547/208 1107/902/16 1108/903/210
f 1106/547/208 1108/903/210 1109/904/313
f 1110/683/314 1111/905/315 1112/906/316
f 1110/683/314 1112/906/316 1113/907/317
f 1114/644/318 1115/908/319 1116/909/320
f 1114/644/318 1116/909/320 1117/910/321
f 1118/554/322 1113/907/317 1112/906/316
f 1118/554/322 1112/906/316 1119/911/323
f 1120/613/324 1121/912/325 1122/913/326
f 1120/613/324 1122/913/326 1123/914/327
f 1124/675/328 1125/915/329 1122/913/326
f 1124/675/328 1122/913/326 1121/912/325
f 1126/525/330 1127/916/331 1128/917/332
f 1126/525/330 1128/917/332 1129/918/333
f 1130/560/334 1131/919/335 1132/920/171
f 1130/560/334 1132/920/171 1133/921/94
f 1134/563/336 1135/922/96 1136/923/337
f 1134/563/336 1136/923/337 1137/924/240
f 1138/546/338 1139/925/100 1140/926/177
f 1138/546/338 1140/926/177 1141/927/102
f 1142/469/183 1143/928/184 1144/929/185
f 1142/469/183 1144/929/185 1145/930/66
f 1146/463/187 1147/931/339 1148/932/189
f 1146/463/187 1148/932/189 1149/933/58
f 1150/677/59 1151/934/60 1152/935/340
f 1150/677/59 1152/935/340 1153/936/341
f 1154/572/342 1155/937/72 1156/938/263
f 1154/572/342 1156/938/263 1157/939/74
f 1158/551/343 1159/940/76 1160/941/344
f 1158/551/343 1160/941/344 1161/942/157
f 1162/647/158 1163/943/68 1164/944/160
f 1162/647/158 1164/944/160 1165/945/268
f 1166/684/83 1167/946/345 1168/947/274
f 1166/684/83 1168/947/274 1169/948/275
f 1170/674/87 1171/949/88 1172/950/346
f 1170/674/87 1172/950/346 1173/951/278
f 1174/679/269 1175/952/347 1176/953/270
f 1174/679/269 1176/953/270 1177/954/82
f 1178/591/348 1179/955/349 1180/956/350
f 1178/591/348 1180/956/350 1181/957/351
f 1182/678/352 1183/958/352 1180/956/350
f 1182/678/352 1180/956/350 1179/955/349
f 1184/466/353 1185/959/354 1186/960/355
f 1184/466/353 1186/960/355 1187/961/356
f 1188/543/357 1189/962/358 1190/963/359
f 1188/543/357 1190/963/359 1191/964/360
f 1192/566/361 1193/965/362 1194/966/363
f 1192/566/361 1194/966/363 1195/967/364
f 1196/540/365 1197/968/366 1194/966/363
f 1196/540/365 1194/966/363 1193/965/362
f 1198/969/367 1199/970/368 1200/971/368
f 1198/969/367 1200/971/368 1201/972/369
f 1202/587/370 1203/973/370 1200/971/368
f 1202/587/370 1200/971/368 1199/970/368
f 1204/474/371 1205/974/372 1206/971/373
f 1204/474/371 1206/971/373 1207/973/374
f 1208/519/375 1209/975/375 1210/976/376
f 1208/519/375 1210/976/376 1211/977/377
f 1212/509/378 1213/978/379 1214/979/380
f 1212/509/378 1214/979/380 1215/980/381
f 1216/478/382 1211/977/377 1210/976/376
f 1216/478/382 1210/976/376 1217/981/383
f 1218/982/39 1219/983/222 1220/984/223
f 1218/982/39 1220/984/223 1221/985/224
f 1222/579/31 1223/986/32 1224/987/137
f 1222/579/31 1224/987/137 1225/988/217
f 1226/573/129 1227/989/36 1228/990/384
f 1226/573/129 1228/990/384 1229/991/385
f 1230/701/386 1231/992/387 1232/993/388
f 1230/701/386 1232/993/388 1233/994/313
f 1234/995/7 1235/996/8 1236/997/9
f 1234/995/7 1236/997/9 1237/998/10
f 1238/620/11 1239/999/12 1240/1000/389
f 1238/620/11 1240/1000/389 1241/1001/149
f 1242/1002/39 1243/1003/390 1244/1004/391
f 1242/1002/39 1244/1004/391 1245/1005/135
f 1246/696/31 1247/1006/392 1248/1007/33
f 1246/696/31 1248/1007/33 1249/1008/34
f 1250/668/218 1251/1009/393 1252/1010/394
f 1250/668/218 1252/1010/394 1253/1011/395
f 1254/691/386 1255/1012/396 1256/1013/397
f 1254/691/386 1256/1013/397 1257/1014/398
f 1258/1015/7 1259/1016/211 1260/1017/144
f 1258/1015/7 1260/1017/144 1261/1018/399
f 1262/616/11 1263/1019/214 1264/1020/215
f 1262/616/11 1264/1020/215 1265/1021/400
f 1266/639/401 1267/1022/402 1268/1023/403
f 1266/639/401 1268/1023/403 1269/1024/403
f 1270/656/404 1271/1025/405 1272/1026/406
f 1270/656/404 1272/1026/406 1273/1027/295
f 1274/690/407 1275/1028/403 1276/1029/408
f 1274/690/407 1276/1029/408 1277/1030/409
f 1278/638/410 1279/1031/411 1280/1032/299
f 1278/638/410 1280/1032/299 1281/1033/412
f 1282/669/413 1283/1034/413 1284/1035/299
f 1282/669/413 1284/1035/299 1285/1036/411
f 1286/631/414 1287/1037/415 1288/1038/416
f 1286/631/414 1288/1038/416 1289/1039/417
f 1290/649/401 1291/1040/402 1292/1041/408
f 1290/649/401 1292/1041/408 1293/1042/403
f 1294/658/404 1295/1043/293 1296/1044/406
f 1294/658/404 1296/1044/406 1297/1045/418
f 1298/700/407 1299/1046/408 1300/1047/408
f 1298/700/407 1300/1047/408 1301/1048/419
f 1302/648/410 1303/1049/411 1304/1050/411
f 1302/648/410 1304/1050/411 1305/1051/412
f 1306/574/420 1307/1052/413 1308/1053/411
f 1306/574/420 1308/1053/411 1309/1054/411
f 1310/578/414 1311/1055/415 1312/1056/416
f 1310/578/414 1312/1056/416 1313/1057/417
f 1314/671/421 1315/1058/422 1316/1059/423
f 1314/671/421 1316/1059/423 1317/1060/424
f 1318/693/425 1319/1061/426 1316/1059/423
f 1318/693/425 1316/1059/423 1315/1058/422
f 1320/625/427 1321/1062/428 1322/1063/429
f 1320/625/427 1322/1063/429 1323/1064/430
f 1324/692/431 1325/1065/432 1326/1066/432
f 1324/692/431 1326/1066/432 1327/1067/431
f 1328/688/433 1329/1068/433 1326/1066/432
f 1328/688/433 1326/1066/432 1325/1065/432
f 1330/602/434 1331/1069/435 1332/1070/436
f 1330/602/434 1332/1070/436 1333/1071/437
f 1334/576/421 1335/1072/422 1336/1073/423
f 1334/576/421 1336/1073/423 1337/1074/424
f 1338/653/425 1339/1075/425 1336/1073/423
f 1338/653/425 1336/1073/423 1335/1072/422
f 1340/627/427 1341/1076/438 1342/1077/429
f 1340/627/427 1342/1077/429 1343/1078/430
f 1344/698/433 1345/1079/439 1346/1080/440
f 1344/698/433 1346/1080/440 1347/1081/432
f 1348/538/434 1349/1082/435 1350/1083/436
f 1348/538/434 1350/1083/436 1351/1084/441
f 1352/652/442 1347/1081/432 1346/1080/440
f 1352/652/442 1346/1080/440 1353/1085/443
f 1354/641/39 1355/1086/222 1356/1087/307
f 1354/641/39 1356/1087/307 1357/1088/42
f 1358/694/31 1359/1089/32 1360/1087/216
f 1358/694/31 1360/1087/216 1361/1086/34
f 1362/670/305 1363/1090/393 1364/1087/394
f 1362/670/305 1364/1087/394 1365/1089/395
f 1366/689/386 1367/1091/396 1368/1092/397
f 1366/689/386 1368/1092/397 1369/1093/444
f 1370/695/7 1371/1094/8 1372/1092/445
f 1370/695/7 1372/1092/445 1373/1091/145
f 1374/640/11 1375/1095/12 1376/1092/389
f 1374/640/11 1376/1092/389 1377/1094/14
f 1378/651/39 1379/1096/446 1380/1097/391
f 1378/651/39 1380/1097/391 1381/1098/224
f 1382/654/31 1383/1099/392 1384/1097/447
f 1382/654/31 1384/1097/447 1385/1096/34
f 1386/575/218 1387/1100/393 1388/1097/384
f 1386/575/218 1388/1097/384 1389/1099/385
f 1390/650/11 1391/1101/12 1392/1102/312
f 1390/650/11 1392/1102/312 1393/1103/14
f 1394/699/208 1395/1104/387 1396/1102/388
f 1394/699/208 1396/1102/388 1397/1105/313
f 1398/655/7 1399/1103/311 1400/1102/212
f 1398/655/7 1400/1102/212 1401/1104/10
f 1402/593/448 998/592/244 1001/824/247
f 1402/593/448 1001/824/247 1403/1106/448
f 1404/1107/449 995/819/180 994/818/179
f 1404/1107/449 994/818/179 1405/1108/449
f 1126/525/330 886/661/162 889/736/86
f 1126/525/330 889/736/86 1127/916/331
f 1406/914/121 895/740/167 894/614/166
f 1406/914/121 894/614/166 1407/613/450
f 1038/523/276 902/522/173 905/748/176
f 1038/523/276 905/748/176 1039/853/165
f 1033/849/271 899/743/170 898/665/91
f 1033/849/271 898/665/91 1030/664/269
s 0
f 1408/1109/451 1409/583/451 1410/1110/451
f 1408/1109/451 1410/1110/451 1411/1111/451
f 1412/1112/452 1413/1113/452 1414/510/452
f 1412/1112/119 1414/510/119 1415/1114/119
s 1
f 910/582/179 1022/581/154 1025/843/267
f 910/582/179 1025/843/267 911/752/180
f 917/757/186 1019/838/262 1018/550/71
f 917/757/186 1018/550/71 914/549/183
f 1416/530/453 938/529/27 941/775/205
f 1416/530/453 941/775/205 1417/1115/453
f 1418/1116/454 935/770/201 934/468/200
f 1418/1116/454 934/468/200 1419/467/454
f 978/804/231 854/706/133 857/709/135
f 978/804/231 857/709/135 979/805/232
f 973/800/228 851/703/130 850/702/129
f 973/800/228 850/702/129 970/797/225
f 870/558/146 1010/557/255 1013/833/257
f 870/558/146 1013/833/257 871/720/147
f 865/716/142 1007/828/252 1006/518/251
f 865/716/142 1006/518/251 862/521/139
f 1420/555/106 870/558/146 873/722/149
f 1420/555/106 873/722/149 1421/1117/106
f 1422/1118/105 867/717/143 866/483/7
f 1422/1118/105 866/483/7 1423/482/105
f 1042/512/279 918/511/187 921/760/190
f 1042/512/279 921/760/190 1043/856/280
f 1049/861/26 915/755/184 914/549/183
f 1049/861/26 914/549/183 1046/548/282
f 1424/473/452 906/472/99 909/751/178
f 1424/473/452 909/751/178 1425/1119/452
f 1426/1120/451 903/746/174 902/522/173
f 1426/1120/451 902/522/173 1427/503/451
f 1409/583/451 910/582/179 913/754/182
f 1409/583/451 913/754/182 1410/1110/451
f 1413/1113/119 919/758/188 918/511/187
f 1413/1113/119 918/511/187 1414/510/119
f 930/545/43 1428/544/104 1429/1121/104
f 930/545/43 1429/1121/104 931/767/197
f 925/763/193 1430/1122/103 1431/507/103
f 925/763/193 1431/507/103 922/506/47
f 938/529/27 1432/528/103 1433/1123/103
f 938/529/27 1433/1123/103 939/773/203
f 945/778/22 1434/1124/104 1435/465/104
f 945/778/22 1435/465/104 942/464/206
f 1142/469/183 934/468/200 937/772/26
f 1142/469/183 937/772/26 1143/928/184
f 1149/933/58 943/776/20 942/464/206
f 1149/933/58 942/464/206 1146/463/187
f 1162/647/158 950/646/7 953/784/213
f 1162/647/158 953/784/213 1163/943/68
f 1157/939/74 947/779/209 946/571/208
f 1157/939/74 946/571/208 1154/572/342
f 950/646/7 1436/645/105 1437/1125/105
f 950/646/7 1437/1125/105 951/782/211
f 957/787/149 1438/1126/106 1439/493/106
f 957/787/149 1439/493/106 954/662/11
f 966/686/39 1440/687/106 1441/1127/106
f 966/686/39 1441/1127/106 967/794/222
f 961/790/217 1442/1128/105 1443/526/105
f 961/790/217 1443/526/105 958/685/31
f 1444/1129/104 1014/834/258 1017/837/261
f 1444/1129/104 1017/837/261 1445/1130/104
f 1446/1131/103 1011/831/28 1010/557/255
f 1446/1131/103 1010/557/255 1447/556/103
s 0
f 1448/681/117 1449/500/117 1450/1132/117
f 1448/681/117 1450/1132/117 1451/1133/117
f 1452/1134/455 1453/1135/455 1454/584/455
f 1452/1134/455 1454/584/455 1455/1136/455
s 1
f 1449/500/117 1026/499/67 1029/846/268
f 1449/500/117 1029/846/268 1450/1132/117
f 1453/1135/455 1023/841/265 1022/581/154
f 1453/1135/455 1022/581/154 1454/584/455
f 1456/504/455 1038/523/276 1041/855/278
f 1456/504/455 1041/855/278 1457/1137/455
f 1458/1138/117 1035/850/273 1034/497/272
f 1458/1138/117 1034/497/272 1459/496/117
f 1106/547/208 1018/550/71 1021/840/264
f 1106/547/208 1021/840/264 1107/902/16
f 1101/898/145 1027/844/68 1026/499/67
f 1101/898/145 1026/499/67 1098/498/310
f 1460/542/456 894/614/166 897/742/169
f 1460/542/456 897/742/169 1461/1139/456
f 1462/1140/457 891/737/165 890/570/164
f 1462/1140/457 890/570/164 1463/569/457
f 1464/505/458 966/686/39 969/796/224
f 1464/505/458 969/796/224 1465/1141/458
f 1466/1142/459 963/791/219 962/680/218
f 1466/1142/459 962/680/218 1467/562/459
f 906/472/99 1054/471/284 1057/867/46
f 906/472/99 1057/867/46 907/749/100
f 901/745/172 1063/869/52 1062/666/194
f 901/745/172 1062/666/194 898/665/91
f 862/521/139 1468/520/112 1469/874/112
f 862/521/139 1469/874/112 863/714/140
f 869/719/145 1073/876/293 1072/484/292
f 869/719/145 1072/484/292 866/483/7
f 858/710/31 1080/495/300 1083/885/303
f 858/710/31 1083/885/303 859/711/136
f 853/705/132 1470/880/460 1471/879/460
f 853/705/132 1471/879/460 850/702/129
f 1030/664/269 1086/667/305 1089/889/221
f 1030/664/269 1089/889/221 1031/847/80
f 1037/852/275 1095/893/309 1094/494/308
f 1037/852/275 1094/494/308 1034/497/272
f 1046/548/282 1106/547/208 1109/904/313
f 1046/548/282 1109/904/313 1047/859/24
f 1053/864/30 1103/899/147 1102/476/146
f 1053/864/30 1102/476/146 1050/475/255
f 1098/498/310 1072/484/292 1075/878/295
f 1098/498/310 1075/878/295 1099/896/311
f 1105/901/149 1472/875/461 1473/477/461
f 1105/901/149 1473/477/461 1102/476/146
f 1080/495/300 1094/494/308 1097/895/138
f 1080/495/300 1097/895/138 1081/883/301
f 1474/886/461 1091/890/40 1090/585/133
f 1474/886/461 1090/585/133 1475/588/461
f 1058/586/231 1090/585/133 1093/892/42
f 1058/586/231 1093/892/42 1059/868/232
f 1065/871/286 1087/887/306 1086/667/305
f 1065/871/286 1086/667/305 1062/666/194
f 882/730/158 1114/644/318 1117/910/321
f 882/730/158 1117/910/321 883/731/159
f 877/725/153 1476/905/462 1477/683/462
f 877/725/153 1477/683/462 874/682/150
f 926/561/194 1130/560/334 1133/921/94
f 926/561/194 1133/921/94 927/764/52
f 933/769/199 1139/925/100 1138/546/338
f 933/769/199 1138/546/338 930/545/43
f 958/685/31 1166/684/83 1169/948/275
f 958/685/31 1169/948/275 959/788/32
f 965/793/221 1175/952/347 1174/679/269
f 965/793/221 1174/679/269 962/680/218
f 1478/559/463 1174/679/269 1177/954/82
f 1478/559/463 1177/954/82 1479/1143/463
f 1480/1144/464 1171/949/88 1170/674/87
f 1480/1144/464 1170/674/87 1481/564/464
f 1114/644/318 1162/647/158 1165/945/268
f 1114/644/318 1165/945/268 1115/908/319
f 1482/911/118 1159/940/76 1158/551/343
f 1482/911/118 1158/551/343 1483/554/118
f 1484/675/118 1170/674/87 1173/951/278
f 1484/675/118 1173/951/278 1485/915/118
f 1129/918/333 1167/946/345 1166/684/83
f 1129/918/333 1166/684/83 1126/525/330
f 1486/552/465 1158/551/343 1161/942/157
f 1486/552/465 1161/942/157 1487/1145/465
f 1488/1146/466 1155/937/72 1154/572/342
f 1488/1146/466 1154/572/342 1489/470/466
f 998/592/244 1490/591/108 1491/957/108
f 998/592/244 1491/957/108 999/822/245
f 1005/827/250 1185/959/354 1184/466/353
f 1005/827/250 1184/466/353 1002/673/248
f 990/814/99 1188/543/357 1191/964/360
f 990/814/99 1191/964/360 991/815/241
f 985/810/237 1492/968/122 1493/540/122
f 985/810/237 1493/540/122 982/539/234
f 1204/474/371 974/481/43 977/803/46
f 1204/474/371 977/803/46 1205/974/372
f 1494/972/116 971/798/226 970/797/225
f 1494/972/116 970/797/225 1495/969/122
f 1496/519/467 1006/518/251 1009/830/254
f 1496/519/467 1009/830/254 1497/975/467
f 1215/980/381 1015/835/259 1014/834/258
f 1215/980/381 1014/834/258 1212/509/378
f 1498/587/468 1058/586/231 1061/865/193
f 1498/587/468 1061/865/193 1499/973/468
f 1207/973/374 1055/865/229 1054/471/284
f 1207/973/374 1054/471/284 1204/474/371
s 0
f 1500/588/469 1501/587/469 1502/970/469
f 1500/588/470 1502/970/470 1503/882/470
f 1504/882/471 1505/970/471 1506/969/471
f 1504/882/472 1506/969/472 1507/879/472
s 1
f 1134/563/336 1508/566/120 1509/967/120
f 1134/563/336 1509/967/120 1135/922/96
f 1141/927/102 1189/962/358 1188/543/357
f 1141/927/102 1188/543/357 1138/546/338
s 0
f 1510/541/473 1511/540/473 1512/965/473
f 1510/541/456 1512/965/456 1513/1147/456
s 1
f 1514/1147/474 1515/965/474 1516/566/474
s 0
f 1514/1147/457 1516/566/457 1517/565/457
s 1
f 1518/678/120 1150/677/59 1153/936/341
f 1518/678/120 1153/936/341 1519/958/120
f 1187/961/356 1147/931/339 1146/463/187
f 1187/961/356 1146/463/187 1184/466/353
s 0
f 1520/553/449 1521/678/449 1522/955/449
f 1520/553/449 1522/955/449 1523/1148/449
f 1524/1148/448 1525/955/448 1526/591/448
f 1524/1148/448 1526/591/448 1527/594/448
s 1
f 1050/475/255 1528/478/468 1529/981/468
f 1050/475/255 1529/981/468 1051/862/28
f 1045/858/281 1213/978/379 1212/509/378
f 1045/858/281 1212/509/378 1042/512/279
s 0
f 1530/520/475 1531/519/475 1532/977/475
f 1530/520/476 1532/977/476 1533/872/476
f 1534/872/477 1535/977/477 1536/478/477
s 1
f 1534/872/478 1536/478/478 1537/477/478
s 0
f 1538/663/120 1539/598/120 1540/1149/120
f 1538/663/120 1540/1149/120 1541/1150/120
f 1542/1151/119 1543/1152/119 1544/637/119
f 1542/1151/119 1544/637/119 1545/636/119
s 1
f 1546/634/479 1547/515/480 1548/1153/480
f 1546/634/479 1548/1153/480 1549/1154/479
f 1550/1155/481 1551/1156/482 783/635/127
f 1550/1155/481 783/635/127 771/623/126
s 0
f 1552/626/103 1553/601/103 1554/1157/103
f 1552/626/103 1554/1157/103 1555/1158/103
s 1
f 1556/1159/104 1557/1160/104 1558/604/104
s 0
f 1556/1159/104 1558/604/104 1559/603/104
s 1
f 1560/628/483 1561/537/484 1562/1161/484
f 1560/628/483 1562/1161/484 1563/1162/483
f 1564/1163/485 1565/1164/486 635/487/124
f 1564/1163/485 635/487/124 634/486/123
s 0
f 1566/608/118 1567/643/118 1568/1165/118
f 1566/608/118 1568/1165/118 1569/1166/118
f 1570/1167/117 1571/1168/117 1572/659/117
f 1570/1167/117 1572/659/117 1573/590/117
f 1574/649/106 1575/648/106 1576/1051/106
f 1574/649/106 1576/1051/106 1577/1040/106
s 1
f 1297/1045/418 1311/1055/415 1310/578/414
f 1297/1045/418 1310/578/414 1294/658/404
s 0
f 1578/533/118 1579/611/118 1580/1169/118
f 1578/533/118 1580/1169/118 1581/1170/118
f 1582/1171/117 1583/1172/117 1584/657/117
f 1582/1171/117 1584/657/117 1585/630/117
f 1586/639/106 1587/638/106 1588/1033/106
f 1586/639/106 1588/1033/106 1589/1022/106
s 1
f 1273/1027/295 1287/1037/415 1286/631/414
f 1273/1027/295 1286/631/414 1270/656/404
f 1320/625/427 1242/1002/39 1245/1005/135
f 1320/625/427 1245/1005/135 1321/1062/428
f 1590/1060/487 1251/1009/393 1250/668/218
f 1590/1060/487 1250/668/218 1591/671/487
f 1366/689/386 1592/688/488 1593/1065/488
f 1366/689/386 1593/1065/488 1367/1091/396
f 1373/1091/145 1594/1065/111 1595/692/111
f 1373/1091/145 1595/692/111 1370/695/7
f 1340/627/427 1218/982/39 1221/985/224
f 1340/627/427 1221/985/224 1341/1076/438
f 1596/1074/487 1227/989/36 1226/573/129
f 1596/1074/487 1226/573/129 1597/576/487
f 1370/695/7 1358/694/31 1361/1086/34
f 1370/695/7 1361/1086/34 1371/1094/8
f 1377/1094/14 1355/1086/222 1354/641/39
f 1377/1094/14 1354/641/39 1374/640/11
f 1294/658/404 1234/995/7 1237/998/10
f 1294/658/404 1237/998/10 1295/1043/293
f 1598/1048/112 1231/992/387 1230/701/386
f 1598/1048/112 1230/701/386 1599/700/112
f 1222/579/31 1310/578/414 1313/1057/417
f 1222/579/31 1313/1057/417 1223/986/32
f 1229/991/385 1600/1052/110 1601/574/110
f 1229/991/385 1601/574/110 1226/573/129
f 1270/656/404 1258/1015/7 1261/1018/399
f 1270/656/404 1261/1018/399 1271/1025/405
f 1602/1030/112 1255/1012/396 1254/691/386
f 1602/1030/112 1254/691/386 1603/690/112
f 1246/696/31 1286/631/414 1289/1039/417
f 1246/696/31 1289/1039/417 1247/1006/392
f 1253/1011/395 1604/1034/110 1605/669/110
f 1253/1011/395 1605/669/110 1250/668/218
s 0
f 1606/490/106 1439/493/106 1438/1126/106
f 1606/490/106 1438/1126/106 1607/1173/106
s 1
f 1608/1174/105 1437/1125/105 1436/645/105
s 0
f 1608/1174/105 1436/645/105 1609/580/105
s 1
f 766/618/125 1435/465/104 1434/1124/104
f 766/618/125 1434/1124/104 1610/1175/489
f 1611/1176/490 1433/1123/103 1432/528/103
f 1611/1176/490 1432/528/103 1612/621/491
f 1613/527/105 1443/526/105 1442/1128/105
s 0
f 1613/527/105 1442/1128/105 1614/1177/105
f 1615/1178/106 1441/1127/106 1440/687/106
f 1615/1178/106 1440/687/106 1616/615/106
f 1617/610/104 1558/604/104 1557/1160/104
f 1617/610/104 1557/1160/104 1618/1179/104
f 1619/1180/103 1554/1157/103 1553/601/103
f 1619/1180/103 1553/601/103 1620/600/103
s 1
f 1621/619/106 1238/620/11 1241/1001/149
f 1621/619/106 1241/1001/149 1622/1181/106
f 1623/1182/105 1235/996/8 1234/995/7
f 1623/1182/105 1234/995/7 1624/697/105
f 1625/642/104 635/487/124 1565/1164/486
f 1625/642/104 1565/1164/486 1626/1183/104
f 1627/1184/103 1562/1161/484 1561/537/484
f 1627/1184/103 1561/537/484 1628/536/103
f 1629/589/117 882/730/158 885/733/161
f 1629/589/117 885/733/161 1630/1185/117
f 1631/1186/118 879/727/155 878/726/154
f 1631/1186/118 878/726/154 1632/607/118
f 820/672/128 783/635/127 1551/1156/482
f 820/672/128 1551/1156/482 1633/1187/492
f 1634/1188/493 1548/1153/480 1547/515/480
f 1634/1188/493 1547/515/480 1635/514/494
f 1636/567/118 890/570/164 893/739/90
f 1636/567/118 893/739/90 1637/1189/118
f 1638/1190/117 887/734/84 886/661/162
f 1638/1190/117 886/661/162 1639/660/117
s 0
f 1640/629/117 1572/659/117 1571/1168/117
f 1640/629/117 1571/1168/117 1641/1191/117
f 1642/1192/118 1568/1165/118 1567/643/118
f 1642/1192/118 1567/643/118 1643/534/118
f 1644/622/119 1544/637/119 1543/1152/119
f 1644/622/119 1543/1152/119 1645/1193/119
f 1646/1194/120 1540/1149/120 1539/598/120
f 1646/1194/120 1539/598/120 1647/597/120
s 1
f 1648/676/119 990/814/99 993/817/242
f 1648/676/119 993/817/242 1649/1195/119
f 1650/1196/120 987/811/238 986/596/173
f 1650/1196/120 986/596/173 1651/595/120
f 874/682/150 1402/593/448 1403/1106/448
f 874/682/150 1403/1106/448 875/723/151
f 881/729/157 1404/1107/449 1405/1108/449
f 881/729/157 1405/1108/449 878/726/154
f 954/662/11 1416/530/453 1417/1115/453
f 954/662/11 1417/1115/453 955/785/214
f 949/781/18 1418/1116/454 1419/467/454
f 949/781/18 1419/467/454 946/571/208
f 982/539/234 1460/542/456 1461/1139/456
f 982/539/234 1461/1139/456 983/808/235
f 989/813/240 1462/1140/457 1463/569/457
f 989/813/240 1463/569/457 986/596/173
f 922/506/47 1464/505/458 1465/1141/458
f 922/506/47 1465/1141/458 923/761/191
f 929/766/196 1466/1142/459 1467/562/459
f 929/766/196 1467/562/459 926/561/194
f 1130/560/334 1478/559/463 1479/1143/463
f 1130/560/334 1479/1143/463 1131/919/335
f 1137/924/240 1480/1144/464 1481/564/464
f 1137/924/240 1481/564/464 1134/563/336
f 1150/677/59 1486/552/465 1487/1145/465
f 1150/677/59 1487/1145/465 1151/934/60
f 1145/930/66 1488/1146/466 1489/470/466
f 1145/930/66 1489/470/466 1142/469/183
s 0
f 1652/613/456 1510/541/456 1513/1147/456
f 1652/613/456 1513/1147/456 1653/912/456
f 1654/912/457 1514/1147/457 1517/565/457
f 1654/912/457 1517/565/457 1655/675/457
f 1656/554/449 1520/553/449 1523/1148/449
f 1656/554/495 1523/1148/495 1657/907/495
f 1658/907/448 1524/1148/448 1527/594/448
f 1658/907/496 1527/594/497 1659/683/496
s 1
f 1262/616/11 1330/602/434 1333/1071/437
f 1262/616/11 1333/1071/437 1263/1019/214
f 1257/1014/398 1660/1068/498 1661/688/498
f 1257/1014/398 1661/688/498 1254/691/386
f 1238/620/11 1348/538/434 1351/1084/441
f 1238/620/11 1351/1084/441 1239/999/12
f 1233/994/313 1662/1079/498 1663/698/498
f 1233/994/313 1663/698/498 1230/701/386
f 1348/538/434 1340/627/427 1343/1078/430
f 1348/538/434 1343/1078/430 1349/1082/435
s 0
f 1664/1085/105 1665/1075/105 1666/653/105
f 1664/1085/105 1666/653/105 1667/652/105
s 1
f 1330/602/434 1320/625/427 1323/1064/430
f 1330/602/434 1323/1064/430 1331/1069/435
s 0
f 1668/1067/105 1669/1061/105 1670/693/105
f 1668/1067/105 1670/693/105 1671/692/105
s 1
f 1672/671/110 1362/670/305 1365/1089/395
f 1672/671/110 1365/1089/395 1673/1058/110
f 1674/1058/109 1359/1089/32 1358/694/31
f 1674/1058/109 1358/694/31 1675/693/109
f 1676/690/498 1366/689/386 1369/1093/444
f 1676/690/498 1369/1093/444 1677/1028/498
f 1678/1024/478 1375/1095/12 1374/640/11
f 1678/1024/478 1374/640/11 1679/639/478
f 1680/638/499 1354/641/39 1357/1088/42
f 1680/638/499 1357/1088/42 1681/1031/499
f 1682/1036/487 1363/1090/393 1362/670/305
f 1682/1036/487 1362/670/305 1683/669/487
f 1398/655/7 1382/654/31 1385/1096/34
f 1398/655/7 1385/1096/34 1399/1103/311
f 1393/1103/14 1379/1096/446 1378/651/39
f 1393/1103/14 1378/651/39 1390/650/11
f 1394/699/208 1684/698/112 1685/1081/112
f 1394/699/208 1685/1081/112 1395/1104/387
f 1401/1104/10 1686/1081/111 1687/652/111
f 1401/1104/10 1687/652/111 1398/655/7
f 1688/576/110 1386/575/218 1389/1099/385
f 1688/576/110 1389/1099/385 1689/1072/110
f 1690/1072/109 1383/1099/392 1382/654/31
f 1690/1072/109 1382/654/31 1691/653/109
f 1692/700/498 1394/699/208 1397/1105/313
f 1692/700/498 1397/1105/313 1693/1046/498
f 1694/1042/478 1391/1101/12 1390/650/11
f 1694/1042/478 1390/650/11 1695/649/478
f 1696/648/499 1378/651/39 1381/1098/224
f 1696/648/499 1381/1098/224 1697/1049/499
f 1698/1054/487 1387/1100/393 1386/575/218
f 1698/1054/487 1386/575/218 1699/574/487
s 0
f 1700/702/4 1701/879/4 1702/969/4
f 1700/702/4 1702/969/4 1703/797/4
f 1457/1137/455 1704/1197/455 1705/501/455
f 1457/1137/455 1705/501/455 1456/504/455
f 1704/1197/455 1706/1198/455 1707/1199/455
f 1704/1197/455 1707/1199/455 1705/501/455
f 1706/1198/455 1452/1134/455 1455/1136/455
f 1706/1198/455 1455/1136/455 1707/1199/455
f 1459/496/117 1708/1200/117 1709/1201/117
f 1459/496/117 1709/1201/117 1458/1138/117
f 1708/1200/117 1710/1202/117 1711/1203/117
f 1708/1200/117 1711/1203/117 1709/1201/117
f 1710/1202/117 1448/681/117 1451/1133/117
f 1710/1202/117 1451/1133/117 1711/1203/117
s 1
f 981/807/193 1712/1204/103 1713/1205/103
f 981/807/193 1713/1205/103 978/804/231
s 0
f 1712/1204/103 1714/1206/103 1715/1207/103
f 1712/1204/103 1715/1207/103 1713/1205/103
f 1714/1206/103 1446/1131/103 1447/556/103
f 1714/1206/103 1447/556/103 1715/1207/103
s 1
f 974/481/43 1716/480/104 1717/1208/104
f 974/481/43 1717/1208/104 975/801/229
s 0
f 1716/480/104 1718/1209/104 1719/1210/104
f 1716/480/104 1719/1210/104 1717/1208/104
f 1718/1209/104 1444/1129/104 1445/1130/104
f 1718/1209/104 1445/1130/104 1719/1210/104
s 1
f 861/713/138 1720/1211/105 1721/1212/105
f 861/713/138 1721/1212/105 858/710/31
s 0
f 1720/1211/105 1722/1213/105 1723/1214/105
f 1720/1211/105 1723/1214/105 1721/1212/105
f 1722/1213/105 1422/1118/105 1423/482/105
f 1722/1213/105 1423/482/105 1723/1214/105
s 1
f 854/706/133 1724/1215/106 1725/1216/106
f 854/706/133 1725/1216/106 855/707/40
s 0
f 1724/1215/106 1726/1217/106 1727/1218/106
f 1724/1215/106 1727/1218/106 1725/1216/106
f 1726/1217/106 1420/555/106 1421/1117/106
f 1726/1217/106 1421/1117/106 1727/1218/106
f 1425/1119/452 1728/1219/452 1729/517/452
f 1425/1119/119 1729/517/119 1424/473/119
f 1728/1219/452 1730/1220/452 1731/1221/452
f 1728/1219/119 1731/1221/119 1729/517/119
f 1730/1220/452 1412/1112/452 1415/1114/452
f 1730/1220/119 1415/1114/119 1731/1221/119
f 1427/503/451 1732/502/451 1733/1222/451
f 1427/503/451 1733/1222/451 1426/1120/451
f 1732/502/451 1734/1223/451 1735/1224/451
f 1732/502/451 1735/1224/451 1733/1222/451
f 1734/1223/451 1408/1109/451 1411/1111/451
f 1734/1223/451 1411/1111/451 1735/1224/451
f 643/495/2 1736/1225/2 1737/1200/2
f 643/495/2 1737/1200/2 644/496/2
f 1736/1225/2 1738/1226/2 1739/1202/2
f 1736/1225/2 1739/1202/2 1737/1200/2
f 1738/1226/2 633/485/2 829/681/2
f 1738/1226/2 829/681/2 1739/1202/2
f 1740/706/3 1741/804/3 1742/1205/3
f 1740/706/3 1742/1205/3 1743/1215/3
f 1743/1215/3 1742/1205/3 1744/1207/3
f 1743/1215/3 1744/1207/3 1745/1217/3
f 1745/1217/3 1744/1207/3 704/556/3
f 1745/1217/3 704/556/3 703/555/3
f 658/510/1 657/509/1 1746/1227/1
f 658/510/1 1746/1227/1 1747/1114/1
f 1747/1114/1 1746/1227/1 1748/1228/1
f 1747/1114/1 1748/1228/1 1749/1221/1
f 1749/1221/1 1748/1228/1 627/479/1
f 1749/1221/1 627/479/1 665/517/1
f 732/584/6 731/583/6 1750/1109/6
f 732/584/6 1750/1109/6 1751/1136/6
f 1751/1136/6 1750/1109/6 1752/1223/6
f 1751/1136/6 1752/1223/6 1753/1199/6
f 1753/1199/6 1752/1223/6 650/502/6
f 1753/1199/6 650/502/6 649/501/6
f 1754/710/2 1755/1212/2 1736/1225/2
f 1754/710/2 1736/1225/2 643/495/2
f 1755/1212/2 1756/1214/2 1738/1226/2
f 1755/1212/2 1738/1226/2 1736/1225/2
f 1756/1214/2 630/482/2 633/485/2
f 1756/1214/2 633/485/2 1738/1226/2
f 657/509/1 1757/834/1 1758/1129/1
f 657/509/1 1758/1129/1 1746/1227/1
f 1746/1227/1 1758/1129/1 1759/1209/1
f 1746/1227/1 1759/1209/1 1748/1228/1
f 1748/1228/1 1759/1209/1 628/480/1
f 1748/1228/1 628/480/1 627/479/1
s 1
f 1549/1154/479 1646/1194/120 1647/597/120
f 1549/1154/479 1647/597/120 1546/634/479
f 771/623/126 1644/622/119 1645/1193/119
f 771/623/126 1645/1193/119 1550/1155/481
s 0
f 1581/1170/118 1642/1192/118 1643/534/118
f 1581/1170/118 1643/534/118 1578/533/118
f 1585/630/117 1640/629/117 1641/1191/117
f 1585/630/117 1641/1191/117 1582/1171/117
f 1555/1158/103 1627/1184/103 1628/536/103
f 1555/1158/103 1628/536/103 1552/626/103
f 1559/603/104 1625/642/104 1626/1183/104
f 1559/603/104 1626/1183/104 1556/1159/104
s 1
f 1249/1008/34 1623/1182/105 1624/697/105
f 1249/1008/34 1624/697/105 1246/696/31
f 1242/1002/39 1621/619/106 1622/1181/106
f 1242/1002/39 1622/1181/106 1243/1003/390
s 0
f 806/658/2 780/632/2 845/697/2
f 806/658/2 845/697/2 1760/995/2
f 754/606/1 772/624/1 790/642/1
f 754/606/1 790/642/1 751/603/1
f 807/659/2 777/629/2 780/632/2
f 807/659/2 780/632/2 806/658/2
f 785/637/1 770/622/1 772/624/1
f 785/637/1 772/624/1 754/606/1
f 1761/1002/3 773/625/3 683/535/3
f 1761/1002/3 683/535/3 767/619/3
f 782/634/6 745/597/6 679/531/6
f 782/634/6 679/531/6 781/633/6
f 773/625/3 774/626/3 684/536/3
f 773/625/3 684/536/3 683/535/3
f 781/633/6 679/531/6 682/534/6
f 781/633/6 682/534/6 791/643/6
f 1541/1150/120 1650/1196/120 1651/595/120
f 1541/1150/120 1651/595/120 1538/663/120
f 1545/636/119 1648/676/119 1649/1195/119
f 1545/636/119 1649/1195/119 1542/1151/119
f 1583/1172/117 1638/1190/117 1639/660/117
f 1583/1172/117 1639/660/117 1584/657/117
f 1579/611/118 1636/567/118 1637/1189/118
f 1579/611/118 1637/1189/118 1580/1169/118
f 1430/1122/103 1619/1180/103 1620/600/103
f 1430/1122/103 1620/600/103 1431/507/103
f 1428/544/104 1617/610/104 1618/1179/104
f 1428/544/104 1618/1179/104 1429/1121/104
s 1
f 1265/1021/400 1615/1178/106 1616/615/106
f 1265/1021/400 1616/615/106 1262/616/11
f 1258/1015/7 1613/527/105 1614/1177/105
f 1258/1015/7 1614/1177/105 1259/1016/211
s 0
f 1762/814/1 824/676/1 757/609/1
f 1762/814/1 757/609/1 691/543/1
f 805/657/2 808/660/2 672/524/2
f 805/657/2 672/524/2 804/656/2
f 835/687/3 656/508/3 747/599/3
f 835/687/3 747/599/3 763/615/3
f 691/543/1 757/609/1 758/610/1
f 691/543/1 758/610/1 692/544/1
f 656/508/3 655/507/3 748/600/3
f 656/508/3 748/600/3 747/599/3
f 760/612/6 811/663/6 743/595/6
f 760/612/6 743/595/6 716/568/6
f 759/611/6 760/612/6 716/568/6
f 759/611/6 716/568/6 715/567/6
f 804/656/2 672/524/2 675/527/2
f 804/656/2 675/527/2 1763/1015/2
s 1
f 997/821/182 1634/1188/493 1635/514/494
f 997/821/182 1635/514/494 994/818/179
f 1002/673/248 820/672/128 1633/1187/492
f 1002/673/248 1633/1187/492 1003/825/249
s 0
f 1569/1166/118 1631/1186/118 1632/607/118
f 1569/1166/118 1632/607/118 1566/608/118
f 1573/590/117 1629/589/117 1630/1185/117
f 1573/590/117 1630/1185/117 1570/1167/117
s 1
f 1563/1162/483 1611/1176/490 1612/621/491
f 1563/1162/483 1612/621/491 1560/628/483
f 634/486/123 766/618/125 1610/1175/489
f 634/486/123 1610/1175/489 1564/1163/485
f 1225/988/217 1608/1174/105 1609/580/105
f 1225/988/217 1609/580/105 1222/579/31
f 1218/982/39 1606/490/106 1607/1173/106
f 1218/982/39 1607/1173/106 1219/983/222
f 783/635/127 820/672/128 765/617/1
f 783/635/127 765/617/1 637/489/1
s 0
f 775/627/3 776/628/3 769/621/3
f 775/627/3 769/621/3 639/491/3
s 1
f 637/489/1 765/617/1 766/618/125
f 637/489/1 766/618/125 634/486/123
s 0
f 1764/726/6 1765/1108/6 661/513/6
f 1764/726/6 661/513/6 755/607/6
f 1766/730/2 737/589/2 725/577/2
f 1766/730/2 725/577/2 792/644/2
f 792/644/2 725/577/2 728/580/2
f 792/644/2 728/580/2 793/645/2
f 1765/1108/6 1767/818/6 662/514/6
f 1765/1108/6 662/514/6 661/513/6
f 1768/982/3 775/627/3 639/491/3
f 1768/982/3 639/491/3 638/490/3
f 1769/1229/6 1770/1230/6 1771/1231/6
f 1769/1229/6 1771/1231/6 1772/1232/6
f 1773/1233/1 1774/1234/1 1775/1235/1
f 1773/1233/1 1775/1235/1 1776/1236/1
f 1777/1237/2 1778/1238/2 1779/1239/2
f 1777/1237/2 1779/1239/2 1780/1240/2
f 1781/1241/4 1782/1242/4 1783/1243/4
f 1781/1241/4 1783/1243/4 1784/1244/4
f 1785/1245/5 1786/1246/5 1787/1247/5
f 1785/1245/5 1787/1247/5 1788/1248/5
f 1789/1249/6 1790/1250/6 1791/1251/6
f 1789/1249/6 1791/1251/6 1792/1252/6
f 1793/1253/2 1794/1254/2 1795/1255/2
f 1793/1253/2 1795/1255/2 1796/1256/2
f 1797/1257/3 1798/1258/3 1799/1259/3
f 1797/1257/3 1799/1259/3 1800/1260/3
f 1801/1261/4 1802/1262/4 1803/1263/4
f 1801/1261/4 1803/1263/4 1804/1264/4
f 1805/1265/1 1806/1266/1 1807/1267/1
f 1805/1265/1 1807/1267/1 1808/1268/1
f 1809/1269/3 1810/1270/3 1811/1271/3
f 1809/1269/3 1811/1271/3 1812/1272/3
s 1
f 1813/1254/158 1814/1273/500 1815/1274/501
f 1813/1254/158 1815/1274/501 1816/1275/161
f 1817/1276/502 1818/1277/72 1819/1278/73
f 1817/1276/502 1819/1278/73 1820/1279/503
f 1821/1252/504 1822/1280/505 1823/1281/506
f 1821/1252/504 1823/1281/506 1824/1282/507
f 1825/1283/272 1826/1284/84 1827/1285/508
f 1825/1283/272 1827/1285/508 1828/1286/86
f 1829/1232/509 1830/1287/510 1831/1288/511
f 1829/1232/509 1831/1288/511 1832/1289/90
f 1833/1290/512 1834/1291/80 1835/1292/81
f 1833/1290/512 1835/1292/81 1836/1293/513
f 1837/1269/39 1838/1294/390 1839/1295/391
f 1837/1269/39 1839/1295/391 1840/1296/224
f 1841/1238/31 1842/1297/32 1843/1298/33
f 1841/1238/31 1843/1298/33 1844/1299/34
f 1845/1244/35 1846/1300/36 1847/1301/37
f 1845/1244/35 1847/1301/37 1848/1302/385
f 1849/1303/514 1850/1304/16 1851/1305/17
f 1849/1303/514 1851/1305/17 1852/1306/444
f 1853/1307/310 1854/1308/8 1855/1309/9
f 1853/1307/310 1855/1309/9 1856/1310/145
f 1857/1257/11 1858/1311/12 1859/1312/389
f 1857/1257/11 1859/1312/389 1860/1313/14
f 1861/1314/338 1862/1315/515 1863/1316/516
f 1861/1314/338 1863/1316/516 1864/1317/242
f 1865/1318/234 1866/1319/517 1867/1320/236
f 1865/1318/234 1867/1320/236 1868/1321/237
f 1869/1250/518 1870/1322/519 1871/1323/520
f 1869/1250/518 1871/1323/520 1872/1324/521
f 1873/1268/43 1874/1325/522 1875/1326/45
f 1873/1268/43 1875/1326/45 1876/1327/523
f 1877/1259/231 1878/1328/232 1879/1329/285
f 1877/1259/231 1879/1329/285 1880/1330/193
f 1881/1263/524 1882/1331/525 1883/1332/526
f 1881/1263/524 1883/1332/526 1884/1333/527
f 1885/1334/528 1886/1335/167 1887/1336/529
f 1885/1334/528 1887/1336/529 1888/1337/169
f 1889/1255/83 1890/1338/530 1891/1339/508
f 1889/1255/83 1891/1339/508 1892/1340/86
f 1893/1251/509 1894/1341/88 1895/1342/511
f 1893/1251/509 1895/1342/511 1896/1343/531
f 1897/1248/150 1898/1344/532 1899/1345/152
f 1897/1248/150 1899/1345/152 1900/1346/533
f 1901/1229/534 1902/1347/535 1903/1348/506
f 1901/1229/534 1903/1348/506 1904/1349/536
f 1905/1350/158 1906/1351/500 1907/1352/501
f 1905/1350/158 1907/1352/501 1908/1353/161
f 1909/1271/255 1910/1354/28 1911/1355/283
f 1909/1271/255 1911/1355/283 1912/1356/257
f 1913/1357/206 1914/1358/537 1915/1359/21
f 1913/1357/206 1915/1359/21 1916/1360/281
f 1917/1361/251 1918/1362/538 1919/1363/539
f 1917/1361/251 1919/1363/539 1920/1364/540
f 1921/1272/146 1922/1365/147 1923/1366/312
f 1921/1272/146 1923/1366/312 1924/1367/149
f 1925/1368/541 1926/1369/387 1927/1370/542
f 1925/1368/541 1927/1370/542 1928/1371/398
f 1929/1239/7 1930/1372/211 1931/1373/445
f 1929/1239/7 1931/1373/445 1932/1374/10
f 1933/1264/129 1934/1375/393 1935/1376/543
f 1933/1264/129 1935/1376/543 1936/1377/395
f 1937/1258/133 1938/1378/40 1939/1379/307
f 1937/1258/133 1939/1379/307 1940/1380/135
f 1941/1381/544 1942/1382/392 1943/1383/447
f 1941/1381/544 1943/1383/447 1944/1384/138
f 1945/1230/545 1946/1385/60 1947/1386/340
f 1945/1230/545 1947/1386/340 1948/1387/546
f 1949/1247/547 1950/1388/548 1951/1389/246
f 1949/1247/547 1951/1389/246 1952/1390/549
f 1953/1236/55 1954/1391/249 1955/1392/550
f 1953/1236/55 1955/1392/550 1956/1393/250
f 1957/1249/551 1958/1394/60 1959/1395/552
f 1957/1249/551 1959/1395/552 1960/1396/62
f 1961/1397/553 1962/1398/184 1963/1399/65
f 1961/1397/553 1963/1399/65 1964/1400/554
f 1965/1401/187 1966/1402/339 1967/1403/550
f 1965/1401/187 1967/1403/550 1968/1404/250
f 1969/1267/19 1970/1405/20 1971/1406/21
f 1969/1267/19 1971/1406/21 1972/1407/22
f 1973/1408/23 1974/1409/555 1975/1410/25
f 1973/1408/23 1975/1410/25 1976/1411/556
f 1977/1260/27 1978/1412/557 1979/1413/29
f 1977/1260/27 1979/1413/29 1980/1414/205
f 1981/1270/47 1982/1415/48 1983/1416/49
f 1981/1270/47 1983/1416/49 1984/1417/50
f 1985/1243/558 1986/1418/52 1987/1419/53
f 1985/1243/558 1987/1419/53 1988/1420/54
f 1989/1421/284 1990/1422/44 1991/1423/45
f 1989/1421/284 1991/1423/45 1992/1424/46
f 1993/1231/559 1994/1425/560 1995/1426/520
f 1993/1231/559 1995/1426/520 1996/1427/521
f 1997/1235/338 1998/1428/515 1999/1429/516
f 1997/1235/338 1999/1429/516 2000/1430/242
f 2001/1431/561 2002/1432/335 2003/1433/93
f 2001/1431/561 2003/1433/93 2004/1434/94
f 1917/1361/251 1925/1368/541 1928/1371/398
f 1917/1361/251 1928/1371/398 1918/1362/538
f 1912/1356/257 1922/1365/147 1921/1272/146
f 1912/1356/257 1921/1272/146 1909/1271/255
f 1845/1244/35 1985/1243/558 1988/1420/54
f 1845/1244/35 1988/1420/54 1846/1300/36
f 1840/1296/224 1982/1415/48 1981/1270/47
f 1840/1296/224 1981/1270/47 1837/1269/39
f 2005/1241/110 1845/1244/35 1848/1302/385
f 2005/1241/110 1848/1302/385 2006/1435/110
f 2007/1436/562 1842/1297/32 1841/1238/31
f 2007/1436/562 1841/1238/31 2008/1237/562
f 2009/1437/112 1817/1276/502 1820/1279/503
f 2009/1437/112 1820/1279/503 2010/1438/112
f 2011/1439/563 1814/1273/500 1813/1254/158
f 2011/1439/563 1813/1254/158 2012/1253/563
f 1897/1248/150 1949/1247/547 1952/1390/549
f 1897/1248/150 1952/1390/549 1898/1344/532
f 1904/1349/536 1946/1385/60 1945/1230/545
f 1904/1349/536 1945/1230/545 1901/1229/534
f 1957/1249/551 1821/1252/504 1824/1282/507
f 1957/1249/551 1824/1282/507 1958/1394/60
f 1964/1400/554 1818/1277/72 1817/1276/502
f 1964/1400/554 1817/1276/502 1961/1397/553
f 1829/1232/509 1993/1231/559 1996/1427/521
f 1829/1232/509 1996/1427/521 1830/1287/510
f 1836/1293/513 2002/1432/335 2001/1431/561
f 1836/1293/513 2001/1431/561 1833/1290/512
f 2013/1440/564 1865/1318/234 1868/1321/237
f 2013/1440/564 1868/1321/237 2014/1441/564
f 2015/1442/115 1862/1315/515 1861/1314/338
f 2015/1442/115 1861/1314/338 2016/1443/115
f 1825/1283/272 1905/1350/158 1908/1353/161
f 1825/1283/272 1908/1353/161 1826/1284/84
f 1832/1289/90 1902/1347/535 1901/1229/534
f 1832/1289/90 1901/1229/534 1829/1232/509
f 2017/1444/565 1917/1361/251 1920/1364/540
f 2017/1444/565 1920/1364/540 2018/1445/565
f 2019/1446/107 1914/1358/537 1913/1357/206
f 2019/1446/107 1913/1357/206 2020/1447/107
f 2021/1240/111 1929/1239/7 1932/1374/10
f 2021/1240/111 1932/1374/10 2022/1448/111
f 2023/1449/112 1926/1369/387 1925/1368/541
f 2023/1449/112 1925/1368/541 2024/1450/112
f 2025/1256/109 1889/1255/83 1892/1340/86
f 2025/1256/109 1892/1340/86 2026/1451/109
f 2027/1452/450 1886/1335/167 1885/1334/528
f 2027/1452/450 1885/1334/528 2028/1453/450
f 1821/1252/504 1893/1251/509 1896/1343/531
f 1821/1252/504 1896/1343/531 1822/1280/505
f 1816/1275/161 1890/1338/530 1889/1255/83
f 1816/1275/161 1889/1255/83 1813/1254/158
f 1853/1307/310 1941/1381/544 1944/1384/138
f 1853/1307/310 1944/1384/138 1854/1308/8
f 1860/1313/14 1938/1378/40 1937/1258/133
f 1860/1313/14 1937/1258/133 1857/1257/11
f 1837/1269/39 1921/1272/146 1924/1367/149
f 1837/1269/39 1924/1367/149 1838/1294/390
f 1844/1299/34 1930/1372/211 1929/1239/7
f 1844/1299/34 1929/1239/7 1841/1238/31
f 2029/1454/107 1965/1401/187 1968/1404/250
f 2029/1454/107 1968/1404/250 2030/1455/107
f 2031/1456/113 1962/1398/184 1961/1397/553
f 2031/1456/113 1961/1397/553 2032/1457/113
f 2033/1458/115 1989/1421/284 1992/1424/46
f 2033/1458/115 1992/1424/46 2034/1459/115
f 2035/1460/122 1986/1418/52 1985/1243/558
f 2035/1460/122 1985/1243/558 2036/1242/122
f 1973/1408/23 1849/1303/514 1852/1306/444
f 1973/1408/23 1852/1306/444 1974/1409/555
f 1980/1414/205 1858/1311/12 1857/1257/11
f 1980/1414/205 1857/1257/11 1977/1260/27
f 1893/1251/509 1869/1250/518 1872/1324/521
f 1893/1251/509 1872/1324/521 1894/1341/88
f 1888/1337/169 1866/1319/517 1865/1318/234
f 1888/1337/169 1865/1318/234 1885/1334/528
f 1877/1259/231 1937/1258/133 1940/1380/135
f 1877/1259/231 1940/1380/135 1878/1328/232
f 1884/1333/527 1934/1375/393 1933/1264/129
f 1884/1333/527 1933/1264/129 1881/1263/524
f 1953/1236/55 1997/1235/338 2000/1430/242
f 1953/1236/55 2000/1430/242 1954/1391/249
f 1948/1387/546 1994/1425/560 1993/1231/559
f 1948/1387/546 1993/1231/559 1945/1230/545
f 1869/1250/518 1957/1249/551 1960/1396/62
f 1869/1250/518 1960/1396/62 1870/1322/519
f 1864/1317/242 1966/1402/339 1965/1401/187
f 1864/1317/242 1965/1401/187 1861/1314/338
f 1873/1268/43 1969/1267/19 1972/1407/22
f 1873/1268/43 1972/1407/22 1874/1325/522
f 1880/1330/193 1978/1412/557 1977/1260/27
f 1880/1330/193 1977/1260/27 1877/1259/231
f 1909/1271/255 1981/1270/47 1984/1417/50
f 1909/1271/255 1984/1417/50 1910/1354/28
f 1916/1360/281 1990/1422/44 1989/1421/284
f 1916/1360/281 1989/1421/284 1913/1357/206
s 0
f 2037/1437/5 2038/1457/5 2039/1397/5
f 2037/1437/5 2039/1397/5 2040/1276/5
f 2041/1303/5 2042/1408/5 2043/1461/5
f 2041/1303/5 2043/1461/5 2044/1462/5
f 2044/1462/5 2043/1461/5 2045/1463/5
f 2044/1462/5 2045/1463/5 2046/1464/5
f 2046/1464/5 2045/1463/5 2038/1457/5
f 2046/1464/5 2038/1457/5 2037/1437/5
s 1
f 1976/1411/556 2047/1465/108 2048/1461/108
f 1976/1411/556 2048/1461/108 1973/1408/23
s 0
f 2047/1465/108 2049/1466/108 2050/1463/108
f 2047/1465/113 2050/1463/113 2048/1461/113
f 2049/1466/108 2031/1456/108 2032/1457/108
f 2049/1466/113 2032/1457/113 2050/1463/113
s 1
f 1969/1267/19 2051/1266/566 2052/1467/566
f 1969/1267/19 2052/1467/566 1970/1405/20
s 0
f 2051/1266/566 2053/1468/566 2054/1469/566
f 2051/1266/107 2054/1469/107 2052/1467/107
f 2053/1468/566 2029/1454/566 2030/1455/566
f 2053/1468/107 2030/1455/107 2054/1469/107
s 1
f 1936/1377/395 2055/1470/450 2056/1261/450
f 1936/1377/395 2056/1261/450 1933/1264/129
s 0
f 2055/1470/110 2057/1471/110 2058/1472/110
f 2055/1470/450 2058/1472/450 2056/1261/450
f 2057/1471/110 2027/1452/110 2028/1453/110
f 2057/1471/450 2028/1453/450 2058/1472/450
s 1
f 1941/1381/544 2059/1473/109 2060/1474/109
f 1941/1381/544 2060/1474/109 1942/1382/392
s 0
f 2059/1473/109 2061/1475/109 2062/1476/109
f 2059/1473/109 2062/1476/109 2060/1474/109
f 2061/1475/109 2025/1256/109 2026/1451/109
f 2061/1475/109 2026/1451/109 2062/1476/109
s 1
f 1876/1327/523 2063/1477/115 2064/1265/115
f 1876/1327/523 2064/1265/115 1873/1268/43
s 0
f 2063/1477/115 2065/1478/115 2066/1479/115
f 2063/1477/115 2066/1479/115 2064/1265/115
f 2065/1478/115 2015/1442/115 2016/1443/115
f 2065/1478/115 2016/1443/115 2066/1479/115
s 1
f 1881/1263/524 2067/1262/116 2068/1480/116
f 1881/1263/524 2068/1480/116 1882/1331/525
s 0
f 2067/1262/116 2069/1481/116 2070/1482/116
f 2067/1262/564 2070/1482/564 2068/1480/564
f 2069/1481/116 2013/1440/116 2014/1441/116
f 2069/1481/564 2014/1441/564 2070/1482/564
s 1
f 1856/1310/145 2071/1483/111 2072/1484/111
f 1856/1310/145 2072/1484/111 1853/1307/310
s 0
f 2071/1483/111 2073/1485/111 2074/1486/111
f 2071/1483/563 2074/1486/563 2072/1484/563
f 2073/1485/111 2011/1439/111 2012/1253/111
f 2073/1485/563 2012/1253/563 2074/1486/563
s 1
f 1849/1303/514 2075/1462/488 2076/1487/488
f 1849/1303/514 2076/1487/488 1850/1304/16
s 0
f 2075/1462/488 2077/1464/488 2078/1488/488
f 2075/1462/112 2078/1488/112 2076/1487/112
f 2077/1464/488 2009/1437/488 2010/1438/488
f 2077/1464/112 2010/1438/112 2078/1488/112
f 2079/1314/1 2080/1401/1 2081/1454/1
f 2079/1314/1 2081/1454/1 2082/1443/1
f 2082/1443/1 2081/1454/1 2083/1468/1
f 2082/1443/1 2083/1468/1 2084/1479/1
f 2084/1479/1 2083/1468/1 1806/1266/1
f 2084/1479/1 1806/1266/1 1805/1265/1
f 2085/1334/4 2086/1318/4 2087/1440/4
f 2085/1334/4 2087/1440/4 2088/1453/4
f 2088/1453/4 2087/1440/4 2089/1481/4
f 2088/1453/4 2089/1481/4 2090/1472/4
f 2090/1472/4 2089/1481/4 1802/1262/4
f 2090/1472/4 1802/1262/4 1801/1261/4
f 2091/1307/2 2092/1484/2 2093/1473/2
f 2091/1307/2 2093/1473/2 2094/1381/2
f 2092/1484/2 2095/1486/2 2096/1475/2
f 2092/1484/2 2096/1475/2 2093/1473/2
f 2095/1486/2 1793/1253/2 1796/1256/2
f 2095/1486/2 1796/1256/2 2096/1475/2
s 1
f 2004/1434/94 2097/1489/116 2098/1490/116
f 2004/1434/94 2098/1490/116 2001/1431/561
s 0
f 2097/1489/116 2099/1491/116 2100/1492/116
f 2097/1489/122 2100/1492/122 2098/1490/122
f 2099/1491/116 2035/1460/116 2036/1242/116
f 2099/1491/122 2036/1242/122 2100/1492/122
s 1
f 1997/1235/338 2101/1234/115 2102/1493/115
f 1997/1235/338 2102/1493/115 1998/1428/515
s 0
f 2101/1234/115 2103/1494/115 2104/1495/115
f 2101/1234/115 2104/1495/115 2102/1493/115
f 2103/1494/567 2033/1458/567 2034/1459/567
f 2103/1494/115 2034/1459/115 2104/1495/115
s 1
f 1900/1346/533 2105/1496/112 2106/1245/112
f 1900/1346/533 2106/1245/112 1897/1248/150
s 0
f 2105/1496/112 2107/1497/112 2108/1498/112
f 2105/1496/112 2108/1498/112 2106/1245/112
f 2107/1497/112 2023/1449/112 2024/1450/112
f 2107/1497/112 2024/1450/112 2108/1498/112
s 1
f 1905/1350/158 2109/1499/111 2110/1500/111
f 1905/1350/158 2110/1500/111 1906/1351/500
s 0
f 2109/1499/111 2111/1501/111 2112/1502/111
f 2109/1499/111 2112/1502/111 2110/1500/111
f 2111/1501/111 2021/1240/111 2022/1448/111
f 2111/1501/111 2022/1448/111 2112/1502/111
s 1
f 1956/1393/250 2113/1503/107 2114/1233/107
f 1956/1393/250 2114/1233/107 1953/1236/55
s 0
f 2113/1503/107 2115/1504/107 2116/1505/107
f 2113/1503/107 2116/1505/107 2114/1233/107
f 2115/1504/107 2019/1446/107 2020/1447/107
f 2115/1504/107 2020/1447/107 2116/1505/107
s 1
f 1949/1247/547 2117/1246/108 2118/1506/108
f 1949/1247/547 2118/1506/108 1950/1388/548
s 0
f 2117/1246/108 2119/1507/108 2120/1508/108
f 2117/1246/108 2120/1508/108 2118/1506/108
s 1
f 2119/1507/565 2017/1444/565 2018/1445/565
s 0
f 2119/1507/113 2018/1445/113 2120/1508/113
s 1
f 1828/1286/86 2121/1509/109 2122/1510/109
f 1828/1286/86 2122/1510/109 1825/1283/272
s 0
f 2121/1509/109 2123/1511/109 2124/1512/109
f 2121/1509/562 2124/1512/562 2122/1510/562
f 2123/1511/109 2007/1436/109 2008/1237/109
f 2123/1511/562 2008/1237/562 2124/1512/562
s 1
f 1833/1290/512 2125/1513/114 2126/1514/114
f 1833/1290/512 2126/1514/114 1834/1291/80
s 0
f 2125/1513/114 2127/1515/114 2128/1516/114
f 2125/1513/110 2128/1516/110 2126/1514/110
f 2127/1515/114 2005/1241/114 2006/1435/114
f 2127/1515/110 2006/1435/110 2128/1516/110
f 2129/1368/5 2130/1361/5 2131/1444/5
f 2129/1368/5 2131/1444/5 2132/1450/5
f 2132/1450/5 2131/1444/5 2133/1507/5
f 2132/1450/5 2133/1507/5 2134/1498/5
f 2134/1498/5 2133/1507/5 1786/1246/5
f 2134/1498/5 1786/1246/5 1785/1245/5
f 2135/1290/4 2136/1431/4 2137/1490/4
f 2135/1290/4 2137/1490/4 2138/1513/4
f 2138/1513/4 2137/1490/4 2139/1492/4
f 2138/1513/4 2139/1492/4 2140/1515/4
f 2140/1515/4 2139/1492/4 1782/1242/4
f 2140/1515/4 1782/1242/4 1781/1241/4
f 2141/1283/2 2142/1510/2 2143/1499/2
f 2141/1283/2 2143/1499/2 2144/1350/2
f 2142/1510/2 2145/1512/2 2146/1501/2
f 2142/1510/2 2146/1501/2 2143/1499/2
f 2145/1512/2 1777/1237/2 1780/1240/2
f 2145/1512/2 1780/1240/2 2146/1501/2
f 2147/1357/1 2148/1421/1 2149/1458/1
f 2147/1357/1 2149/1458/1 2150/1447/1
f 2150/1447/1 2149/1458/1 2151/1494/1
f 2150/1447/1 2151/1494/1 2152/1505/1
f 2152/1505/1 2151/1494/1 1774/1234/1
f 2152/1505/1 1774/1234/1 1773/1233/1
f 2168/1517/2 2169/1518/2 2170/1519/2
f 2168/1517/2 2170/1519/2 2171/1520/2
f 2172/1521/1 2173/1522/1 2174/1523/1
f 2172/1521/1 2174/1523/1 2175/1524/1
f 2176/1525/6 2177/1526/6 2178/1527/6
f 2176/1525/6 2178/1527/6 2179/1528/6
f 2180/1529/3 2181/1530/3 2182/1531/3
f 2180/1529/3 2182/1531/3 2183/1532/3
f 2184/1533/117 2185/1534/117 2186/1535/117
f 2184/1533/117 2186/1535/117 2187/1536/117
f 2188/1536/118 2189/1535/118 2190/1537/118
f 2188/1536/118 2190/1537/118 2191/1538/118
f 2192/1539/105 2193/1540/105 2194/1541/105
f 2192/1539/105 2194/1541/105 2195/1542/105
f 2196/1542/106 2197/1541/106 2198/1543/106
f 2196/1542/106 2198/1543/106 2199/1544/106
f 2200/1545/104 2201/1546/104 2202/1547/104
f 2200/1545/104 2202/1547/104 2203/1548/104
f 2204/1548/103 2205/1547/103 2206/1549/103
f 2204/1548/103 2206/1549/103 2207/1550/103
f 2208/1528/120 2209/1527/120 2210/1551/120
f 2208/1528/120 2210/1551/120 2211/1552/120
f 2212/1552/119 2213/1551/119 2214/1553/119
f 2212/1552/119 2214/1553/119 2215/1554/119
f 2231/1555/120 2208/1528/120 2211/1552/120
f 2231/1555/120 2211/1552/120 2232/1556/120
f 2233/1557/103 2234/1558/103 2235/1532/103
f 2233/1557/103 2235/1532/103 2236/1559/103
f 2237/1560/104 2200/1545/104 2203/1548/104
f 2237/1560/104 2203/1548/104 2238/1557/104
f 2239/1560/1 2240/1561/1 2241/1554/1
f 2239/1560/1 2241/1554/1 2242/1545/1
f 2243/1562/106 2244/1563/106 2245/1564/106
f 2243/1562/106 2245/1564/106 2246/1565/106
f 2244/1563/106 2247/1566/106 2248/1567/106
f 2244/1563/106 2248/1567/106 2245/1564/106
f 2249/1568/105 2250/1569/105 2251/1563/105
f 2249/1568/105 2251/1563/105 2252/1562/105
f 2250/1569/105 2253/1570/105 2254/1566/105
f 2250/1569/105 2254/1566/105 2251/1563/105
s 1
f 2255/1571/118 2256/1572/118 2257/1573/118
s 0
f 2255/1571/118 2257/1573/118 2258/1574/118
f 2256/1572/118 2188/1536/118 2191/1538/118
f 2256/1572/118 2191/1538/118 2257/1573/118
f 2259/1518/117 2260/1575/117 2261/1572/117
f 2259/1518/117 2261/1572/117 2262/1571/117
f 2260/1575/117 2184/1533/117 2187/1536/117
f 2260/1575/117 2187/1536/117 2261/1572/117
s 1
f 2263/1565/568 2264/1564/568 2265/1576/569
f 2263/1565/568 2265/1576/569 2266/1577/570
s 0
f 2267/1578/3 2268/1579/3 2269/1558/3
f 2267/1578/3 2269/1558/3 2270/1550/3
f 2271/1580/6 2272/1581/6 2273/1555/6
f 2271/1580/6 2273/1555/6 2274/1582/6
f 2272/1581/6 2176/1525/6 2179/1528/6
f 2272/1581/6 2179/1528/6 2273/1555/6
f 2275/1546/1 2242/1545/1 2241/1554/1
f 2275/1546/1 2241/1554/1 2276/1553/1
f 2277/1583/571 2278/1584/571 2279/1585/571
f 2277/1583/571 2279/1585/571 2280/1586/571
f 2281/1587/2 2282/1534/2 2283/1533/2
f 2281/1587/2 2283/1533/2 2284/1588/2
f 2284/1588/2 2283/1533/2 2285/1575/2
f 2284/1588/2 2285/1575/2 2286/1589/2
f 2287/1590/6 2271/1580/6 2274/1582/6
f 2287/1590/6 2274/1582/6 2288/1591/6
f 2289/1519/117 2259/1518/117 2262/1571/117
f 2289/1519/117 2262/1571/117 2290/1592/117
f 2291/1592/118 2255/1571/118 2258/1574/118
f 2291/1592/118 2258/1574/118 2292/1593/118
f 2293/1522/104 2294/1521/104 2295/1559/104
f 2293/1522/104 2295/1559/104 2296/1594/104
f 2297/1594/103 2236/1559/103 2235/1532/103
f 2297/1594/103 2235/1532/103 2298/1531/103
f 2299/1591/120 2300/1582/120 2301/1595/120
f 2299/1591/120 2301/1595/120 2302/1596/120
f 2303/1596/119 2304/1595/119 2305/1524/119
f 2303/1596/119 2305/1524/119 2306/1523/119
f 2247/1566/106 2196/1542/106 2199/1544/106
f 2247/1566/106 2199/1544/106 2248/1567/106
f 2253/1570/105 2192/1539/105 2195/1542/105
f 2253/1570/105 2195/1542/105 2254/1566/105
s 1
f 2307/1550/572 2308/1549/572 2309/1597/573
f 2307/1550/572 2309/1597/573 2310/1598/574
s 0
f 2286/1589/2 2285/1575/2 2169/1518/2
f 2286/1589/2 2169/1518/2 2168/1517/2
f 2311/1599/575 2312/1600/575 2313/1601/575
f 2311/1599/575 2313/1601/575 2314/1602/575
f 2315/1603/576 2316/1604/576 2317/1605/576
f 2315/1603/576 2317/1605/576 2318/1606/576
f 2319/1607/5 2320/1608/5 2321/1609/5
f 2319/1607/5 2321/1609/5 2322/1610/5
f 2323/1611/5 2324/1612/5 2325/1613/5
f 2323/1611/5 2325/1613/5 2326/1614/5
f 2327/1615/4 2328/1616/4 2329/1617/4
f 2327/1615/4 2329/1617/4 2330/1618/4
f 2331/1619/5 2332/1620/5 2333/1621/5
f 2331/1619/5 2333/1621/5 2334/1622/5
f 2335/1623/4 2336/1624/4 2337/1625/4
f 2335/1623/4 2337/1625/4 2338/1626/4
f 2339/1627/5 2340/1628/5 2341/1629/5
f 2339/1627/5 2341/1629/5 2342/1630/5
f 2343/1631/575 2344/1632/575 2345/1586/575
f 2343/1631/575 2345/1586/575 2346/1585/575
s 1
f 2347/1532/572 2348/1558/572 2349/1633/573
f 2347/1532/572 2349/1633/573 2350/1634/577
s 0
f 2351/1635/576 2352/1636/576 2353/1637/576
f 2351/1635/576 2353/1637/576 2354/1638/576
f 2355/1639/571 2356/1640/571 2357/1602/571
f 2355/1639/571 2357/1602/571 2358/1601/571
f 2359/1641/4 2360/1642/4 2361/1643/4
f 2359/1641/4 2361/1643/4 2362/1644/4
s 1
f 2363/1567/568 2364/1544/568 2365/1645/569
f 2363/1567/568 2365/1645/569 2366/1646/570
s 0
f 2204/1548/103 2207/1550/103 2234/1558/103
f 2204/1548/103 2234/1558/103 2233/1557/103
f 2300/1582/120 2231/1555/120 2232/1556/120
f 2300/1582/120 2232/1556/120 2301/1595/120
f 2294/1521/104 2237/1560/104 2238/1557/104
f 2294/1521/104 2238/1557/104 2295/1559/104
f 2172/1521/1 2175/1524/1 2240/1561/1
f 2172/1521/1 2240/1561/1 2239/1560/1
f 2212/1552/119 2215/1554/119 2367/1561/119
f 2212/1552/119 2367/1561/119 2368/1556/119
f 2319/1607/5 2369/1647/5 2370/1648/5
f 2319/1607/5 2370/1648/5 2371/1649/5
f 2371/1649/5 2370/1648/5 2372/1650/5
f 2371/1649/5 2372/1650/5 2334/1622/5
f 2373/1636/578 2374/1635/578 2375/1651/578
f 2373/1636/578 2375/1651/578 2376/1652/578
s 1
f 2377/1652/579 2378/1651/579 2266/1577/570
f 2377/1652/579 2266/1577/570 2265/1576/569
s 0
f 2327/1615/4 2379/1653/4 2380/1654/4
f 2327/1615/4 2380/1654/4 2381/1655/4
f 2381/1655/4 2380/1654/4 2382/1656/4
f 2381/1655/4 2382/1656/4 2362/1644/4
f 2383/1640/580 2384/1639/580 2385/1657/580
f 2383/1640/580 2385/1657/580 2386/1658/580
s 1
f 2387/1658/581 2388/1657/581 2310/1598/574
f 2387/1658/581 2310/1598/574 2309/1597/573
s 0
f 2368/1556/119 2367/1561/119 2305/1524/119
f 2368/1556/119 2305/1524/119 2304/1595/119
s 1
f 2389/1659/582 2390/1660/583 2391/1661/584
f 2389/1659/582 2391/1661/584 2392/1662/585
s 0
f 2339/1627/5 2393/1663/5 2394/1664/5
f 2339/1627/5 2394/1664/5 2395/1665/5
f 2395/1665/5 2394/1664/5 2396/1666/5
f 2395/1665/5 2396/1666/5 2326/1614/5
f 2397/1604/578 2398/1603/578 2399/1667/578
f 2397/1604/578 2399/1667/578 2400/1668/578
s 1
f 2401/1668/579 2402/1667/579 2366/1646/570
f 2401/1668/579 2366/1646/570 2365/1645/569
s 0
f 2335/1623/4 2403/1669/4 2404/1670/4
f 2335/1623/4 2404/1670/4 2405/1671/4
s 1
f 2405/1671/4 2404/1670/4 2406/1672/586
f 2405/1671/4 2406/1672/586 2392/1662/585
s 0
f 2407/1584/580 2408/1583/580 2409/1673/580
f 2407/1584/580 2409/1673/580 2410/1674/580
s 1
f 2411/1674/581 2412/1673/581 2350/1634/577
f 2411/1674/581 2350/1634/577 2349/1633/573
s 0
f 2413/1675/2 2414/1676/2 2415/1677/2
f 2413/1675/2 2415/1677/2 2416/1678/2
f 2417/1679/2 2413/1675/2 2416/1678/2
f 2417/1679/2 2416/1678/2 2418/1680/2
f 2419/1681/2 2420/1682/2 2413/1675/2
f 2419/1681/2 2413/1675/2 2417/1679/2
f 2420/1682/2 2421/1683/2 2414/1676/2
f 2420/1682/2 2414/1676/2 2413/1675/2
f 2422/1684/449 2423/1685/449 2424/1676/449
f 2422/1684/449 2424/1676/449 2425/1683/449
f 2426/1686/499 2427/1687/499 2428/1679/499
f 2426/1686/499 2428/1679/499 2429/1680/499
f 2430/1688/497 2431/1684/497 2432/1683/497
f 2430/1688/497 2432/1683/497 2433/1682/497
f 2434/1689/587 2435/1690/587 2436/1678/587
f 2434/1689/587 2436/1678/587 2437/1677/587
f 2438/1691/498 2439/1688/498 2440/1682/498
f 2438/1691/498 2440/1682/498 2441/1681/498
f 2442/1690/487 2443/1686/487 2444/1680/487
f 2442/1690/487 2444/1680/487 2445/1678/487
f 2446/1685/457 2447/1689/457 2448/1677/457
f 2446/1685/457 2448/1677/457 2449/1676/457
f 2450/1687/478 2451/1691/478 2452/1681/478
f 2450/1687/478 2452/1681/478 2453/1679/478
f 2454/1692/2 2455/1693/2 2456/1694/2
f 2454/1692/2 2456/1694/2 2457/1695/2
f 2458/1696/2 2454/1692/2 2457/1695/2
f 2458/1696/2 2457/1695/2 2459/1697/2
f 2460/1698/2 2461/1699/2 2454/1692/2
f 2460/1698/2 2454/1692/2 2458/1696/2
f 2461/1699/2 2462/1700/2 2455/1693/2
f 2461/1699/2 2455/1693/2 2454/1692/2
f 2463/1701/449 2464/1702/449 2465/1693/449
f 2463/1701/449 2465/1693/449 2466/1700/449
f 2467/1703/499 2468/1704/499 2469/1696/499
f 2467/1703/499 2469/1696/499 2470/1697/499
f 2471/1705/497 2472/1701/497 2473/1700/497
f 2471/1705/497 2473/1700/497 2474/1699/497
f 2475/1706/587 2476/1707/587 2477/1695/587
f 2475/1706/587 2477/1695/587 2478/1694/587
f 2479/1708/498 2480/1705/498 2481/1699/498
f 2479/1708/498 2481/1699/498 2482/1698/498
f 2483/1707/487 2484/1703/487 2485/1697/487
f 2483/1707/487 2485/1697/487 2486/1695/487
f 2487/1702/457 2488/1706/457 2489/1694/457
f 2487/1702/457 2489/1694/457 2490/1693/457
f 2491/1704/478 2492/1708/478 2493/1698/478
f 2491/1704/478 2493/1698/478 2494/1696/478
s 1
f 2495/1709/4 2405/1671/4 2392/1662/585
f 2495/1709/4 2392/1662/585 2391/1661/584
s 0
f 2336/1624/4 2335/1623/4 2405/1671/4
f 2336/1624/4 2405/1671/4 2495/1709/4
f 2496/1710/5 2395/1665/5 2326/1614/5
f 2496/1710/5 2326/1614/5 2325/1613/5
f 2340/1628/5 2339/1627/5 2395/1665/5
f 2340/1628/5 2395/1665/5 2496/1710/5
s 1
f 2497/1711/588 2389/1659/582 2392/1662/585
f 2497/1711/588 2392/1662/585 2406/1672/586
s 0
f 2498/1712/4 2381/1655/4 2362/1644/4
f 2498/1712/4 2362/1644/4 2361/1643/4
f 2328/1616/4 2327/1615/4 2381/1655/4
f 2328/1616/4 2381/1655/4 2498/1712/4
f 2499/1713/5 2371/1649/5 2334/1622/5
f 2499/1713/5 2334/1622/5 2333/1621/5
f 2320/1608/5 2319/1607/5 2371/1649/5
f 2320/1608/5 2371/1649/5 2499/1713/5
f 2500/1714/4 2359/1641/4 2362/1644/4
f 2500/1714/4 2362/1644/4 2382/1656/4
s 1
f 2501/1606/589 2502/1605/589 2503/1632/589
s 0
f 2501/1606/589 2503/1632/589 2504/1631/589
f 2393/1663/5 2339/1627/5 2342/1630/5
f 2393/1663/5 2342/1630/5 2505/1715/5
f 2403/1669/4 2335/1623/4 2338/1626/4
f 2403/1669/4 2338/1626/4 2506/1716/4
f 2507/1717/5 2331/1619/5 2334/1622/5
f 2507/1717/5 2334/1622/5 2372/1650/5
f 2379/1653/4 2327/1615/4 2330/1618/4
f 2379/1653/4 2330/1618/4 2508/1718/4
f 2509/1719/5 2323/1611/5 2326/1614/5
f 2509/1719/5 2326/1614/5 2396/1666/5
f 2369/1647/5 2319/1607/5 2322/1610/5
f 2369/1647/5 2322/1610/5 2510/1720/5
f 2511/1638/589 2512/1637/589 2513/1600/589
f 2511/1638/589 2513/1600/589 2514/1599/589
f 2515/1564/3 2516/1567/3 2268/1579/3
f 2515/1564/3 2268/1579/3 2267/1578/3
f 2517/1544/3 2518/1543/3 2181/1530/3
f 2517/1544/3 2181/1530/3 2180/1529/3
f 2519/1570/2 2520/1721/2 2521/1722/2
f 2519/1570/2 2521/1722/2 2522/1539/2
f 2523/1569/2 2524/1723/2 2520/1721/2
f 2523/1569/2 2520/1721/2 2519/1570/2
f 2525/1568/2 2526/1724/2 2524/1723/2
f 2525/1568/2 2524/1723/2 2523/1569/2
f 2522/1539/2 2521/1722/2 2527/1725/2
f 2522/1539/2 2527/1725/2 2528/1540/2
f 2520/1721/2 2286/1589/2 2168/1517/2
f 2520/1721/2 2168/1517/2 2521/1722/2
f 2524/1723/2 2284/1588/2 2286/1589/2
f 2524/1723/2 2286/1589/2 2520/1721/2
f 2526/1724/2 2281/1587/2 2284/1588/2
f 2526/1724/2 2284/1588/2 2524/1723/2
f 2521/1722/2 2168/1517/2 2171/1520/2
f 2521/1722/2 2171/1520/2 2527/1725/2
f 2544/1726/2 2545/1727/2 2546/1728/2
f 2544/1726/2 2546/1728/2 2547/1729/2
f 2548/1730/1 2549/1731/1 2550/1732/1
f 2548/1730/1 2550/1732/1 2551/1733/1
f 2552/1734/6 2553/1735/6 2554/1736/6
f 2552/1734/6 2554/1736/6 2555/1737/6
f 2556/1738/3 2557/1739/3 2558/1740/3
f 2556/1738/3 2558/1740/3 2559/1741/3
f 2560/1742/117 2561/1743/117 2562/1744/117
f 2560/1742/117 2562/1744/117 2563/1745/117
f 2564/1743/118 2565/1746/118 2566/1747/118
f 2564/1743/118 2566/1747/118 2567/1744/118
f 2568/1748/105 2569/1749/105 2570/1750/105
f 2568/1748/105 2570/1750/105 2571/1751/105
f 2572/1749/106 2573/1752/106 2574/1753/106
f 2572/1749/106 2574/1753/106 2575/1750/106
f 2576/1754/104 2577/1755/104 2578/1756/104
f 2576/1754/104 2578/1756/104 2579/1757/104
f 2580/1755/103 2581/1758/103 2582/1759/103
f 2580/1755/103 2582/1759/103 2583/1756/103
f 2584/1735/120 2585/1760/120 2586/1761/120
f 2584/1735/120 2586/1761/120 2587/1736/120
f 2588/1760/119 2589/1762/119 2590/1763/119
f 2588/1760/119 2590/1763/119 2591/1761/119
f 2607/1764/120 2608/1765/120 2585/1760/120
f 2607/1764/120 2585/1760/120 2584/1735/120
f 2609/1766/103 2610/1767/103 2611/1739/103
f 2609/1766/103 2611/1739/103 2612/1768/103
f 2613/1769/104 2614/1766/104 2577/1755/104
f 2613/1769/104 2577/1755/104 2576/1754/104
f 2615/1769/1 2616/1754/1 2617/1762/1
f 2615/1769/1 2617/1762/1 2618/1770/1
f 2619/1771/106 2620/1772/106 2621/1773/106
f 2619/1771/106 2621/1773/106 2622/1774/106
f 2622/1774/106 2621/1773/106 2623/1775/106
f 2622/1774/106 2623/1775/106 2624/1776/106
f 2625/1777/105 2626/1771/105 2627/1774/105
f 2625/1777/105 2627/1774/105 2628/1778/105
f 2628/1778/105 2627/1774/105 2629/1776/105
f 2628/1778/105 2629/1776/105 2630/1779/105
f 2631/1780/118 2632/1781/118 2633/1782/118
f 2631/1780/118 2633/1782/118 2634/1783/118
f 2634/1783/118 2633/1782/118 2565/1746/118
f 2634/1783/118 2565/1746/118 2564/1743/118
f 2635/1729/117 2636/1780/117 2637/1783/117
f 2635/1729/117 2637/1783/117 2638/1784/117
f 2638/1784/117 2637/1783/117 2561/1743/117
f 2638/1784/117 2561/1743/117 2560/1742/117
s 1
f 2639/1772/568 2640/1785/570 2641/1786/569
f 2639/1772/568 2641/1786/569 2642/1773/568
s 0
f 2643/1787/3 2644/1758/3 2645/1768/3
f 2643/1787/3 2645/1768/3 2646/1788/3
f 2647/1789/6 2648/1790/6 2649/1764/6
f 2647/1789/6 2649/1764/6 2650/1791/6
f 2650/1791/6 2649/1764/6 2553/1735/6
f 2650/1791/6 2553/1735/6 2552/1734/6
f 2651/1757/1 2652/1763/1 2617/1762/1
f 2651/1757/1 2617/1762/1 2616/1754/1
f 2653/1792/571 2654/1793/571 2655/1794/571
f 2653/1792/571 2655/1794/571 2656/1795/571
f 2657/1796/2 2658/1797/2 2659/1742/2
f 2657/1796/2 2659/1742/2 2660/1745/2
f 2658/1797/2 2661/1798/2 2662/1784/2
f 2658/1797/2 2662/1784/2 2659/1742/2
f 2663/1799/6 2664/1800/6 2648/1790/6
f 2663/1799/6 2648/1790/6 2647/1789/6
f 2665/1728/117 2666/1801/117 2636/1780/117
f 2665/1728/117 2636/1780/117 2635/1729/117
f 2667/1801/118 2668/1802/118 2632/1781/118
f 2667/1801/118 2632/1781/118 2631/1780/118
f 2669/1733/104 2670/1803/104 2671/1767/104
f 2669/1733/104 2671/1767/104 2672/1730/104
f 2673/1803/103 2674/1740/103 2611/1739/103
f 2673/1803/103 2611/1739/103 2610/1767/103
f 2675/1800/120 2676/1804/120 2677/1805/120
f 2675/1800/120 2677/1805/120 2678/1790/120
f 2679/1804/119 2680/1732/119 2681/1731/119
f 2679/1804/119 2681/1731/119 2682/1805/119
f 2624/1776/106 2623/1775/106 2573/1752/106
f 2624/1776/106 2573/1752/106 2572/1749/106
f 2630/1779/105 2629/1776/105 2569/1749/105
f 2630/1779/105 2569/1749/105 2568/1748/105
s 1
f 2683/1758/572 2684/1806/574 2685/1807/573
f 2683/1758/572 2685/1807/573 2686/1759/572
s 0
f 2661/1798/2 2544/1726/2 2547/1729/2
f 2661/1798/2 2547/1729/2 2662/1784/2
f 2687/1808/575 2688/1809/575 2689/1810/575
f 2687/1808/575 2689/1810/575 2690/1811/575
f 2691/1812/576 2692/1813/576 2693/1814/576
s 1
f 2691/1812/576 2693/1814/576 2694/1815/576
s 0
f 2695/1816/4 2696/1817/4 2697/1818/4
f 2695/1816/4 2697/1818/4 2698/1819/4
f 2699/1820/4 2700/1821/4 2701/1822/4
f 2699/1820/4 2701/1822/4 2702/1823/4
f 2703/1824/5 2704/1825/5 2705/1826/5
f 2703/1824/5 2705/1826/5 2706/1827/5
f 2707/1828/4 2708/1829/4 2709/1830/4
f 2707/1828/4 2709/1830/4 2710/1831/4
f 2711/1832/5 2712/1833/5 2713/1834/5
f 2711/1832/5 2713/1834/5 2714/1835/5
f 2715/1836/4 2716/1837/4 2717/1838/4
f 2715/1836/4 2717/1838/4 2718/1839/4
f 2719/1840/575 2720/1794/575 2721/1793/575
f 2719/1840/575 2721/1793/575 2722/1841/575
s 1
f 2723/1739/572 2724/1842/577 2725/1843/573
f 2723/1739/572 2725/1843/573 2726/1768/572
s 0
f 2727/1844/576 2728/1845/576 2729/1846/576
s 1
f 2727/1844/576 2729/1846/576 2730/1847/576
s 0
f 2731/1848/571 2732/1810/571 2733/1809/571
f 2731/1848/571 2733/1809/571 2734/1849/571
f 2735/1850/5 2736/1851/5 2737/1852/5
f 2735/1850/5 2737/1852/5 2738/1853/5
s 1
f 2739/1775/568 2740/1854/569 2741/1855/569
f 2739/1775/568 2741/1855/569 2742/1752/568
s 0
f 2580/1755/103 2609/1766/103 2612/1768/103
f 2580/1755/103 2612/1768/103 2581/1758/103
f 2678/1790/120 2677/1805/120 2608/1765/120
f 2678/1790/120 2608/1765/120 2607/1764/120
f 2672/1730/104 2671/1767/104 2614/1766/104
f 2672/1730/104 2614/1766/104 2613/1769/104
f 2548/1730/1 2615/1769/1 2618/1770/1
f 2548/1730/1 2618/1770/1 2549/1731/1
f 2588/1760/119 2743/1765/119 2744/1770/119
f 2588/1760/119 2744/1770/119 2589/1762/119
f 2695/1816/4 2745/1856/4 2746/1857/4
f 2695/1816/4 2746/1857/4 2747/1858/4
f 2745/1856/4 2708/1829/4 2748/1859/4
f 2745/1856/4 2748/1859/4 2746/1857/4
f 2749/1847/578 2750/1860/578 2751/1861/578
f 2749/1847/578 2751/1861/578 2752/1844/578
s 1
f 2753/1860/579 2641/1786/569 2640/1785/570
f 2753/1860/579 2640/1785/570 2754/1861/579
s 0
f 2703/1824/5 2755/1862/5 2756/1863/5
f 2703/1824/5 2756/1863/5 2757/1864/5
f 2755/1862/5 2736/1851/5 2758/1865/5
f 2755/1862/5 2758/1865/5 2756/1863/5
f 2759/1849/580 2760/1866/580 2761/1867/580
f 2759/1849/580 2761/1867/580 2762/1848/580
s 1
f 2763/1866/581 2685/1807/573 2684/1806/574
f 2763/1866/581 2684/1806/574 2764/1867/581
s 0
f 2743/1765/119 2682/1805/119 2681/1731/119
f 2743/1765/119 2681/1731/119 2744/1770/119
s 1
f 2765/1868/590 2766/1869/591 2767/1870/592
f 2765/1868/590 2767/1870/592 2768/1871/593
s 0
f 2715/1836/4 2769/1872/4 2770/1873/4
f 2715/1836/4 2770/1873/4 2771/1874/4
f 2769/1872/4 2700/1821/4 2772/1875/4
f 2769/1872/4 2772/1875/4 2770/1873/4
f 2773/1815/578 2774/1876/578 2775/1877/578
f 2773/1815/578 2775/1877/578 2776/1812/578
s 1
f 2777/1876/579 2741/1855/569 2740/1854/569
f 2777/1876/579 2740/1854/569 2778/1877/579
s 0
f 2711/1832/5 2779/1878/5 2780/1879/5
f 2711/1832/5 2780/1879/5 2781/1880/5
s 1
f 2779/1878/5 2766/1869/591 2782/1881/594
f 2779/1878/5 2782/1881/594 2780/1879/5
s 0
f 2783/1795/580 2784/1882/580 2785/1883/580
f 2783/1795/580 2785/1883/580 2786/1792/580
s 1
f 2787/1882/581 2725/1843/573 2724/1842/577
f 2787/1882/581 2724/1842/577 2788/1883/581
s 0
f 2789/1884/2 2790/1885/2 2791/1886/2
f 2789/1884/2 2791/1886/2 2792/1887/2
f 2793/1888/2 2794/1889/2 2790/1885/2
f 2793/1888/2 2790/1885/2 2789/1884/2
f 2795/1890/2 2793/1888/2 2789/1884/2
f 2795/1890/2 2789/1884/2 2796/1891/2
f 2796/1891/2 2789/1884/2 2792/1887/2
f 2796/1891/2 2792/1887/2 2797/1892/2
f 2798/1893/457 2799/1892/457 2800/1887/457
f 2798/1893/457 2800/1887/457 2801/1894/457
f 2802/1895/478 2803/1889/478 2804/1888/478
f 2802/1895/478 2804/1888/478 2805/1896/478
f 2806/1897/587 2807/1891/587 2808/1892/587
f 2806/1897/587 2808/1892/587 2809/1893/587
f 2810/1898/497 2811/1886/497 2812/1885/497
f 2810/1898/497 2812/1885/497 2813/1899/497
f 2814/1900/487 2815/1890/487 2816/1891/487
f 2814/1900/487 2816/1891/487 2817/1897/487
f 2818/1899/498 2819/1885/498 2820/1889/498
f 2818/1899/498 2820/1889/498 2821/1895/498
f 2822/1894/449 2823/1887/449 2824/1886/449
f 2822/1894/449 2824/1886/449 2825/1898/449
f 2826/1896/499 2827/1888/499 2828/1890/499
f 2826/1896/499 2828/1890/499 2829/1900/499
f 2830/1901/2 2831/1902/2 2832/1903/2
f 2830/1901/2 2832/1903/2 2833/1904/2
f 2834/1905/2 2835/1906/2 2831/1902/2
f 2834/1905/2 2831/1902/2 2830/1901/2
f 2836/1907/2 2834/1905/2 2830/1901/2
f 2836/1907/2 2830/1901/2 2837/1908/2
f 2837/1908/2 2830/1901/2 2833/1904/2
f 2837/1908/2 2833/1904/2 2838/1909/2
f 2839/1910/457 2840/1909/457 2841/1904/457
f 2839/1910/457 2841/1904/457 2842/1911/457
f 2843/1912/478 2844/1906/478 2845/1905/478
f 2843/1912/478 2845/1905/478 2846/1913/478
f 2847/1914/587 2848/1908/587 2849/1909/587
f 2847/1914/587 2849/1909/587 2850/1910/587
f 2851/1915/497 2852/1903/497 2853/1902/497
f 2851/1915/497 2853/1902/497 2854/1916/497
f 2855/1917/487 2856/1907/487 2857/1908/487
f 2855/1917/487 2857/1908/487 2858/1914/487
f 2859/1916/498 2860/1902/498 2861/1906/498
f 2859/1916/498 2861/1906/498 2862/1912/498
f 2863/1911/449 2864/1904/449 2865/1903/449
f 2863/1911/449 2865/1903/449 2866/1915/449
f 2867/1913/499 2868/1905/499 2869/1907/499
f 2867/1913/499 2869/1907/499 2870/1917/499
s 1
f 2871/1918/5 2767/1870/592 2766/1869/591
f 2871/1918/5 2766/1869/591 2779/1878/5
s 0
f 2714/1835/5 2871/1918/5 2779/1878/5
f 2714/1835/5 2779/1878/5 2711/1832/5
f 2872/1919/4 2701/1822/4 2700/1821/4
f 2872/1919/4 2700/1821/4 2769/1872/4
f 2718/1839/4 2872/1919/4 2769/1872/4
f 2718/1839/4 2769/1872/4 2715/1836/4
s 1
f 2873/1920/595 2782/1881/594 2766/1869/591
f 2873/1920/595 2766/1869/591 2765/1868/590
s 0
f 2874/1921/5 2737/1852/5 2736/1851/5
f 2874/1921/5 2736/1851/5 2755/1862/5
f 2706/1827/5 2874/1921/5 2755/1862/5
f 2706/1827/5 2755/1862/5 2703/1824/5
f 2875/1922/4 2709/1830/4 2708/1829/4
f 2875/1922/4 2708/1829/4 2745/1856/4
f 2698/1819/4 2875/1922/4 2745/1856/4
f 2698/1819/4 2745/1856/4 2695/1816/4
f 2876/1923/5 2758/1865/5 2736/1851/5
f 2876/1923/5 2736/1851/5 2735/1850/5
f 2877/1813/589 2878/1840/589 2879/1841/589
f 2877/1813/589 2879/1841/589 2880/1814/589
f 2771/1874/4 2881/1924/4 2716/1837/4
f 2771/1874/4 2716/1837/4 2715/1836/4
f 2781/1880/5 2882/1925/5 2712/1833/5
f 2781/1880/5 2712/1833/5 2711/1832/5
f 2883/1926/4 2748/1859/4 2708/1829/4
f 2883/1926/4 2708/1829/4 2707/1828/4
f 2757/1864/5 2884/1927/5 2704/1825/5
f 2757/1864/5 2704/1825/5 2703/1824/5
f 2885/1928/4 2772/1875/4 2700/1821/4
f 2885/1928/4 2700/1821/4 2699/1820/4
f 2747/1858/4 2886/1929/4 2696/1817/4
f 2747/1858/4 2696/1817/4 2695/1816/4
f 2887/1845/589 2888/1808/589 2889/1811/589
f 2887/1845/589 2889/1811/589 2890/1846/589
f 2891/1773/3 2643/1787/3 2646/1788/3
f 2891/1773/3 2646/1788/3 2892/1775/3
f 2893/1752/3 2556/1738/3 2559/1741/3
f 2893/1752/3 2559/1741/3 2894/1753/3
f 2895/1779/2 2896/1748/2 2897/1930/2
f 2895/1779/2 2897/1930/2 2898/1931/2
f 2899/1778/2 2895/1779/2 2898/1931/2
f 2899/1778/2 2898/1931/2 2900/1932/2
f 2901/1777/2 2899/1778/2 2900/1932/2
f 2901/1777/2 2900/1932/2 2902/1933/2
f 2896/1748/2 2903/1751/2 2904/1934/2
f 2896/1748/2 2904/1934/2 2897/1930/2
f 2898/1931/2 2897/1930/2 2544/1726/2
f 2898/1931/2 2544/1726/2 2661/1798/2
f 2900/1932/2 2898/1931/2 2661/1798/2
f 2900/1932/2 2661/1798/2 2658/1797/2
f 2902/1933/2 2900/1932/2 2658/1797/2
f 2902/1933/2 2658/1797/2 2657/1796/2
f 2897/1930/2 2904/1934/2 2545/1727/2
f 2897/1930/2 2545/1727/2 2544/1726/2
f 444/377/111 607/462/111 608/143/111
s 1
f 444/377/111 608/143/111 441/242/111
s 0
f 448/213/112 605/146/112 606/461/112
f 448/213/488 606/461/488 445/378/488
s 1
f 344/325/94 603/460/116 604/126/116
f 344/325/94 604/126/116 341/129/91
f 349/209/99 601/208/115 602/459/115
f 349/209/99 602/459/115 350/329/100
f 336/319/86 599/457/562 600/458/562
f 336/319/86 600/458/562 333/316/83
f 329/128/79 597/127/110 598/456/110
f 329/128/79 598/456/110 330/313/80
f 308/297/58 595/454/566 596/455/566
f 308/297/58 596/455/566 305/294/55
f 313/148/63 593/147/108 594/453/108
f 313/148/63 594/453/108 314/301/64
s 0
f 99/99/1 100/100/1 237/237/1
f 99/99/1 237/237/1 253/253/1
f 98/98/1 99/99/1 253/253/1
f 98/98/1 253/253/1 249/249/1
f 97/97/1 98/98/1 249/249/1
f 97/97/1 249/249/1 245/245/1
f 107/107/2 106/106/2 225/225/2
f 107/107/2 225/225/2 243/243/2
f 96/96/1 97/97/1 245/245/1
f 96/96/1 245/245/1 139/139/1
f 6/6/2 107/107/2 243/243/2
f 6/6/2 243/243/2 239/239/2
f 7/7/2 6/6/2 239/239/2
f 7/7/2 239/239/2 135/135/2
f 100/100/1 9/9/1 221/221/1
f 100/100/1 221/221/1 237/237/1
f 103/103/2 102/102/2 167/167/2
f 103/103/2 167/167/2 231/231/2
f 94/94/1 95/95/1 138/138/1
f 94/94/1 138/138/1 186/186/1
f 104/104/2 103/103/2 231/231/2
f 104/104/2 231/231/2 229/229/2
f 105/105/2 104/104/2 229/229/2
f 105/105/2 229/229/2 226/226/2
f 106/106/2 105/105/2 226/226/2
f 106/106/2 226/226/2 225/225/2
f 9/9/1 12/12/1 222/222/1
f 9/9/1 222/222/1 221/221/1
f 175/175/1 178/178/1 208/208/1
f 175/175/1 208/208/1 207/207/1
f 59/59/1 94/94/1 186/186/1
f 59/59/1 186/186/1 185/185/1
f 102/102/2 101/101/2 168/168/2
f 102/102/2 168/168/2 167/167/2
f 213/213/5 212/212/5 147/147/5
f 213/213/5 147/147/5 146/146/5
f 241/241/2 242/242/2 143/143/2
f 241/241/2 143/143/2 142/142/2
f 95/95/1 96/96/1 139/139/1
f 95/95/1 139/139/1 138/138/1
f 180/180/2 7/7/2 135/135/2
f 180/180/2 135/135/2 134/134/2
f 247/247/4 248/248/4 127/127/4
f 247/247/4 127/127/4 126/126/4
f 181/181/2 180/180/2 134/134/2
f 181/181/2 134/134/2 2905/458/2
f 12/12/1 175/175/1 207/207/1
f 12/12/1 207/207/1 222/222/1
s 1
f 352/331/102 591/452/119 592/210/119
f 352/331/102 592/210/119 349/209/99
f 345/219/95 589/218/120 590/451/120
f 345/219/95 590/451/120 346/326/96
s 0
f 524/418/117 587/450/117 588/137/117
f 524/418/117 588/137/117 521/136/117
f 528/156/118 585/217/118 586/449/118
f 528/156/118 586/449/118 525/419/118
s 1
f 284/278/34 503/408/105 504/62/105
f 284/278/34 504/62/105 281/65/31
f 289/110/39 501/109/106 502/407/106
f 289/110/39 502/407/106 290/282/40
s 0
f 358/335/104 491/401/104 492/194/104
f 358/335/104 492/194/104 359/162/104
f 354/23/103 489/108/103 490/400/103
f 354/23/103 490/400/103 355/332/103
f 11/11/1 14/14/1 214/214/1
f 11/11/1 214/214/1 176/176/1
f 156/156/6 155/155/6 218/218/6
f 156/156/6 218/218/6 217/217/6
f 14/14/1 16/16/1 193/193/1
f 14/14/1 193/193/1 214/214/1
f 222/222/1 207/207/1 210/210/1
f 222/222/1 210/210/1 223/223/1
f 16/16/1 162/162/1 194/194/1
f 16/16/1 194/194/1 193/193/1
f 27/27/2 8/8/2 179/179/2
f 27/27/2 179/179/2 173/173/2
f 8/8/2 7/7/2 180/180/2
f 8/8/2 180/180/2 179/179/2
f 12/12/1 11/11/1 176/176/1
f 12/12/1 176/176/1 175/175/1
f 28/28/2 27/27/2 173/173/2
f 28/28/2 173/173/2 63/63/2
f 2905/458/2 134/134/2 137/137/2
f 2905/458/2 137/137/2 2906/316/2
f 23/23/3 22/22/3 109/109/3
f 23/23/3 109/109/3 108/108/3
f 121/121/2 28/28/2 63/63/2
f 121/121/2 63/63/2 62/62/2
f 101/101/2 241/241/2 142/142/2
f 101/101/2 142/142/2 168/168/2
f 60/60/1 59/59/1 185/185/1
f 60/60/1 185/185/1 2907/455/1
f 43/43/2 211/211/2 609/404/2
f 43/43/2 609/404/2 203/203/2
f 510/412/118 583/448/118 584/234/118
f 510/412/118 584/234/118 511/172/118
f 506/169/117 581/145/117 582/447/117
f 506/169/117 582/447/117 507/409/117
s 1
f 312/300/62 579/446/120 580/233/120
f 312/300/62 580/233/120 309/236/59
f 305/294/55 577/188/119 578/445/119
f 305/294/55 578/445/119 306/295/56
f 264/263/14 499/406/106 500/117/106
f 264/263/14 500/117/106 261/120/11
f 257/257/7 497/404/105 498/405/105
f 257/257/7 498/405/105 258/258/8
s 0
f 372/341/103 495/403/103 496/118/103
f 372/341/103 496/118/103 369/51/103
f 376/216/104 493/122/104 494/402/104
f 376/216/104 494/402/104 373/342/104
f 101/101/2 30/30/2 197/197/2
f 101/101/2 197/197/2 241/241/2
f 171/171/6 172/172/6 234/234/6
f 171/171/6 234/234/6 233/233/6
f 29/29/2 43/43/2 203/203/2
f 29/29/2 203/203/2 198/198/2
f 30/30/2 29/29/2 198/198/2
f 30/30/2 198/198/2 197/197/2
f 76/76/1 75/75/1 183/183/1
f 76/76/1 183/183/1 123/123/1
f 2907/455/1 185/185/1 188/188/1
f 2907/455/1 188/188/1 2908/294/1
f 75/75/1 87/87/1 58/58/1
f 75/75/1 58/58/1 183/183/1
f 168/168/2 142/142/2 145/145/2
f 168/168/2 145/145/2 169/169/2
f 216/216/1 76/76/1 123/123/1
f 216/216/1 123/123/1 122/122/1
f 50/50/3 51/51/3 118/118/3
f 50/50/3 118/118/3 117/117/3
f 87/87/1 94/94/1 59/59/1
f 87/87/1 59/59/1 58/58/1
f 2158/1935/4 2156/1936/4 2157/1937/4
f 2156/1936/4 2158/1935/4 2155/1938/4
f 2155/1938/4 2158/1935/4 2154/1939/4
f 2154/1939/4 2158/1935/4 2159/1940/4
f 2154/1939/4 2159/1940/4 2153/1941/4
f 2153/1941/4 2159/1940/4 2160/1942/4
f 2153/1941/4 2160/1942/4 2167/1943/4
f 2167/1943/4 2160/1942/4 2161/1944/4
f 2167/1943/4 2161/1944/4 2162/1945/4
f 2167/1943/4 2162/1945/4 2163/1946/4
f 2167/1943/4 2163/1946/4 2166/1947/4
f 2166/1947/4 2163/1946/4 2164/1948/4
f 2166/1947/4 2164/1948/4 2165/1949/4
f 2229/1950/5 2227/1951/5 2228/1952/5
f 2227/1951/5 2229/1950/5 2226/1953/5
f 2226/1953/5 2229/1950/5 2225/1954/5
f 2225/1954/5 2229/1950/5 2230/1955/5
f 2225/1954/5 2230/1955/5 2224/1956/5
f 2224/1956/5 2230/1955/5 2216/1957/5
f 2224/1956/596 2216/1957/596 2223/1958/596
f 2223/1958/5 2216/1957/5 2222/1959/5
f 2222/1959/5 2216/1957/5 2221/1960/5
f 2221/1960/5 2216/1957/5 2217/1961/5
f 2221/1960/5 2217/1961/5 2220/1962/5
f 2220/1962/5 2217/1961/5 2218/1963/5
f 2220/1962/5 2218/1963/5 2219/1964/5
f 2543/1965/5 2541/1966/5 2542/1967/5
f 2541/1966/5 2543/1965/5 2540/1968/5
f 2540/1968/5 2543/1965/5 2539/1969/5
f 2539/1969/5 2543/1965/5 2529/1970/5
f 2539/1969/5 2529/1970/5 2538/1971/5
f 2538/1971/5 2529/1970/5 2530/1972/5
f 2538/1971/596 2530/1972/596 2537/1973/596
f 2537/1973/5 2530/1972/5 2536/1974/5
f 2536/1974/5 2530/1972/5 2535/1975/5
f 2535/1975/5 2530/1972/5 2531/1976/5
f 2535/1975/5 2531/1976/5 2534/1977/5
f 2534/1977/5 2531/1976/5 2532/1978/5
f 2534/1977/5 2532/1978/5 2533/1979/5
f 2598/1980/4 2596/1981/4 2597/1982/4
f 2596/1981/4 2598/1980/4 2595/1983/4
f 2595/1983/4 2598/1980/4 2594/1984/4
f 2594/1984/4 2598/1980/4 2599/1985/4
f 2594/1984/4 2599/1985/4 2593/1986/4
f 2593/1986/4 2599/1985/4 2600/1987/4
f 2593/1986/4 2600/1987/4 2592/1988/4
f 2592/1988/4 2600/1987/4 2601/1989/4
f 2592/1988/4 2601/1989/4 2602/1990/4
f 2592/1988/4 2602/1990/4 2603/1991/4
f 2592/1988/4 2603/1991/4 2606/1992/4
f 2606/1992/4 2603/1991/4 2604/1993/4
f 2606/1992/4 2604/1993/4 2605/1994/4
o Object_20
v -0.417896 0.083059 -1.245891
v -0.417896 0.083059 -0.830594
v -0.006762 0.083059 -0.830594
v -0.006762 0.083059 -1.245891
v -1.248490 0.000000 1.245891
v -1.248490 0.000000 1.661188
v -1.663787 0.000000 1.661188
v -1.663787 0.000000 1.245891
v -1.663787 0.083059 1.245891
v -1.663787 0.083059 1.661188
v -1.248490 0.083059 1.661188
v -1.248490 0.083059 1.245891
v -0.833193 0.083059 1.661188
v -0.833193 0.083059 1.245891
v -0.417896 0.083059 1.661188
v -0.417896 0.083059 1.245891
v -0.002599 0.004163 -1.245891
v -0.002599 0.078896 -1.245891
v -0.002599 0.078896 -0.830594
v -0.002599 0.004163 -0.830594
v -0.002599 0.004163 1.245891
v -0.002599 0.078896 1.245891
v -0.002599 0.078896 1.661188
v -0.002599 0.004163 1.661188
v -0.417896 0.000000 1.245891
v -0.417896 0.000000 1.661188
v -0.833193 0.000000 1.661188
v -0.833193 0.000000 1.245891
v -0.833193 0.000000 -1.661188
v -0.833193 0.000000 -1.245891
v -1.248490 0.000000 -1.245891
v -1.248490 0.000000 -1.661188
v -0.833193 0.000000 -0.830594
v -1.248490 0.000000 -0.830594
v -0.833193 0.000000 -0.415297
v -1.248490 0.000000 -0.415297
v -0.833193 0.000000 0.000000
v -1.248490 0.000000 0.000000
v -0.833193 0.000000 0.415297
v -1.248490 0.000000 0.415297
v -0.833193 0.000000 0.830594
v -1.248490 0.000000 0.830594
v -0.417896 0.000000 -1.661188
v -0.417896 0.000000 -1.245891
v -0.417896 0.000000 -0.830594
v -0.417896 0.000000 -0.415297
v -0.417896 0.000000 0.000000
v -0.417896 0.000000 0.415297
v -0.417896 0.000000 0.830594
v -0.002599 0.004163 -1.661188
v -0.002599 0.078896 -1.661188
v -0.006762 0.000000 -0.830594
v -0.006762 0.000000 -0.415297
v -0.006762 0.000000 0.000000
v -0.006762 0.000000 0.415297
v -0.006762 0.000000 0.830594
v -0.006762 0.000000 1.245891
v -1.248490 0.083059 -1.673233
v -1.248490 0.083059 -1.860784
v -1.663787 0.083059 -1.860784
v -1.663787 0.083059 -1.673233
v -0.006762 0.000000 1.675793
v -0.006762 0.000000 1.860784
v -0.417896 0.000000 1.860784
v -0.417896 0.000000 1.675793
v -0.002599 0.078896 -0.415297
v -0.002599 0.004163 -0.415297
v -0.002599 0.078896 0.000000
v -0.002599 0.004163 0.000000
v -0.002599 0.078896 0.415297
v -0.002599 0.004163 0.415297
v -0.002599 0.078896 0.830594
v -0.002599 0.004163 0.830594
v -0.006762 0.000000 -1.245891
v -0.833193 0.083059 -1.661188
v -0.833193 0.083059 -1.245891
v -0.417896 0.083059 -1.661188
v -0.833193 0.083059 -0.830594
v -0.833193 0.083059 -0.415297
v -0.417896 0.083059 -0.415297
v -0.833193 0.083059 0.000000
v -0.417896 0.083059 0.000000
v -0.833193 0.083059 0.415297
v -0.417896 0.083059 0.415297
v -0.833193 0.083059 0.830594
v -0.417896 0.083059 0.830594
v -1.248490 0.083059 -1.661188
v -1.248490 0.083059 -1.245891
v -1.248490 0.083059 -0.830594
v -1.248490 0.083059 -0.415297
v -1.248490 0.083059 0.000000
v -1.248490 0.083059 0.415297
v -1.248490 0.083059 0.830594
v -1.663787 0.083059 -1.661188
v -1.663787 0.083059 -1.245891
v -1.663787 0.083059 -0.830594
v -1.663787 0.083059 -0.415297
v -1.663787 0.083059 0.000000
v -1.663787 0.083059 0.415297
v -1.663787 0.083059 0.830594
v -1.663787 0.000000 -1.245891
v -1.663787 0.000000 -1.661188
v -1.663787 0.000000 -0.830594
v -1.663787 0.000000 -0.415297
v -1.663787 0.000000 0.000000
v -1.663787 0.000000 0.415297
v -1.663787 0.000000 0.830594
v -0.002599 0.078896 1.675793
v -0.002599 0.078896 1.860784
v -0.002599 0.004163 1.860784
v -0.002599 0.004163 1.675793
v -0.006762 0.083059 1.245891
v -0.006762 0.083059 0.830594
v -0.006762 0.083059 0.415297
v -0.006762 0.083059 0.000000
v -0.006762 0.083059 -0.415297
v -0.002599 0.004163 -1.673233
v -0.002599 0.004163 -1.860784
v -0.002599 0.078896 -1.860784
v -0.002599 0.078896 -1.673233
v -0.006762 0.000000 1.661188
v -0.006762 0.083059 -1.673233
v -0.006762 0.083059 -1.860784
v -0.417896 0.083059 -1.860784
v -0.417896 0.083059 -1.673233
v -1.678798 0.078896 1.864947
v -1.867272 0.078896 1.864947
v -1.867272 0.004163 1.864947
v -1.678798 0.004163 1.864947
v -0.833193 0.078896 -1.864947
v -0.833193 0.004163 -1.864947
v -1.248490 0.004163 -1.864947
v -1.248490 0.078896 -1.864947
v -1.678798 0.000000 1.675793
v -1.867272 0.000000 1.675793
v -1.867272 0.000000 1.661188
v -1.678798 0.000000 1.661188
v -1.678798 0.083059 -1.245891
v -1.867272 0.083059 -1.245891
v -1.867272 0.083059 -0.830594
v -1.678798 0.083059 -0.830594
v -1.678798 0.000000 -1.673233
v -1.867272 0.000000 -1.673233
v -1.867272 0.000000 -1.860784
v -1.678798 0.000000 -1.860784
v -1.678798 0.004163 -1.864947
v -1.867272 0.004163 -1.864947
v -1.867272 0.078896 -1.864947
v -1.678798 0.078896 -1.864947
v -1.871435 0.078896 -1.245891
v -1.871435 0.004163 -1.245891
v -1.871435 0.004163 -0.830594
v -1.871435 0.078896 -0.830594
v -1.871435 0.078896 1.245891
v -1.871435 0.004163 1.245891
v -1.871435 0.004163 1.661188
v -1.871435 0.078896 1.661188
v -1.871435 0.078896 0.830594
v -1.871435 0.004163 0.830594
v -1.871435 0.004163 -0.415297
v -1.871435 0.078896 -0.415297
v -0.006762 0.083059 1.661188
v -0.417896 0.078896 1.864947
v -0.417896 0.004163 1.864947
v -0.006762 0.004163 1.864947
v -0.006762 0.078896 1.864947
v -1.678798 0.000000 -1.245891
v -1.867272 0.000000 -1.245891
v -1.867272 0.000000 -1.661188
v -1.678798 0.000000 -1.661188
v -1.871435 0.078896 -1.661188
v -1.871435 0.004163 -1.661188
v -0.833193 0.000000 1.860784
v -0.833193 0.000000 1.675793
v -1.663787 0.083059 1.675793
v -1.663787 0.083059 1.860784
v -1.248490 0.083059 1.860784
v -1.248490 0.083059 1.675793
v -1.248490 0.000000 1.675793
v -1.248490 0.000000 1.860784
v -1.663787 0.000000 1.860784
v -1.663787 0.000000 1.675793
v -0.833193 0.083059 -1.673233
v -0.833193 0.083059 -1.860784
v -1.678798 0.083059 -1.673233
v -1.867272 0.083059 -1.673233
v -1.867272 0.083059 -1.661188
v -1.678798 0.083059 -1.661188
v -0.006762 0.078896 -1.864947
v -0.006762 0.004163 -1.864947
v -0.417896 0.004163 -1.864947
v -0.417896 0.078896 -1.864947
v -0.417896 0.083059 1.675793
v -0.417896 0.083059 1.860784
v -0.006762 0.083059 1.860784
v -0.006762 0.083059 1.675793
v -1.248490 0.000000 -1.673233
v -1.248490 0.000000 -1.860784
v -0.833193 0.000000 -1.860784
v -0.833193 0.000000 -1.673233
v -0.833193 0.078896 1.864947
v -0.833193 0.004163 1.864947
v -0.417896 0.000000 -1.860784
v -0.417896 0.000000 -1.673233
v -1.248490 0.078896 1.864947
v -1.248490 0.004163 1.864947
v -1.678798 0.083059 1.675793
v -1.867272 0.083059 1.675793
v -1.867272 0.083059 1.860784
v -1.678798 0.083059 1.860784
v -0.006762 0.000000 -1.661188
v -1.663787 0.004163 -1.864947
v -1.663787 0.078896 -1.864947
v -0.833193 0.083059 1.675793
v -0.833193 0.083059 1.860784
v -0.006762 0.083059 -1.661188
v -1.871435 0.004163 1.675793
v -1.871435 0.004163 1.860784
v -1.871435 0.078896 1.860784
v -1.871435 0.078896 1.675793
v -1.678798 0.083059 1.245891
v -1.867272 0.083059 1.245891
v -1.867272 0.083059 1.661188
v -1.678798 0.083059 1.661188
v -1.678798 0.000000 0.415297
v -1.867272 0.000000 0.415297
v -1.867272 0.000000 0.000000
v -1.678798 0.000000 0.000000
v -1.867272 0.000000 -0.415297
v -1.678798 0.000000 -0.415297
v -1.867272 0.000000 -0.830594
v -1.678798 0.000000 -0.830594
v -1.871435 0.078896 -1.673233
v -1.871435 0.078896 -1.860784
v -1.871435 0.004163 -1.860784
v -1.871435 0.004163 -1.673233
v -1.678798 0.083059 0.830594
v -1.867272 0.083059 0.830594
v -1.867272 0.000000 1.245891
v -1.678798 0.000000 1.245891
v -1.663787 0.000000 -1.673233
v -1.663787 0.000000 -1.860784
v -1.867272 0.000000 0.830594
v -1.678798 0.000000 0.830594
v -1.867272 0.083059 -0.415297
v -1.678798 0.083059 -0.415297
v -1.663787 0.078896 1.864947
v -1.663787 0.004163 1.864947
v -1.867272 0.083059 0.000000
v -1.678798 0.083059 0.000000
v -1.871435 0.078896 0.415297
v -1.871435 0.004163 0.415297
v -1.867272 0.083059 0.415297
v -1.678798 0.083059 0.415297
v -1.871435 0.078896 0.000000
v -1.871435 0.004163 0.000000
v -0.006762 0.000000 -1.860784
v -0.006762 0.001219 -1.863728
v -0.004359 0.001760 -1.863188
v -0.003818 0.001219 -1.860784
v -0.002599 0.004163 -1.860784
v -0.003818 0.001219 -1.860784
v -0.004359 0.001760 -1.863188
v -0.003818 0.004163 -1.863728
v -0.006762 0.004163 -1.864947
v -0.003818 0.004163 -1.863728
v -0.004359 0.001760 -1.863188
v -0.006762 0.001219 -1.863728
v -0.006762 0.083059 -1.860784
v -0.003818 0.081840 -1.860784
v -0.004359 0.081300 -1.863188
v -0.006762 0.081840 -1.863728
v -0.006762 0.078896 -1.864947
v -0.006762 0.081840 -1.863728
v -0.004359 0.081300 -1.863188
v -0.003818 0.078896 -1.863728
v -0.002599 0.078896 -1.860784
v -0.003818 0.078896 -1.863728
v -0.004359 0.081300 -1.863188
v -0.003818 0.081840 -1.860784
v -0.006762 0.000000 1.860784
v -0.003818 0.001219 1.860784
v -0.004359 0.001760 1.863188
v -0.006762 0.001219 1.863728
v -0.006762 0.004163 1.864947
v -0.006762 0.001219 1.863728
v -0.004359 0.001760 1.863188
v -0.003818 0.004163 1.863728
v -0.002599 0.004163 1.860784
v -0.003818 0.004163 1.863728
v -0.004359 0.001760 1.863188
v -0.003818 0.001219 1.860784
v -0.006762 0.083059 1.860784
v -0.006762 0.081840 1.863728
v -0.004359 0.081300 1.863188
v -0.003818 0.081840 1.860784
v -0.002599 0.078896 1.860784
v -0.003818 0.081840 1.860784
v -0.004359 0.081300 1.863188
v -0.003818 0.078896 1.863728
v -0.006762 0.078896 1.864947
v -0.003818 0.078896 1.863728
v -0.004359 0.081300 1.863188
v -0.006762 0.081840 1.863728
v -1.867272 0.083059 -1.860784
v -1.867272 0.081840 -1.863728
v -1.869676 0.081300 -1.863188
v -1.870216 0.081840 -1.860784
v -1.871435 0.078896 -1.860784
v -1.870216 0.081840 -1.860784
v -1.869676 0.081300 -1.863188
v -1.870216 0.078896 -1.863728
v -1.867272 0.078896 -1.864947
v -1.870216 0.078896 -1.863728
v -1.869676 0.081300 -1.863188
v -1.867272 0.081840 -1.863728
v -1.867272 0.000000 -1.860784
v -1.870216 0.001219 -1.860784
v -1.869676 0.001760 -1.863188
v -1.867272 0.001219 -1.863728
v -1.867272 0.004163 -1.864947
v -1.867272 0.001219 -1.863728
v -1.869676 0.001760 -1.863188
v -1.870216 0.004163 -1.863728
v -1.871435 0.004163 -1.860784
v -1.870216 0.004163 -1.863728
v -1.869676 0.001760 -1.863188
v -1.870216 0.001219 -1.860784
v -1.867272 0.004163 1.864947
v -1.870216 0.004163 1.863728
v -1.869676 0.001760 1.863188
v -1.867272 0.001219 1.863728
v -1.867272 0.000000 1.860784
v -1.867272 0.001219 1.863728
v -1.869676 0.001760 1.863188
v -1.870216 0.001219 1.860784
v -1.871435 0.004163 1.860784
v -1.870216 0.001219 1.860784
v -1.869676 0.001760 1.863188
v -1.870216 0.004163 1.863728
v -1.867272 0.078896 1.864947
v -1.867272 0.081840 1.863728
v -1.869676 0.081300 1.863188
v -1.870216 0.078896 1.863728
v -1.871435 0.078896 1.860784
v -1.870216 0.078896 1.863728
v -1.869676 0.081300 1.863188
v -1.870216 0.081840 1.860784
v -1.867272 0.083059 1.860784
v -1.870216 0.081840 1.860784
v -1.869676 0.081300 1.863188
v -1.867272 0.081840 1.863728
v -0.002599 0.078896 1.245891
v -0.003818 0.081840 1.245891
v -0.003818 0.081840 1.661188
v -0.002599 0.078896 1.661188
v -0.003818 0.081840 1.245891
v -0.006762 0.083059 1.245891
v -0.006762 0.083059 1.661188
v -0.003818 0.081840 1.661188
v -0.006762 0.000000 1.245891
v -0.003818 0.001219 1.245891
v -0.003818 0.001219 1.661188
v -0.006762 0.000000 1.661188
v -0.003818 0.001219 1.245891
v -0.002599 0.004163 1.245891
v -0.002599 0.004163 1.661188
v -0.003818 0.001219 1.661188
v -0.002599 0.078896 -1.661188
v -0.003818 0.081840 -1.661188
v -0.003818 0.081840 -1.245891
v -0.002599 0.078896 -1.245891
v -0.003818 0.081840 -1.661188
v -0.006762 0.083059 -1.661188
v -0.006762 0.083059 -1.245891
v -0.003818 0.081840 -1.245891
v -0.003818 0.081840 -0.830594
v -0.002599 0.078896 -0.830594
v -0.006762 0.083059 -0.830594
v -0.003818 0.081840 -0.830594
v -0.003818 0.081840 -0.415297
v -0.002599 0.078896 -0.415297
v -0.006762 0.083059 -0.415297
v -0.003818 0.081840 -0.415297
v -0.003818 0.081840 0.000000
v -0.002599 0.078896 0.000000
v -0.006762 0.083059 0.000000
v -0.003818 0.081840 0.000000
v -0.003818 0.081840 0.415297
v -0.002599 0.078896 0.415297
v -0.006762 0.083059 0.415297
v -0.003818 0.081840 0.415297
v -0.003818 0.081840 0.830594
v -0.002599 0.078896 0.830594
v -0.006762 0.083059 0.830594
v -0.003818 0.081840 0.830594
v -0.006762 0.000000 -1.661188
v -0.003818 0.001219 -1.661188
v -0.003818 0.001219 -1.245891
v -0.006762 0.000000 -1.245891
v -0.003818 0.001219 -1.661188
v -0.002599 0.004163 -1.661188
v -0.002599 0.004163 -1.245891
v -0.003818 0.001219 -1.245891
v -0.003818 0.001219 -0.830594
v -0.006762 0.000000 -0.830594
v -0.002599 0.004163 -0.830594
v -0.003818 0.001219 -0.830594
v -0.003818 0.001219 -0.415297
v -0.006762 0.000000 -0.415297
v -0.002599 0.004163 -0.415297
v -0.003818 0.001219 -0.415297
v -0.003818 0.001219 0.000000
v -0.006762 0.000000 0.000000
v -0.002599 0.004163 0.000000
v -0.003818 0.001219 0.000000
v -0.003818 0.001219 0.415297
v -0.006762 0.000000 0.415297
v -0.002599 0.004163 0.415297
v -0.003818 0.001219 0.415297
v -0.003818 0.001219 0.830594
v -0.006762 0.000000 0.830594
v -0.002599 0.004163 0.830594
v -0.003818 0.001219 0.830594
v -1.248490 0.083059 -1.860784
v -1.248490 0.081840 -1.863728
v -1.663787 0.081840 -1.863728
v -1.663787 0.083059 -1.860784
v -1.248490 0.081840 -1.863728
v -1.248490 0.078896 -1.864947
v -1.663787 0.078896 -1.864947
v -1.663787 0.081840 -1.863728
v -1.248490 0.000000 1.860784
v -1.248490 0.001219 1.863728
v -1.663787 0.001219 1.863728
v -1.663787 0.000000 1.860784
v -1.248490 0.001219 1.863728
v -1.248490 0.004163 1.864947
v -1.663787 0.004163 1.864947
v -1.663787 0.001219 1.863728
v -1.663787 0.000000 -1.860784
v -1.663787 0.001219 -1.863728
v -1.248490 0.001219 -1.863728
v -1.248490 0.000000 -1.860784
v -1.663787 0.001219 -1.863728
v -1.663787 0.004163 -1.864947
v -1.248490 0.004163 -1.864947
v -1.248490 0.001219 -1.863728
v -0.833193 0.001219 -1.863728
v -0.833193 0.000000 -1.860784
v -0.833193 0.004163 -1.864947
v -0.833193 0.001219 -1.863728
v -0.417896 0.001219 -1.863728
v -0.417896 0.000000 -1.860784
v -0.417896 0.004163 -1.864947
v -0.417896 0.001219 -1.863728
v -0.417896 0.081840 -1.863728
v -0.417896 0.083059 -1.860784
v -0.417896 0.078896 -1.864947
v -0.417896 0.081840 -1.863728
v -0.833193 0.081840 -1.863728
v -0.833193 0.083059 -1.860784
v -0.833193 0.078896 -1.864947
v -0.833193 0.081840 -1.863728
v -0.417896 0.001219 1.863728
v -0.417896 0.000000 1.860784
v -0.417896 0.004163 1.864947
v -0.417896 0.001219 1.863728
v -0.833193 0.001219 1.863728
v -0.833193 0.000000 1.860784
v -0.833193 0.004163 1.864947
v -0.833193 0.001219 1.863728
v -1.663787 0.083059 1.860784
v -1.663787 0.081840 1.863728
v -1.248490 0.081840 1.863728
v -1.248490 0.083059 1.860784
v -1.663787 0.081840 1.863728
v -1.663787 0.078896 1.864947
v -1.248490 0.078896 1.864947
v -1.248490 0.081840 1.863728
v -0.833193 0.081840 1.863728
v -0.833193 0.083059 1.860784
v -0.833193 0.078896 1.864947
v -0.833193 0.081840 1.863728
v -0.417896 0.081840 1.863728
v -0.417896 0.083059 1.860784
v -0.417896 0.078896 1.864947
v -0.417896 0.081840 1.863728
v -0.002599 0.078896 1.675793
v -0.003818 0.081840 1.675793
v -0.003818 0.081840 1.675793
v -0.006762 0.083059 1.675793
v -0.006762 0.083059 -1.673233
v -0.003818 0.081840 -1.673233
v -0.003818 0.081840 -1.673233
v -0.002599 0.078896 -1.673233
v -0.006762 0.000000 -1.673233
v -0.003818 0.001219 -1.673233
v -0.003818 0.001219 -1.673233
v -0.002599 0.004163 -1.673233
v -0.002599 0.004163 1.675793
v -0.003818 0.001219 1.675793
v -0.003818 0.001219 1.675793
v -0.006762 0.000000 1.675793
v -1.867272 0.000000 -1.245891
v -1.870216 0.001219 -1.245891
v -1.870216 0.001219 -1.661188
v -1.867272 0.000000 -1.661188
v -1.870216 0.001219 -1.245891
v -1.871435 0.004163 -1.245891
v -1.871435 0.004163 -1.661188
v -1.870216 0.001219 -1.661188
v -1.867272 0.083059 1.245891
v -1.870216 0.081840 1.245891
v -1.870216 0.081840 1.661188
v -1.867272 0.083059 1.661188
v -1.870216 0.081840 1.245891
v -1.871435 0.078896 1.245891
v -1.871435 0.078896 1.661188
v -1.870216 0.081840 1.661188
v -1.867272 0.000000 1.661188
v -1.870216 0.001219 1.661188
v -1.870216 0.001219 1.245891
v -1.867272 0.000000 1.245891
v -1.870216 0.001219 1.661188
v -1.871435 0.004163 1.661188
v -1.871435 0.004163 1.245891
v -1.870216 0.001219 1.245891
v -1.870216 0.001219 0.830594
v -1.867272 0.000000 0.830594
v -1.871435 0.004163 0.830594
v -1.870216 0.001219 0.830594
v -1.870216 0.001219 0.415297
v -1.867272 0.000000 0.415297
v -1.871435 0.004163 0.415297
v -1.870216 0.001219 0.415297
v -1.870216 0.001219 0.000000
v -1.867272 0.000000 0.000000
v -1.871435 0.004163 0.000000
v -1.870216 0.001219 0.000000
v -1.870216 0.001219 -0.415297
v -1.867272 0.000000 -0.415297
v -1.871435 0.004163 -0.415297
v -1.870216 0.001219 -0.415297
v -1.870216 0.001219 -0.830594
v -1.867272 0.000000 -0.830594
v -1.871435 0.004163 -0.830594
v -1.870216 0.001219 -0.830594
v -1.867272 0.083059 -1.661188
v -1.870216 0.081840 -1.661188
v -1.870216 0.081840 -1.245891
v -1.867272 0.083059 -1.245891
v -1.870216 0.081840 -1.661188
v -1.871435 0.078896 -1.661188
v -1.871435 0.078896 -1.245891
v -1.870216 0.081840 -1.245891
v -1.870216 0.081840 -0.830594
v -1.867272 0.083059 -0.830594
v -1.871435 0.078896 -0.830594
v -1.870216 0.081840 -0.830594
v -1.870216 0.081840 -0.415297
v -1.867272 0.083059 -0.415297
v -1.871435 0.078896 -0.415297
v -1.870216 0.081840 -0.415297
v -1.870216 0.081840 0.000000
v -1.867272 0.083059 0.000000
v -1.871435 0.078896 0.000000
v -1.870216 0.081840 0.000000
v -1.870216 0.081840 0.415297
v -1.867272 0.083059 0.415297
v -1.871435 0.078896 0.415297
v -1.870216 0.081840 0.415297
v -1.870216 0.081840 0.830594
v -1.867272 0.083059 0.830594
v -1.871435 0.078896 0.830594
v -1.870216 0.081840 0.830594
v -1.867272 0.083059 -1.673233
v -1.870216 0.081840 -1.673233
v -1.870216 0.081840 -1.673233
v -1.871435 0.078896 -1.673233
v -1.867272 0.000000 -1.673233
v -1.870216 0.001219 -1.673233
v -1.870216 0.001219 -1.673233
v -1.871435 0.004163 -1.673233
v -1.871435 0.004163 1.675793
v -1.870216 0.001219 1.675793
v -1.870216 0.001219 1.675793
v -1.867272 0.000000 1.675793
v -1.871435 0.078896 1.675793
v -1.870216 0.081840 1.675793
v -1.870216 0.081840 1.675793
v -1.867272 0.083059 1.675793
v -1.678798 0.078896 -1.864947
v -1.678798 0.081840 -1.863728
v -1.678798 0.081840 -1.863728
v -1.678798 0.083059 -1.860784
v -1.678798 0.004163 1.864947
v -1.678798 0.001219 1.863728
v -1.678798 0.001219 1.863728
v -1.678798 0.000000 1.860784
v -1.678798 0.083059 1.860784
v -1.678798 0.081840 1.863728
v -1.678798 0.081840 1.863728
v -1.678798 0.078896 1.864947
v -1.678798 0.004163 -1.864947
v -1.678798 0.001219 -1.863728
v -1.678798 0.001219 -1.863728
v -1.678798 0.000000 -1.860784
v -0.006762 0.000000 -1.860784
v -0.006762 0.000000 -1.673233
v -0.065759 0.003358 -1.863349
v -0.065759 0.003358 -1.724914
v -0.004197 0.003358 -1.726513
v -0.004197 0.003358 -1.863349
v -0.004197 -0.145115 -1.864947
v -0.065759 -0.145115 -1.864947
v -0.065759 0.001760 -1.864947
v -0.004197 0.001760 -1.864947
v -1.809308 0.003358 1.863349
v -1.809308 0.003358 1.724914
v -1.869837 0.003358 1.726513
v -1.869837 0.003358 1.863349
v -1.807710 0.001760 -1.863349
v -1.807710 0.001760 -1.728111
v -1.807710 -0.161356 -1.728111
v -1.807710 -0.161356 -1.863349
v -1.809308 0.003358 0.862457
v -1.745582 0.003358 1.724914
v -1.745582 0.003358 0.862457
v -1.745582 -0.162955 -0.862457
v -1.809308 -0.162955 -0.862457
v -1.809308 -0.162955 -1.724914
v -1.745582 -0.162955 -1.724914
v -0.004197 0.003358 -1.013085
v -0.067358 0.003358 -1.013085
v -0.067358 0.003358 -0.713428
v -0.004197 0.003358 -0.713428
v -0.002599 -0.161356 -1.370598
v -0.002599 -0.161356 -1.726513
v -0.002599 -0.145115 -1.726513
v -0.002599 -0.144316 -1.370598
v -1.809308 -0.162955 1.863349
v -1.869837 -0.162955 1.863349
v -1.869837 -0.162955 1.726513
v -1.809308 -0.162955 1.724914
v -1.869837 -0.162955 -1.726513
v -1.869837 -0.162955 -1.863349
v -1.809308 -0.162955 -1.863349
v -1.871435 -0.161356 0.863256
v -1.871435 -0.161356 1.726513
v -1.871435 0.001760 1.726513
v -1.871435 0.001760 0.863256
v -0.002599 -0.145115 1.863349
v -0.002599 -0.145115 1.726513
v -0.002599 0.001760 1.726513
v -0.002599 0.001760 1.863349
v -1.809308 0.003358 -1.724914
v -1.809308 0.003358 -1.863349
v -1.869837 0.003358 -1.863349
v -1.869837 0.003358 -1.726513
v -0.132116 -0.145115 -1.368999
v -0.132116 -0.145115 -1.013085
v -0.132116 0.001760 -1.013085
v -0.132116 0.001760 -1.368999
v -1.869837 0.003358 0.863256
v -1.745582 0.001760 -1.726513
v -1.745582 -0.161356 -1.726513
v -1.806111 -0.161356 -1.726513
v -1.806111 0.001760 -1.726513
v -1.871435 -0.161356 1.863349
v -1.871435 0.001760 1.863349
v -0.077558 -0.162955 1.369799
v -0.004197 -0.162955 1.370598
v -0.004197 -0.162955 1.726513
v -0.065759 -0.162955 1.724914
v -0.002599 -0.145115 -1.863349
v -0.002599 0.001760 -1.863349
v -0.002599 0.001760 -1.726513
v -0.132116 -0.145115 -0.000000
v -0.132116 -0.161356 -0.000000
v -0.132116 -0.161356 0.713428
v -0.132116 -0.145115 0.713428
v -0.002599 -0.143517 -0.000000
v -0.002599 -0.143517 -0.711830
v -0.002599 0.001760 -0.713428
v -0.002599 0.001760 0.000000
v -0.130518 0.001760 1.726513
v -0.130518 -0.145115 1.726513
v -0.068956 -0.145115 1.726513
v -0.068956 0.001760 1.726513
v -0.065759 0.003358 1.724914
v -0.065759 0.003358 1.863349
v -0.004197 0.003358 1.863349
v -0.004197 0.003358 1.726513
v -1.809308 -0.161356 -1.864947
v -1.869837 -0.161356 -1.864947
v -1.869837 0.001760 -1.864947
v -1.809308 0.001760 -1.864947
v -0.067358 -0.161356 -1.863349
v -0.067358 -0.161356 -1.728111
v -0.067358 -0.145115 -1.728111
v -0.067358 -0.145115 -1.863349
v -1.743984 -0.161356 -0.862457
v -1.743984 -0.161356 -1.724914
v -1.743984 0.001760 -1.724914
v -1.743984 0.001760 -0.862457
v -0.065759 -0.145115 1.864947
v -0.004197 -0.145115 1.864947
v -0.004197 0.001760 1.864947
v -0.065759 0.001760 1.864947
v -0.067358 0.001760 1.863349
v -0.067358 0.001760 1.728111
v -0.067358 -0.145115 1.728111
v -0.067358 -0.145115 1.863349
v -0.132116 -0.161356 1.368999
v -0.132116 -0.161356 1.724914
v -0.132116 -0.145115 1.724914
v -0.132116 -0.145115 1.368999
v -0.004197 -0.161356 -1.864947
v -0.065759 -0.161356 -1.864947
v -0.004197 -0.161356 -1.013085
v -0.004197 -0.146713 -1.013085
v -0.086159 -0.146713 -1.013085
v -0.086159 -0.161356 -1.013085
v -0.077558 -0.162955 -1.369799
v -0.004197 -0.162955 -1.370598
v -0.004197 -0.162955 -1.014683
v -0.089356 -0.162955 -1.014683
v -1.871435 -0.161356 -1.863349
v -1.871435 -0.161356 -1.726513
v -1.871435 0.001760 -1.726513
v -1.871435 0.001760 -1.863349
v -1.807710 -0.161356 1.863349
v -1.807710 -0.161356 1.728111
v -1.807710 0.001760 1.728111
v -1.807710 0.001760 1.863349
v -0.130518 -0.162955 -1.368999
v -0.130518 -0.162955 -1.013085
v -0.068956 0.001760 -1.726513
v -0.068956 -0.145115 -1.726513
v -0.130518 -0.145115 -1.726513
v -0.130518 0.001760 -1.726513
v -0.132116 0.001760 1.724914
v -0.132116 0.001760 1.368999
v -0.132116 0.001760 0.000000
v -0.132116 0.001760 0.713428
v -0.002599 -0.144316 1.370598
v -0.002599 -0.143517 1.014683
v -0.002599 0.001760 1.013085
v -0.002599 0.001760 1.369799
v -0.004197 0.003358 0.713428
v -0.067358 0.003358 0.713428
v -0.067358 0.003358 1.013085
v -0.004197 0.003358 1.013085
v -0.132116 -0.161356 -1.368999
v -0.132116 -0.161356 -1.013085
v -0.066559 0.003358 1.368999
v -0.004197 0.003358 1.369799
v -0.132116 -0.161356 1.013085
v -0.132116 -0.145115 1.013085
v -0.130518 -0.161356 1.726513
v -0.068956 -0.161356 1.726513
v -0.002599 -0.161356 1.370598
v -0.002599 -0.161356 1.014683
v -0.066559 0.003358 -1.369799
v -0.004197 0.003358 -1.370598
v -0.002599 -0.161356 -0.000000
v -0.002599 -0.161356 -0.711830
v -0.002599 0.001760 -1.369799
v -0.130518 0.003358 0.000000
v -0.067358 0.003358 0.000000
v -0.130518 0.003358 -0.713428
v -0.002599 -0.143517 0.711830
v -0.002599 0.001760 0.713428
v -0.002599 -0.143517 -1.014683
v -0.002599 0.001760 -1.013085
v -0.130518 -0.162955 -0.000000
v -0.089356 -0.162955 -0.000000
v -0.089356 -0.162955 0.711830
v -0.130518 -0.162955 0.713428
v -0.132116 -0.145115 -0.713428
v -0.132116 0.001760 -0.713428
v -0.130518 0.003358 -1.013085
v -0.130518 0.003358 0.713428
v -0.130518 0.003358 1.013085
v -0.087758 -0.161356 0.715026
v -0.087758 -0.146713 0.715026
v -0.087758 -0.146713 1.011486
v -0.087758 -0.161356 1.011486
v -0.004197 0.003358 0.000000
v -0.132116 -0.161356 -0.713428
v -0.065759 -0.162955 -1.724914
v -0.065759 -0.162955 -1.863349
v -0.004197 -0.162955 -1.863349
v -0.004197 -0.162955 -1.726513
v -0.087758 -0.161356 -1.011486
v -0.087758 -0.146713 -1.011486
v -0.087758 -0.146713 -0.715026
v -0.087758 -0.161356 -0.715026
v -0.004197 -0.145115 -0.715026
v -0.086159 -0.145115 -0.715026
v -0.086159 -0.145115 -1.011486
v -0.004197 -0.145115 -1.011486
v -0.089356 -0.162955 1.014683
v -0.130518 -0.162955 1.013085
v -0.089356 -0.162955 -0.711830
v -0.130518 -0.162955 -0.713428
v -0.130518 -0.162955 1.368999
v -0.130518 -0.162955 1.724914
v -0.002599 -0.161356 -1.863349
v -0.132116 0.001760 1.013085
v -1.869837 -0.161356 1.864947
v -1.809308 -0.161356 1.864947
v -1.809308 0.001760 1.864947
v -1.869837 0.001760 1.864947
v -0.004197 -0.161356 0.713428
v -0.004197 -0.146713 0.713428
v -0.086159 -0.146713 0.713428
v -0.086159 -0.161356 0.713428
v -0.130518 0.003358 -1.369799
v -0.130518 0.003358 -1.724914
v -0.067358 -0.161356 1.728111
v -0.067358 -0.161356 1.863349
v -0.130518 0.003358 1.368999
v -0.067358 0.001760 -1.728111
v -0.067358 0.001760 -1.863349
v -0.065759 -0.161356 1.864947
v -0.004197 -0.161356 1.864947
v -1.869837 -0.162955 -0.863256
v -0.068956 -0.161356 -1.726513
v -0.130518 -0.161356 -1.726513
v -0.004197 -0.162955 1.863349
v -0.065759 -0.162955 1.863349
v -0.002599 -0.161356 1.863349
v -0.002599 -0.161356 1.726513
v -0.004197 -0.146713 1.013085
v -0.004197 -0.161356 1.013085
v -0.086159 -0.161356 1.013085
v -0.086159 -0.146713 1.013085
v -0.004197 -0.145115 1.011486
v -0.086159 -0.145115 1.011486
v -0.086159 -0.145115 0.715026
v -0.004197 -0.145115 0.715026
v -0.004197 -0.162955 -0.000000
v -0.004197 -0.162955 0.711830
v -0.004197 -0.146713 -0.713428
v -0.004197 -0.161356 -0.713428
v -0.086159 -0.161356 -0.713428
v -0.086159 -0.146713 -0.713428
v -1.745582 -0.161356 1.726513
v -1.745582 -0.162487 1.726044
v -1.744659 -0.162279 1.725837
v -1.744452 -0.161356 1.726044
v -1.743984 -0.161356 1.724914
v -1.744452 -0.161356 1.726044
v -1.744659 -0.162279 1.725837
v -1.744452 -0.162487 1.724914
v -1.745582 -0.162955 1.724914
v -1.744452 -0.162487 1.724914
v -1.744659 -0.162279 1.725837
v -1.745582 -0.162487 1.726044
v -1.745582 -0.161356 -1.726513
v -1.744452 -0.161356 -1.726044
v -1.744659 -0.162279 -1.725837
v -1.745582 -0.162487 -1.726044
v -1.745582 -0.162955 -1.724914
v -1.745582 -0.162487 -1.726044
v -1.744659 -0.162279 -1.725837
v -1.744452 -0.162487 -1.724914
v -1.743984 -0.161356 -1.724914
v -1.744452 -0.162487 -1.724914
v -1.744659 -0.162279 -1.725837
v -1.744452 -0.161356 -1.726044
v -0.130518 -0.161356 -1.726513
v -0.130518 -0.162487 -1.726044
v -0.131441 -0.162279 -1.725837
v -0.131648 -0.161356 -1.726044
v -0.132116 -0.161356 -1.724914
v -0.131648 -0.161356 -1.726044
v -0.131441 -0.162279 -1.725837
v -0.131648 -0.162487 -1.724914
v -0.130518 -0.162955 -1.724914
v -0.131648 -0.162487 -1.724914
v -0.131441 -0.162279 -1.725837
v -0.130518 -0.162487 -1.726044
v -0.130518 -0.162955 1.724914
v -0.130518 -0.162487 1.726045
v -0.131441 -0.162279 1.725837
v -0.131648 -0.162487 1.724914
v -0.132116 -0.161356 1.724914
v -0.131648 -0.162487 1.724914
v -0.131441 -0.162279 1.725837
v -0.131648 -0.161356 1.726045
v -0.130518 -0.161356 1.726513
v -0.131648 -0.161356 1.726045
v -0.131441 -0.162279 1.725837
v -0.130518 -0.162487 1.726045
v -1.869837 0.001760 1.864947
v -1.869837 0.002890 1.864479
v -1.870760 0.002683 1.864272
v -1.870967 0.001760 1.864479
v -1.871435 0.001760 1.863349
v -1.870967 0.001760 1.864479
v -1.870760 0.002683 1.864272
v -1.870967 0.002890 1.863349
v -1.869837 0.003358 1.863349
v -1.870967 0.002890 1.863349
v -1.870760 0.002683 1.864272
v -1.869837 0.002890 1.864479
v -1.871435 0.001760 -1.863349
v -1.870967 0.002890 -1.863349
v -1.870760 0.002683 -1.864272
v -1.870967 0.001760 -1.864479
v -1.869837 0.001760 -1.864947
v -1.870967 0.001760 -1.864479
v -1.870760 0.002683 -1.864272
v -1.869837 0.002890 -1.864479
v -1.869837 0.003358 -1.863349
v -1.869837 0.002890 -1.864479
v -1.870760 0.002683 -1.864272
v -1.870967 0.002890 -1.863349
v -0.002599 0.001760 1.863349
v -0.003067 0.002890 1.863349
v -0.003274 0.002683 1.864272
v -0.003067 0.001760 1.864479
v -0.004197 0.001760 1.864947
v -0.003067 0.001760 1.864479
v -0.003274 0.002683 1.864272
v -0.004197 0.002890 1.864479
v -0.004197 0.003358 1.863349
v -0.004197 0.002890 1.864479
v -0.003274 0.002683 1.864272
v -0.003067 0.002890 1.863349
v -0.004197 0.001760 -1.864947
v -0.004197 0.002890 -1.864479
v -0.003274 0.002683 -1.864272
v -0.003067 0.001760 -1.864479
v -0.002599 0.001760 -1.863349
v -0.003067 0.001760 -1.864479
v -0.003274 0.002683 -1.864272
v -0.003067 0.002890 -1.863349
v -0.004197 0.003358 -1.863349
v -0.003067 0.002890 -1.863349
v -0.003274 0.002683 -1.864272
v -0.004197 0.002890 -1.864479
v -0.004197 -0.161356 -1.864947
v -0.003067 -0.161356 -1.864479
v -0.003274 -0.162279 -1.864272
v -0.004197 -0.162487 -1.864479
v -0.004197 -0.162955 -1.863349
v -0.004197 -0.162487 -1.864479
v -0.003274 -0.162279 -1.864272
v -0.003067 -0.162487 -1.863349
v -0.002599 -0.161356 -1.863349
v -0.003067 -0.162487 -1.863349
v -0.003274 -0.162279 -1.864272
v -0.003067 -0.161356 -1.864479
v -0.004197 -0.162955 1.863349
v -0.003067 -0.162487 1.863349
v -0.003274 -0.162279 1.864272
v -0.004197 -0.162487 1.864479
v -0.004197 -0.161356 1.864947
v -0.004197 -0.162487 1.864479
v -0.003274 -0.162279 1.864272
v -0.003067 -0.161356 1.864479
v -0.002599 -0.161356 1.863349
v -0.003067 -0.161356 1.864479
v -0.003274 -0.162279 1.864272
v -0.003067 -0.162487 1.863349
v -1.745582 0.001760 1.726513
v -1.744452 0.001760 1.726044
v -1.744659 0.002683 1.725837
v -1.745582 0.002890 1.726044
v -1.745582 0.003358 1.724914
v -1.745582 0.002890 1.726044
v -1.744659 0.002683 1.725837
v -1.744452 0.002890 1.724914
v -1.743984 0.001760 1.724914
v -1.744452 0.002890 1.724914
v -1.744659 0.002683 1.725837
v -1.744452 0.001760 1.726044
v -0.130518 0.001760 1.726513
v -0.130518 0.002890 1.726044
v -0.131441 0.002683 1.725837
v -0.131648 0.001760 1.726044
v -0.132116 0.001760 1.724914
v -0.131648 0.001760 1.726044
v -0.131441 0.002683 1.725837
v -0.131648 0.002890 1.724914
v -0.130518 0.003358 1.724914
v -0.131648 0.002890 1.724914
v -0.131441 0.002683 1.725837
v -0.130518 0.002890 1.726044
v -0.132116 0.001760 -1.724914
v -0.131648 0.002890 -1.724914
v -0.131441 0.002683 -1.725837
v -0.131648 0.001760 -1.726044
v -0.130518 0.001760 -1.726513
v -0.131648 0.001760 -1.726044
v -0.131441 0.002683 -1.725837
v -0.130518 0.002890 -1.726044
v -0.130518 0.003358 -1.724914
v -0.130518 0.002890 -1.726044
v -0.131441 0.002683 -1.725837
v -0.131648 0.002890 -1.724914
v -1.745582 0.001760 -1.726513
v -1.745582 0.002890 -1.726044
v -1.744659 0.002683 -1.725837
v -1.744452 0.001760 -1.726044
v -1.743984 0.001760 -1.724914
v -1.744452 0.001760 -1.726044
v -1.744659 0.002683 -1.725837
v -1.744452 0.002890 -1.724914
v -1.745582 0.003358 -1.724914
v -1.744452 0.002890 -1.724914
v -1.744659 0.002683 -1.725837
v -1.745582 0.002890 -1.726044
v -1.869837 -0.161356 -1.864947
v -1.869837 -0.162487 -1.864479
v -1.870760 -0.162279 -1.864272
v -1.870967 -0.161356 -1.864479
v -1.871435 -0.161356 -1.863349
v -1.870967 -0.161356 -1.864479
v -1.870760 -0.162279 -1.864272
v -1.870967 -0.162487 -1.863349
v -1.869837 -0.162955 -1.863349
v -1.870967 -0.162487 -1.863349
v -1.870760 -0.162279 -1.864272
v -1.869837 -0.162487 -1.864479
v -1.869837 -0.161356 1.864947
v -1.870967 -0.161356 1.864479
v -1.870760 -0.162279 1.864272
v -1.869837 -0.162487 1.864479
v -1.869837 -0.162955 1.863349
v -1.869837 -0.162487 1.864479
v -1.870760 -0.162279 1.864272
v -1.870967 -0.162487 1.863349
v -1.871435 -0.161356 1.863349
v -1.870967 -0.162487 1.863349
v -1.870760 -0.162279 1.864272
v -1.870967 -0.161356 1.864479
v -1.809308 0.003358 -1.863349
v -1.808178 0.002890 -1.863349
v -1.808385 0.002683 -1.864272
v -1.809308 0.002890 -1.864479
v -1.809308 0.001760 -1.864947
v -1.809308 0.002890 -1.864479
v -1.808385 0.002683 -1.864272
v -1.808178 0.001760 -1.864479
v -1.807710 0.001760 -1.863349
v -1.808178 0.001760 -1.864479
v -1.808385 0.002683 -1.864272
v -1.808178 0.002890 -1.863349
v -1.809308 0.003358 1.863349
v -1.809308 0.002890 1.864479
v -1.808385 0.002683 1.864272
v -1.808178 0.002890 1.863349
v -1.807710 0.001760 1.863349
v -1.808178 0.002890 1.863349
v -1.808385 0.002683 1.864272
v -1.808178 0.001760 1.864479
v -1.809308 0.001760 1.864947
v -1.808178 0.001760 1.864479
v -1.808385 0.002683 1.864272
v -1.809308 0.002890 1.864479
v -1.806111 -0.161356 -1.726513
v -1.807710 -0.162487 -1.726044
v -1.807710 -0.162279 -1.726513
v -1.807241 -0.161356 -1.726981
v -1.807710 -0.161356 -1.728111
v -1.808178 -0.162487 -1.726513
v -1.809308 -0.162955 -1.724914
v -1.808178 -0.162487 -1.726513
v -1.807710 -0.162279 -1.726513
v -1.807710 -0.162487 -1.726044
v -1.806111 -0.161356 1.726513
v -1.807241 -0.161356 1.726981
v -1.807710 -0.162279 1.726513
v -1.807710 -0.162487 1.726044
v -1.809308 -0.162955 1.724914
v -1.807710 -0.162487 1.726044
v -1.807710 -0.162279 1.726513
v -1.808178 -0.162487 1.726513
v -1.807710 -0.161356 1.728111
v -1.808178 -0.162487 1.726513
v -1.809308 -0.161356 1.864947
v -1.809308 -0.162487 1.864479
v -1.808385 -0.162279 1.864272
v -1.808178 -0.161356 1.864479
v -1.807710 -0.161356 1.863349
v -1.808178 -0.161356 1.864479
v -1.808385 -0.162279 1.864272
v -1.808178 -0.162487 1.863349
v -1.809308 -0.162955 1.863349
v -1.808178 -0.162487 1.863349
v -1.808385 -0.162279 1.864272
v -1.809308 -0.162487 1.864479
v -1.809308 -0.162955 -1.863349
v -1.809308 -0.162487 -1.864479
v -1.808385 -0.162279 -1.864272
v -1.808178 -0.162487 -1.863349
v -1.807710 -0.161356 -1.863349
v -1.808178 -0.162487 -1.863349
v -1.808385 -0.162279 -1.864272
v -1.808178 -0.161356 -1.864479
v -1.809308 -0.161356 -1.864947
v -1.808178 -0.161356 -1.864479
v -1.808385 -0.162279 -1.864272
v -1.809308 -0.162487 -1.864479
v -0.068956 -0.161356 -1.726513
v -0.067826 -0.161356 -1.726981
v -0.067358 -0.162279 -1.726513
v -0.067357 -0.162487 -1.726044
v -0.065759 -0.162955 -1.724914
v -0.067357 -0.162487 -1.726044
v -0.067358 -0.162279 -1.726513
v -0.066890 -0.162487 -1.726513
v -0.067358 -0.161356 -1.728111
v -0.066890 -0.162487 -1.726513
v -0.068956 -0.161356 1.726513
v -0.067357 -0.162487 1.726044
v -0.067358 -0.162279 1.726513
v -0.067826 -0.161356 1.726981
v -0.067358 -0.161356 1.728111
v -0.066890 -0.162487 1.726513
v -0.065759 -0.162955 1.724914
v -0.066890 -0.162487 1.726513
v -0.067358 -0.162279 1.726513
v -0.067357 -0.162487 1.726044
v -0.065759 0.001760 1.864947
v -0.065759 0.002890 1.864479
v -0.066682 0.002683 1.864272
v -0.066890 0.001760 1.864479
v -0.067358 0.001760 1.863349
v -0.066890 0.001760 1.864479
v -0.066682 0.002683 1.864272
v -0.066890 0.002890 1.863349
v -0.065759 0.003358 1.863349
v -0.066890 0.002890 1.863349
v -0.066682 0.002683 1.864272
v -0.065759 0.002890 1.864479
v -0.065759 0.001760 -1.864947
v -0.066890 0.001760 -1.864479
v -0.066682 0.002683 -1.864272
v -0.065759 0.002890 -1.864479
v -0.065759 0.003358 -1.863349
v -0.065759 0.002890 -1.864479
v -0.066682 0.002683 -1.864272
v -0.066890 0.002890 -1.863349
v -0.067358 0.001760 -1.863349
v -0.066890 0.002890 -1.863349
v -0.066682 0.002683 -1.864272
v -0.066890 0.001760 -1.864479
v -0.065759 -0.161356 -1.864947
v -0.065759 -0.162487 -1.864479
v -0.066682 -0.162279 -1.864272
v -0.066890 -0.161356 -1.864479
v -0.067358 -0.161356 -1.863349
v -0.066890 -0.161356 -1.864479
v -0.066682 -0.162279 -1.864272
v -0.066890 -0.162487 -1.863349
v -0.065759 -0.162955 -1.863349
v -0.066890 -0.162487 -1.863349
v -0.066682 -0.162279 -1.864272
v -0.065759 -0.162487 -1.864479
v -0.065759 -0.162955 1.863349
v -0.065759 -0.162487 1.864479
v -0.066682 -0.162279 1.864272
v -0.066890 -0.162487 1.863349
v -0.067358 -0.161356 1.863349
v -0.066890 -0.162487 1.863349
v -0.066682 -0.162279 1.864272
v -0.066890 -0.161356 1.864479
v -0.065759 -0.161356 1.864947
v -0.066890 -0.161356 1.864479
v -0.066682 -0.162279 1.864272
v -0.065759 -0.162487 1.864479
v -0.068956 0.001760 -1.726513
v -0.067358 0.002890 -1.726044
v -0.067358 0.002683 -1.726513
v -0.067826 0.001760 -1.726981
v -0.067358 0.001760 -1.728111
v -0.066890 0.002890 -1.726513
v -0.065759 0.003358 -1.724914
v -0.066890 0.002890 -1.726513
v -0.067358 0.002683 -1.726513
v -0.067358 0.002890 -1.726044
v -0.065759 0.003358 1.724914
v -0.067358 0.002890 1.726045
v -0.067358 0.002683 1.726513
v -0.066890 0.002890 1.726513
v -0.067358 0.001760 1.728111
v -0.066890 0.002890 1.726513
v -0.067358 0.002683 1.726513
v -0.067826 0.001760 1.726981
v -0.068956 0.001760 1.726513
v -0.067358 0.002890 1.726045
v -1.806111 0.001760 1.726513
v -1.807710 0.002890 1.726044
v -1.807710 0.002683 1.726513
v -1.807241 0.001760 1.726981
v -1.807710 0.001760 1.728111
v -1.808178 0.002890 1.726513
v -1.809308 0.003358 1.724914
v -1.808178 0.002890 1.726513
v -1.807710 0.002683 1.726513
v -1.807710 0.002890 1.726044
v -1.806111 0.001760 -1.726513
v -1.807241 0.001760 -1.726981
v -1.807710 0.002683 -1.726513
v -1.807710 0.002890 -1.726044
v -1.809308 0.003358 -1.724914
v -1.807710 0.002890 -1.726044
v -1.807710 0.002683 -1.726513
v -1.808178 0.002890 -1.726513
v -1.807710 0.001760 -1.728111
v -1.808178 0.002890 -1.726513
v -0.002599 -0.161356 -1.014683
v -0.003067 -0.161356 -1.013553
v -0.003274 -0.162279 -1.013760
v -0.003067 -0.162487 -1.014683
v -0.004197 -0.162955 -1.014683
v -0.003067 -0.162487 -1.014683
v -0.003274 -0.162279 -1.013760
v -0.004197 -0.162487 -1.013553
v -0.004197 -0.161356 -1.013085
v -0.004197 -0.162487 -1.013553
v -0.003274 -0.162279 -1.013760
v -0.003067 -0.161356 -1.013553
v -0.004197 -0.161356 -0.713428
v -0.003067 -0.161356 -0.712960
v -0.003274 -0.162279 -0.712753
v -0.004197 -0.162487 -0.712960
v -0.004197 -0.162955 -0.711830
v -0.004197 -0.162487 -0.712960
v -0.003274 -0.162279 -0.712753
v -0.003067 -0.162487 -0.711830
v -0.002599 -0.161356 -0.711830
v -0.003067 -0.162487 -0.711830
v -0.003274 -0.162279 -0.712753
v -0.003067 -0.161356 -0.712960
v -0.002599 -0.161356 0.711830
v -0.003067 -0.161356 0.712960
v -0.003274 -0.162279 0.712753
v -0.003067 -0.162487 0.711830
v -0.004197 -0.162955 0.711830
v -0.003067 -0.162487 0.711830
v -0.003274 -0.162279 0.712753
v -0.004197 -0.162487 0.712960
v -0.004197 -0.161356 0.713428
v -0.004197 -0.162487 0.712960
v -0.003274 -0.162279 0.712753
v -0.003067 -0.161356 0.712960
v -0.004197 -0.161356 1.013085
v -0.003067 -0.161356 1.013553
v -0.003274 -0.162279 1.013760
v -0.004197 -0.162487 1.013553
v -0.004197 -0.162955 1.014683
v -0.004197 -0.162487 1.013553
v -0.003274 -0.162279 1.013760
v -0.003067 -0.162487 1.014683
v -0.002599 -0.161356 1.014683
v -0.003067 -0.162487 1.014683
v -0.003274 -0.162279 1.013760
v -0.003067 -0.161356 1.013553
v -0.087758 -0.161356 1.011486
v -0.087290 -0.161356 1.012616
v -0.087758 -0.162279 1.013085
v -0.088226 -0.162487 1.013085
v -0.089356 -0.162955 1.014683
v -0.088226 -0.162487 1.013085
v -0.087758 -0.162279 1.013085
v -0.087758 -0.162487 1.013553
v -0.086159 -0.161356 1.013085
v -0.087758 -0.162487 1.013553
v -0.087758 -0.162279 1.013085
v -0.087290 -0.161356 1.012616
v -0.087758 -0.161356 0.715026
v -0.088226 -0.162487 0.713428
v -0.087758 -0.162279 0.713428
v -0.087290 -0.161356 0.713896
v -0.086159 -0.161356 0.713428
v -0.087290 -0.161356 0.713896
v -0.087758 -0.162279 0.713428
v -0.087758 -0.162487 0.712960
v -0.089356 -0.162955 0.711830
v -0.087758 -0.162487 0.712960
v -0.087758 -0.162279 0.713428
v -0.088226 -0.162487 0.713428
v -0.087758 -0.161356 -0.715026
v -0.087290 -0.161356 -0.713896
v -0.087758 -0.162279 -0.713428
v -0.088226 -0.162487 -0.713428
v -0.089356 -0.162955 -0.711830
v -0.088226 -0.162487 -0.713428
v -0.087758 -0.162279 -0.713428
v -0.087758 -0.162487 -0.712960
v -0.086159 -0.161356 -0.713428
v -0.087758 -0.162487 -0.712960
v -0.087758 -0.162279 -0.713428
v -0.087290 -0.161356 -0.713896
v -0.087758 -0.161356 -1.011486
v -0.088226 -0.162487 -1.013085
v -0.087758 -0.162279 -1.013085
v -0.087290 -0.161356 -1.012616
v -0.086159 -0.161356 -1.013085
v -0.087290 -0.161356 -1.012616
v -0.087758 -0.162279 -1.013085
v -0.087758 -0.162487 -1.013553
v -0.089356 -0.162955 -1.014683
v -0.087758 -0.162487 -1.013553
v -0.087758 -0.162279 -1.013085
v -0.088226 -0.162487 -1.013085
v -0.004197 -0.146713 0.713428
v -0.003067 -0.145115 0.712960
v -0.003274 -0.145115 0.713428
v -0.004197 -0.145583 0.713896
v -0.004197 -0.145115 0.715026
v -0.003067 -0.144647 0.713428
v -0.002599 -0.143517 0.711830
v -0.003067 -0.144647 0.713428
v -0.003274 -0.145115 0.713428
v -0.003067 -0.145115 0.712960
v -0.004197 -0.145115 1.011486
v -0.003067 -0.144647 1.013085
v -0.003274 -0.145115 1.013085
v -0.004197 -0.145583 1.012616
v -0.004197 -0.146713 1.013085
v -0.003067 -0.145115 1.013553
v -0.002599 -0.143517 1.014683
v -0.003067 -0.145115 1.013553
v -0.003274 -0.145115 1.013085
v -0.003067 -0.144647 1.013085
v -0.004197 -0.146713 -1.013085
v -0.003067 -0.145115 -1.013553
v -0.003274 -0.145115 -1.013085
v -0.004197 -0.145583 -1.012616
v -0.004197 -0.145115 -1.011486
v -0.003067 -0.144647 -1.013085
v -0.002599 -0.143517 -1.014683
v -0.003067 -0.144647 -1.013085
v -0.003274 -0.145115 -1.013085
v -0.003067 -0.145115 -1.013553
v -0.004197 -0.146713 -0.713428
v -0.004197 -0.145583 -0.713896
v -0.003274 -0.145115 -0.713428
v -0.003067 -0.145115 -0.712960
v -0.002599 -0.143517 -0.711830
v -0.003067 -0.145115 -0.712960
v -0.003274 -0.145115 -0.713428
v -0.003067 -0.144647 -0.713428
v -0.004197 -0.145115 -0.715026
v -0.003067 -0.144647 -0.713428
v -0.087758 -0.146713 0.715026
v -0.087290 -0.146713 0.713896
v -0.087082 -0.145791 0.714104
v -0.087290 -0.145583 0.715026
v -0.086159 -0.145115 0.715026
v -0.087290 -0.145583 0.715026
v -0.087082 -0.145791 0.714104
v -0.086159 -0.145583 0.713896
v -0.086159 -0.146713 0.713428
v -0.086159 -0.145583 0.713896
v -0.087082 -0.145791 0.714104
v -0.087290 -0.146713 0.713896
v -0.086159 -0.146713 1.013085
v -0.087290 -0.146713 1.012616
v -0.087082 -0.145791 1.012409
v -0.086159 -0.145583 1.012616
v -0.086159 -0.145115 1.011486
v -0.086159 -0.145583 1.012616
v -0.087082 -0.145791 1.012409
v -0.087290 -0.145583 1.011486
v -0.087758 -0.146713 1.011486
v -0.087290 -0.145583 1.011486
v -0.087082 -0.145791 1.012409
v -0.087290 -0.146713 1.012616
v -0.087758 -0.146713 -1.011486
v -0.087290 -0.146713 -1.012616
v -0.087082 -0.145791 -1.012409
v -0.087290 -0.145583 -1.011486
v -0.086159 -0.145115 -1.011486
v -0.087290 -0.145583 -1.011486
v -0.087082 -0.145791 -1.012409
v -0.086159 -0.145583 -1.012616
v -0.086159 -0.146713 -1.013085
v -0.086159 -0.145583 -1.012616
v -0.087082 -0.145791 -1.012409
v -0.087290 -0.146713 -1.012616
v -0.087758 -0.146713 -0.715026
v -0.087290 -0.145583 -0.715026
v -0.087082 -0.145791 -0.714104
v -0.087290 -0.146713 -0.713896
v -0.086159 -0.146713 -0.713428
v -0.087290 -0.146713 -0.713896
v -0.087082 -0.145791 -0.714104
v -0.086159 -0.145583 -0.713896
v -0.086159 -0.145115 -0.715026
v -0.086159 -0.145583 -0.713896
v -0.087082 -0.145791 -0.714104
v -0.087290 -0.145583 -0.715026
v -0.130518 -0.145115 -1.726513
v -0.131648 -0.145115 -1.726044
v -0.131648 -0.145115 -1.726044
v -0.132116 -0.145115 -1.724914
v -0.067357 -0.162487 1.726044
v -0.068956 -0.161356 1.726513
v -1.871435 0.001760 -0.863256
v -1.870967 0.002890 -0.863256
v -1.870967 0.002890 -1.726513
v -1.871435 0.001760 -1.726513
v -1.870967 0.002890 -0.863256
v -1.869837 0.003358 -0.863256
v -1.869837 0.003358 -1.726513
v -1.870967 0.002890 -1.726513
v -0.002599 -0.145115 -1.863349
v -0.003067 -0.145115 -1.864479
v -0.003067 -0.145115 -1.864479
v -0.004197 -0.145115 -1.864947
v -1.743984 -0.161356 -0.862457
v -1.744452 -0.162487 -0.862457
v -1.744452 -0.162487 -0.862457
v -1.745582 -0.162955 -0.862457
v -1.869837 0.003358 1.726513
v -1.870967 0.002890 1.726513
v -1.870967 0.002890 1.726513
v -1.871435 0.001760 1.726513
v -0.003067 0.002890 1.726513
v -0.004197 0.003358 1.726513
v -0.002599 0.001760 1.726513
v -0.003067 0.002890 1.726513
v -0.003067 0.002890 -1.726513
v -0.002599 0.001760 -1.726513
v -0.004197 0.003358 -1.726513
v -0.003067 0.002890 -1.726513
v -0.003067 -0.162487 -1.726513
v -0.004197 -0.162955 -1.726513
v -0.002599 -0.161356 -1.726513
v -0.003067 -0.162487 -1.726513
v -0.003067 -0.162487 1.726513
v -0.002599 -0.161356 1.726513
v -0.004197 -0.162955 1.726513
v -0.003067 -0.162487 1.726513
v -1.745582 0.003358 -0.862457
v -1.744452 0.002890 -0.862457
v -1.744452 0.002890 -0.862457
v -1.743984 0.001760 -0.862457
v -1.869837 -0.162955 -0.863256
v -1.870967 -0.162487 -0.863256
v -1.870967 -0.162487 -1.726513
v -1.869837 -0.162955 -1.726513
v -1.870967 -0.162487 -0.863256
v -1.871435 -0.161356 -0.863256
v -1.871435 -0.161356 -1.726513
v -1.870967 -0.162487 -1.726513
v -1.871435 -0.161356 1.726513
v -1.870967 -0.162487 1.726513
v -1.870967 -0.162487 1.726513
v -1.869837 -0.162955 1.726513
v -0.130518 -0.145115 1.726513
v -0.131648 -0.145115 1.726044
v -0.131648 -0.145115 1.726044
v -0.132116 -0.145115 1.724914
v -0.002599 -0.145115 1.863349
v -0.003067 -0.145115 1.864479
v -0.003067 -0.145115 1.864479
v -0.004197 -0.145115 1.864947
v -1.807710 -0.162487 -1.726044
v -1.806111 -0.161356 -1.726513
v -1.806111 -0.161356 1.726513
v -1.807710 -0.162487 1.726044
v -1.807710 -0.161356 -1.728111
v -1.808178 -0.162487 -1.726513
v -1.808178 -0.162487 1.726513
v -1.807710 -0.161356 1.728111
v -0.068956 -0.161356 -1.726513
v -0.067357 -0.162487 -1.726044
v -0.065759 -0.145115 1.864947
v -0.066890 -0.145115 1.864479
v -0.066890 -0.145115 1.864479
v -0.067358 -0.145115 1.863349
v -0.066890 -0.162487 -1.726513
v -0.067358 -0.161356 -1.728111
v -0.067358 -0.161356 1.728111
v -0.066890 -0.162487 1.726513
v -0.067358 -0.145115 -1.863349
v -0.066890 -0.145115 -1.864479
v -0.066890 -0.145115 -1.864479
v -0.065759 -0.145115 -1.864947
v -0.067358 0.002890 -1.726044
v -0.068956 0.001760 -1.726513
v -0.068956 0.001760 1.726513
v -0.067358 0.002890 1.726045
v -1.807710 0.002890 1.726044
v -1.806111 0.001760 1.726513
v -1.806111 0.001760 -1.726513
v -1.807710 0.002890 -1.726044
v -1.807710 0.001760 1.728111
v -1.808178 0.002890 1.726513
v -1.807710 -0.161356 1.728111
v -1.807241 -0.161356 1.726981
v -1.807241 0.001760 1.726981
v -1.807710 0.001760 1.728111
v -1.807241 -0.161356 1.726981
v -1.806111 -0.161356 1.726513
v -1.806111 0.001760 1.726513
v -1.807241 0.001760 1.726981
v -0.066890 0.002890 1.726513
v -0.067358 0.001760 1.728111
v -0.068956 -0.145115 1.726513
v -0.067826 -0.145115 1.726981
v -0.067826 0.001760 1.726981
v -0.068956 0.001760 1.726513
v -0.067826 -0.145115 1.726981
v -0.067358 -0.145115 1.728111
v -0.067358 0.001760 1.728111
v -0.067826 0.001760 1.726981
v -0.067358 0.001760 -1.728111
v -0.066890 0.002890 -1.726513
v -0.067358 -0.145115 -1.728111
v -0.067826 -0.145115 -1.726981
v -0.067826 0.001760 -1.726981
v -0.067358 0.001760 -1.728111
v -0.067826 -0.145115 -1.726981
v -0.068956 -0.145115 -1.726513
v -0.068956 0.001760 -1.726513
v -0.067826 0.001760 -1.726981
v -1.808178 0.002890 -1.726513
v -1.807710 0.001760 -1.728111
v -1.806111 -0.161356 -1.726513
v -1.807241 -0.161356 -1.726981
v -1.807241 0.001760 -1.726981
v -1.806111 0.001760 -1.726513
v -1.807241 -0.161356 -1.726981
v -1.807710 -0.161356 -1.728111
v -1.807710 0.001760 -1.728111
v -1.807241 0.001760 -1.726981
v -0.132116 0.001760 1.013085
v -0.131648 0.002890 1.013085
v -0.131648 0.002890 0.713428
v -0.132116 0.001760 0.713428
v -0.131648 0.002890 1.013085
v -0.130518 0.003358 1.013085
v -0.130518 0.003358 0.713428
v -0.131648 0.002890 0.713428
v -0.132116 0.001760 -0.713428
v -0.131648 0.002890 -0.713428
v -0.131575 0.002951 -1.013085
v -0.132116 0.001760 -1.013085
v -0.131648 0.002890 -0.713428
v -0.131575 0.002951 -1.013085
v -0.002599 0.001760 0.713428
v -0.003067 0.002890 0.713428
v -0.003067 0.002890 1.013085
v -0.002599 0.001760 1.013085
v -0.003067 0.002890 0.713428
v -0.004197 0.003358 0.713428
v -0.004197 0.003358 1.013085
v -0.003067 0.002890 1.013085
v -0.002599 0.001760 -1.013085
v -0.003140 0.002951 -1.013085
v -0.003067 0.002890 -0.713428
v -0.002599 0.001760 -0.713428
v -0.003140 0.002951 -1.013085
v -0.003067 0.002890 -0.713428
v -0.132116 -0.161356 -1.013085
v -0.131648 -0.162487 -1.013085
v -0.131648 -0.162487 -0.713428
v -0.132116 -0.161356 -0.713428
v -0.131648 -0.162487 -1.013085
v -0.130518 -0.162955 -1.013085
v -0.130518 -0.162955 -0.713428
v -0.131648 -0.162487 -0.713428
v -0.087758 -0.161356 -0.715026
v -0.088226 -0.162487 -0.713428
v -0.088226 -0.162487 -1.013085
v -0.087758 -0.161356 -1.011486
v -0.132116 -0.161356 0.713428
v -0.131648 -0.162487 0.713428
v -0.131648 -0.162487 1.013085
v -0.132116 -0.161356 1.013085
v -0.131648 -0.162487 0.713428
v -0.130518 -0.162955 0.713428
v -0.130518 -0.162955 1.013085
v -0.131648 -0.162487 1.013085
v -0.087758 -0.161356 1.011486
v -0.088226 -0.162487 1.013085
v -0.088226 -0.162487 0.713428
v -0.087758 -0.161356 0.715026
v -0.003067 -0.145115 0.712960
v -0.004197 -0.146713 0.713428
v -0.004197 -0.145583 1.012616
v -0.004197 -0.146713 1.013085
v -0.004197 -0.145115 1.011486
v -0.004197 -0.145583 1.012616
v -0.003067 -0.145115 -1.013553
v -0.004197 -0.146713 -1.013085
v -0.087758 -0.162487 -0.712960
v -0.086159 -0.161356 -0.713428
v -0.086159 -0.161356 -1.013085
v -0.087758 -0.162487 -1.013553
v -0.087758 -0.162487 1.013553
v -0.086159 -0.161356 1.013085
v -0.086159 -0.161356 0.713428
v -0.087758 -0.162487 0.712960
v -0.002599 -0.161356 -1.370598
v -0.003067 -0.162487 -1.370598
v -0.003067 -0.162487 -1.370598
v -0.004197 -0.162955 -1.370598
v -0.003067 0.002890 -1.370198
v -0.003067 0.002890 -1.370198
v -0.002599 0.001760 -1.369799
v -0.004197 -0.162955 1.370598
v -0.003067 -0.162487 1.370598
v -0.003067 -0.162487 1.370598
v -0.002599 -0.161356 1.370598
v -0.004197 0.003358 1.369799
v -0.003067 0.002890 1.369799
v -0.003067 0.002890 1.369799
v -0.002599 0.001760 1.369799
v -0.002599 -0.161356 -0.000000
v -0.003067 -0.162487 -0.000000
v -0.003067 -0.162487 -0.000000
v -0.004197 -0.162955 -0.000000
v -0.004197 0.003358 0.000000
v -0.003067 0.002890 0.000000
v -0.003067 0.002890 0.000000
v -0.002599 0.001760 0.000000
v -0.130518 -0.162955 -1.368999
v -0.131648 -0.162487 -1.368999
v -0.131648 -0.162487 -1.368999
v -0.132116 -0.161356 -1.368999
v -0.131648 0.002890 -1.369399
v -0.131648 0.002890 -1.369399
v -0.132116 0.001760 -1.368999
v -0.132116 -0.161356 1.368999
v -0.131648 -0.162487 1.368999
v -0.131648 -0.162487 1.368999
v -0.130518 -0.162955 1.368999
v -0.130518 -0.162955 -0.000000
v -0.131648 -0.162487 -0.000000
v -0.131648 -0.162487 -0.000000
v -0.132116 -0.161356 -0.000000
v -0.130518 0.003358 0.000000
v -0.131648 0.002890 0.000000
v -0.131648 0.002890 0.000000
v -0.132116 0.001760 0.000000
v -0.130518 0.003358 1.368999
v -0.131648 0.002890 1.368999
v -0.131648 0.002890 1.368999
v -0.132116 0.001760 1.368999
v -0.068956 -0.161356 1.726513
v -0.067826 -0.161356 1.726981
v -0.067826 -0.161356 1.726981
v -0.067358 -0.161356 1.728111
v -0.067358 -0.161356 -1.728111
v -0.067826 -0.161356 -1.726981
v -0.067826 -0.161356 -1.726981
v -0.068956 -0.161356 -1.726513
v -0.004197 -0.146713 1.013085
v -0.003067 -0.145115 1.013553
v -0.004197 -0.146713 -0.713428
v -0.003067 -0.145115 -0.712960
v -0.003067 -0.144647 -0.713428
v -0.004197 -0.145115 -0.715026
v -0.004197 -0.145115 -1.011486
v -0.003067 -0.144647 -1.013085
v -0.003067 -0.144647 1.013085
v -0.004197 -0.145115 1.011486
v -0.004197 -0.145115 0.715026
v -0.003067 -0.144647 0.713428
v -0.004197 -0.146713 0.713428
v -0.004197 -0.145583 0.713896
v -0.004197 -0.145583 0.713896
v -0.004197 -0.145115 0.715026
v -0.086159 -0.161356 1.013085
v -0.087290 -0.161356 1.012616
v -0.087290 -0.161356 1.012616
v -0.087758 -0.161356 1.011486
v -0.087758 -0.161356 0.715026
v -0.087290 -0.161356 0.713896
v -0.087290 -0.161356 0.713896
v -0.086159 -0.161356 0.713428
v -0.004197 -0.145583 -0.713896
v -0.004197 -0.146713 -0.713428
v -0.004197 -0.145115 -0.715026
v -0.004197 -0.145583 -0.713896
v -0.004197 -0.146713 -1.013085
v -0.004197 -0.145583 -1.012616
v -0.004197 -0.145583 -1.012616
v -0.004197 -0.145115 -1.011486
v -0.086159 -0.161356 -0.713428
v -0.087290 -0.161356 -0.713896
v -0.087290 -0.161356 -0.713896
v -0.087758 -0.161356 -0.715026
v -0.087758 -0.161356 -1.011486
v -0.087290 -0.161356 -1.012616
v -0.087290 -0.161356 -1.012616
v -0.086159 -0.161356 -1.013085
v -1.745582 -0.161356 1.726513
v -1.745582 0.001760 1.726513
v -1.806111 0.001760 1.726513
v -1.806111 -0.161356 1.726513
v -1.871435 -0.161356 0.863256
v -1.870967 -0.162487 0.863256
v -1.871435 -0.161356 -0.000000
v -1.870967 -0.162487 -0.000000
v -1.870967 -0.162487 0.863256
v -1.869837 -0.162955 0.863256
v -1.870967 -0.162487 -0.000000
v -1.869837 -0.162955 -0.000000
v -1.743984 0.001760 0.862457
v -1.744452 0.002890 0.862457
v -1.743984 0.001760 0.000000
v -1.744452 0.002890 0.000000
v -1.744452 0.002890 0.862457
v -1.745582 0.003358 0.862457
v -1.744452 0.002890 0.000000
v -1.745582 0.003358 -0.000000
v -1.745582 -0.162955 0.862457
v -1.744452 -0.162487 0.862457
v -1.745582 -0.162955 0.000000
v -1.744452 -0.162487 -0.000000
v -1.744452 -0.162487 0.862457
v -1.743984 -0.161356 0.862457
v -1.744452 -0.162487 -0.000000
v -1.743984 -0.161356 -0.000000
v -1.869837 0.003358 0.863256
v -1.870967 0.002890 0.863256
v -1.869837 0.003358 0.000000
v -1.870967 0.002890 0.000000
v -1.870967 0.002890 0.863256
v -1.871435 0.001760 0.863256
v -1.870967 0.002890 0.000000
v -1.871435 0.001760 0.000000
v -1.869837 -0.162955 0.863256
v -1.809308 -0.162955 0.862457
v -1.869837 -0.162955 -0.000000
v -1.809308 -0.162955 0.000000
v -1.743984 -0.161356 1.724914
v -1.743984 -0.161356 0.862457
v -1.743984 0.001760 0.862457
v -1.743984 0.001760 1.724914
v -1.743984 -0.161356 -0.000000
v -1.743984 0.001760 0.000000
v -1.869837 0.003358 -0.863256
v -1.809308 0.003358 -0.862457
v -1.869837 0.003358 0.000000
v -1.809308 0.003358 0.000000
v -1.871435 -0.161356 -0.863256
v -1.871435 0.001760 -0.863256
v -1.871435 -0.161356 -0.000000
v -1.871435 0.001760 0.000000
v -1.745582 -0.162955 1.724914
v -1.745582 -0.162955 0.862457
v -1.745582 -0.162955 0.000000
v -1.745582 0.003358 -0.862457
v -1.745582 0.003358 -1.724914
v -1.745582 0.003358 -0.000000
v -0.004197 -0.162955 -0.711830
v -0.002599 -0.161356 0.711830
v -0.130518 0.003358 1.724914
v -0.004197 -0.162955 1.014683
v -0.132116 -0.161356 -1.724914
v -0.132116 -0.145115 -1.724914
v -0.130518 -0.162955 -1.724914
v -0.132116 0.001760 -1.724914
v -0.002599 -0.161356 -1.014683
v -1.803731 -0.158825 -1.860808
v -1.803731 -0.158825 -1.730832
v -1.803731 -0.001098 -1.730832
v -1.803731 -0.001098 -1.860808
v -1.368677 0.002815 -1.860808
v -1.799819 0.002815 -1.860808
v -1.799819 0.002815 -1.730832
v -1.368677 0.002815 -1.730832
v -0.506394 -0.162737 -1.730832
v -0.506394 -0.162737 -1.860808
v -0.075252 -0.162737 -1.860808
v -0.075252 -0.162737 -1.730832
v -0.506394 -0.158825 -1.726920
v -0.075252 -0.158825 -1.726920
v -0.075252 -0.001098 -1.726920
v -0.506394 -0.001098 -1.726920
v -1.368677 -0.158825 -1.864721
v -1.799819 -0.158825 -1.864721
v -1.799819 -0.001098 -1.864721
v -1.368677 -0.001098 -1.864721
v -1.803731 -0.001098 1.730832
v -1.803731 -0.158825 1.730832
v -1.803731 -0.158825 1.860808
v -1.803731 -0.001098 1.860808
v -1.368677 -0.162737 1.730832
v -1.368677 -0.162737 1.860808
v -1.799819 -0.162737 1.860808
v -1.799819 -0.162737 1.730832
v -0.071339 -0.158825 1.730832
v -0.071339 -0.001098 1.730832
v -0.071339 -0.001098 1.860808
v -0.071339 -0.158825 1.860808
v -0.506394 -0.158825 1.864721
v -0.075252 -0.158825 1.864721
v -0.075252 -0.001098 1.864721
v -0.506394 -0.001098 1.864721
v -0.506394 0.002815 1.860808
v -0.075252 0.002815 1.860808
v -0.075252 0.002815 1.730832
v -0.506394 0.002815 1.730832
v -0.071339 -0.158825 -1.730832
v -0.071339 -0.158825 -1.860808
v -0.071339 -0.001098 -1.860808
v -0.071339 -0.001098 -1.730832
v -1.799819 -0.162737 1.730832
v -1.802585 -0.161591 1.730832
v -1.802078 -0.161084 1.728573
v -1.799819 -0.161591 1.728065
v -1.799819 -0.158825 1.726920
v -1.799819 -0.161591 1.728065
v -1.802078 -0.161084 1.728573
v -1.802585 -0.158825 1.728065
v -1.803731 -0.158825 1.730832
v -1.802585 -0.158825 1.728065
v -1.802078 -0.161084 1.728573
v -1.802585 -0.161591 1.730832
v -1.799819 -0.162737 -1.730832
v -1.799819 -0.161591 -1.728065
v -1.802078 -0.161084 -1.728573
v -1.802585 -0.161591 -1.730832
v -1.803731 -0.158825 -1.730832
v -1.802585 -0.161591 -1.730832
v -1.802078 -0.161084 -1.728573
v -1.802585 -0.158825 -1.728065
v -1.799819 -0.158825 -1.726920
v -1.802585 -0.158825 -1.728065
v -1.802078 -0.161084 -1.728573
v -1.799819 -0.161591 -1.728065
v -0.071339 -0.158825 -1.730832
v -0.072485 -0.158825 -1.728065
v -0.072993 -0.161084 -1.728573
v -0.072485 -0.161591 -1.730832
v -0.075252 -0.162737 -1.730832
v -0.072485 -0.161591 -1.730832
v -0.072993 -0.161084 -1.728573
v -0.075252 -0.161591 -1.728065
v -0.075252 -0.158825 -1.726920
v -0.075252 -0.161591 -1.728065
v -0.072993 -0.161084 -1.728573
v -0.072485 -0.158825 -1.728065
v -0.075252 -0.158825 1.726920
v -0.072485 -0.158825 1.728065
v -0.072993 -0.161084 1.728573
v -0.075252 -0.161591 1.728065
v -0.075252 -0.162737 1.730832
v -0.075252 -0.161591 1.728065
v -0.072993 -0.161084 1.728573
v -0.072485 -0.161591 1.730832
v -0.071339 -0.158825 1.730832
v -0.072485 -0.161591 1.730832
v -0.072993 -0.161084 1.728573
v -0.072485 -0.158825 1.728065
v -1.799819 0.002815 1.860808
v -1.802585 0.001669 1.860808
v -1.802078 0.001161 1.863067
v -1.799819 0.001669 1.863575
v -1.799819 -0.001098 1.864721
v -1.799819 0.001669 1.863575
v -1.802078 0.001161 1.863067
v -1.802585 -0.001098 1.863575
v -1.803731 -0.001098 1.860808
v -1.802585 -0.001098 1.863575
v -1.802078 0.001161 1.863067
v -1.802585 0.001669 1.860808
v -0.075252 0.002815 1.860808
v -0.075252 0.001669 1.863575
v -0.072993 0.001161 1.863067
v -0.072485 0.001669 1.860808
v -0.071339 -0.001098 1.860808
v -0.072485 0.001669 1.860808
v -0.072993 0.001161 1.863067
v -0.072485 -0.001098 1.863575
v -0.075252 -0.001098 1.864721
v -0.072485 -0.001098 1.863575
v -0.072993 0.001161 1.863067
v -0.075252 0.001669 1.863575
v -1.799819 -0.158825 1.864721
v -1.802585 -0.158825 1.863575
v -1.802078 -0.161084 1.863067
v -1.799819 -0.161591 1.863575
v -1.799819 -0.162737 1.860808
v -1.799819 -0.161591 1.863575
v -1.802078 -0.161084 1.863067
v -1.802585 -0.161591 1.860808
v -1.803731 -0.158825 1.860808
v -1.802585 -0.161591 1.860808
v -1.802078 -0.161084 1.863067
v -1.802585 -0.158825 1.863575
v -1.799819 -0.158825 -1.864721
v -1.799819 -0.161591 -1.863575
v -1.802078 -0.161084 -1.863067
v -1.802585 -0.158825 -1.863575
v -1.803731 -0.158825 -1.860808
v -1.802585 -0.158825 -1.863575
v -1.802078 -0.161084 -1.863067
v -1.802585 -0.161591 -1.860808
v -1.799819 -0.162737 -1.860808
v -1.802585 -0.161591 -1.860808
v -1.802078 -0.161084 -1.863067
v -1.799819 -0.161591 -1.863575
v -0.071339 -0.001098 -1.860808
v -0.072485 -0.001098 -1.863575
v -0.072993 0.001161 -1.863067
v -0.072485 0.001669 -1.860808
v -0.075252 0.002815 -1.860808
v -0.072485 0.001669 -1.860808
v -0.072993 0.001161 -1.863067
v -0.075252 0.001669 -1.863575
v -0.075252 -0.001098 -1.864721
v -0.075252 0.001669 -1.863575
v -0.072993 0.001161 -1.863067
v -0.072485 -0.001098 -1.863575
v -0.071339 -0.158825 -1.860808
v -0.072485 -0.161591 -1.860808
v -0.072993 -0.161084 -1.863067
v -0.072485 -0.158825 -1.863575
v -0.075252 -0.158825 -1.864721
v -0.072485 -0.158825 -1.863575
v -0.072993 -0.161084 -1.863067
v -0.075252 -0.161591 -1.863575
v -0.075252 -0.162737 -1.860808
v -0.075252 -0.161591 -1.863575
v -0.072993 -0.161084 -1.863067
v -0.072485 -0.161591 -1.860808
v -0.075252 -0.158825 1.864721
v -0.075252 -0.161591 1.863575
v -0.072993 -0.161084 1.863067
v -0.072485 -0.158825 1.863575
v -0.071339 -0.158825 1.860808
v -0.072485 -0.158825 1.863575
v -0.072993 -0.161084 1.863067
v -0.072485 -0.161591 1.860808
v -0.075252 -0.162737 1.860808
v -0.072485 -0.161591 1.860808
v -0.072993 -0.161084 1.863067
v -0.075252 -0.161591 1.863575
v -1.803731 -0.001098 -1.860808
v -1.802585 0.001669 -1.860808
v -1.802078 0.001161 -1.863067
v -1.802585 -0.001098 -1.863575
v -1.799819 -0.001098 -1.864721
v -1.802585 -0.001098 -1.863575
v -1.802078 0.001161 -1.863067
v -1.799819 0.001669 -1.863575
v -1.799819 0.002815 -1.860808
v -1.799819 0.001669 -1.863575
v -1.802078 0.001161 -1.863067
v -1.802585 0.001669 -1.860808
v -1.803731 -0.001098 1.730832
v -1.802585 0.001669 1.730832
v -1.802078 0.001161 1.728573
v -1.802585 -0.001098 1.728065
v -1.799819 -0.001098 1.726920
v -1.802585 -0.001098 1.728065
v -1.802078 0.001161 1.728573
v -1.799819 0.001669 1.728065
v -1.799819 0.002815 1.730832
v -1.799819 0.001669 1.728065
v -1.802078 0.001161 1.728573
v -1.802585 0.001669 1.730832
v -0.075252 0.002815 1.730832
v -0.072485 0.001669 1.730832
v -0.072993 0.001161 1.728573
v -0.075252 0.001669 1.728065
v -0.075252 -0.001098 1.726920
v -0.075252 0.001669 1.728065
v -0.072993 0.001161 1.728573
v -0.072485 -0.001098 1.728065
v -0.071339 -0.001098 1.730832
v -0.072485 -0.001098 1.728065
v -0.072993 0.001161 1.728573
v -0.072485 0.001669 1.730832
v -0.071339 -0.001098 -1.730832
v -0.072485 0.001669 -1.730832
v -0.072993 0.001161 -1.728573
v -0.072485 -0.001098 -1.728065
v -0.075252 -0.001098 -1.726920
v -0.072485 -0.001098 -1.728065
v -0.072993 0.001161 -1.728573
v -0.075252 0.001669 -1.728065
v -0.075252 0.002815 -1.730832
v -0.075252 0.001669 -1.728065
v -0.072993 0.001161 -1.728573
v -0.072485 0.001669 -1.730832
v -1.803731 -0.001098 -1.730832
v -1.802585 -0.001098 -1.728065
v -1.802078 0.001161 -1.728573
v -1.802585 0.001669 -1.730832
v -1.799819 0.002815 -1.730832
v -1.802585 0.001669 -1.730832
v -1.802078 0.001161 -1.728573
v -1.799819 0.001669 -1.728065
v -1.799819 -0.001098 -1.726920
v -1.799819 0.001669 -1.728065
v -1.802078 0.001161 -1.728573
v -1.802585 -0.001098 -1.728065
v -0.506394 -0.158825 -1.726920
v -0.506394 -0.161591 -1.728065
v -0.506394 -0.161591 -1.728065
v -0.506394 -0.162737 -1.730832
v -1.368677 -0.158825 1.726920
v -1.368677 -0.161591 1.728065
v -1.368677 -0.161591 1.728065
v -1.368677 -0.162737 1.730832
v -1.368677 -0.001098 1.864721
v -1.368677 0.001669 1.863575
v -1.368677 0.001669 1.863575
v -1.368677 0.002815 1.860808
v -0.506394 -0.001098 -1.864721
v -0.506394 0.001669 -1.863575
v -0.506394 0.001669 -1.863575
v -0.506394 0.002815 -1.860808
v -0.506394 -0.162737 -1.860808
v -0.506394 -0.161591 -1.863575
v -0.506394 -0.161591 -1.863575
v -0.506394 -0.158825 -1.864721
v -1.368677 -0.162737 1.860808
v -1.368677 -0.161591 1.863575
v -1.368677 -0.161591 1.863575
v -1.368677 -0.158825 1.864721
v -1.368677 0.002815 1.730832
v -1.368677 0.001669 1.728065
v -1.368677 0.001669 1.728065
v -1.368677 -0.001098 1.726920
v -0.506394 0.002815 -1.730832
v -0.506394 0.001669 -1.728065
v -0.506394 0.001669 -1.728065
v -0.506394 -0.001098 -1.726920
v -1.368677 -0.158825 1.726920
v -1.799819 -0.158825 1.726920
v -1.799819 -0.001098 1.726920
v -1.368677 -0.001098 1.726920
v -0.075252 -0.158825 1.726920
v -0.506394 -0.158825 1.726920
v -0.506394 -0.001098 1.726920
v -0.075252 -0.001098 1.726920
v -0.937535 -0.158825 1.726920
v -0.937535 -0.001098 1.726920
v -0.506394 -0.001098 1.726920
v -0.506394 0.001669 1.728065
v -0.937535 -0.001098 1.726920
v -0.937535 0.001669 1.728065
v -0.506394 0.001669 1.728065
v -0.506394 0.002815 1.730832
v -0.937535 0.001669 1.728065
v -0.937535 0.002815 1.730832
v -0.506394 -0.158825 1.864721
v -0.506394 -0.161591 1.863575
v -0.937535 -0.158825 1.864721
v -0.937535 -0.161591 1.863575
v -0.506394 -0.161591 1.863575
v -0.506394 -0.162737 1.860808
v -0.937535 -0.161591 1.863575
v -0.937535 -0.162737 1.860808
v -0.506394 0.002815 1.860808
v -0.506394 0.001669 1.863575
v -0.937535 0.002815 1.860808
v -0.937535 0.001669 1.863575
v -0.506394 0.001669 1.863575
v -0.506394 -0.001098 1.864721
v -0.937535 0.001669 1.863575
v -0.937535 -0.001098 1.864721
v -0.506394 -0.162737 1.730832
v -0.506394 -0.161591 1.728065
v -0.937535 -0.162737 1.730832
v -0.937535 -0.161591 1.728065
v -0.506394 -0.161591 1.728065
v -0.506394 -0.158825 1.726920
v -0.937535 -0.161591 1.728065
v -0.937535 -0.158825 1.726920
v -1.799819 0.002815 1.860808
v -1.368677 0.002815 1.860808
v -1.368677 0.002815 1.730832
v -1.799819 0.002815 1.730832
v -0.937535 0.002815 1.860808
v -0.937535 0.002815 1.730832
v -1.799819 -0.158825 1.864721
v -1.368677 -0.158825 1.864721
v -1.368677 -0.001098 1.864721
v -1.799819 -0.001098 1.864721
v -0.937535 -0.158825 1.864721
v -0.937535 -0.001098 1.864721
v -0.075252 -0.162737 1.730832
v -0.075252 -0.162737 1.860808
v -0.506394 -0.162737 1.860808
v -0.506394 -0.162737 1.730832
v -0.937535 -0.162737 1.860808
v -0.937535 -0.162737 1.730832
v -1.368677 -0.001098 -1.726920
v -1.368677 0.001669 -1.728065
v -0.937535 -0.001098 -1.726920
v -0.937536 0.001669 -1.728065
v -1.368677 0.001669 -1.728065
v -1.368677 0.002815 -1.730832
v -0.937536 0.001669 -1.728065
v -0.937535 0.002815 -1.730832
v -1.368677 -0.158825 -1.864721
v -1.368677 -0.161591 -1.863575
v -0.937535 -0.158825 -1.864721
v -0.937536 -0.161591 -1.863575
v -1.368677 -0.161591 -1.863575
v -1.368677 -0.162737 -1.860808
v -0.937536 -0.161591 -1.863575
v -0.937535 -0.162737 -1.860808
v -1.368677 0.002815 -1.860808
v -1.368677 0.001669 -1.863575
v -0.937535 0.002815 -1.860808
v -0.937536 0.001669 -1.863575
v -1.368677 0.001669 -1.863575
v -1.368677 -0.001098 -1.864721
v -0.937536 0.001669 -1.863575
v -0.937535 -0.001098 -1.864721
v -1.368677 -0.162737 -1.730832
v -1.368677 -0.161591 -1.728065
v -0.937535 -0.162737 -1.730832
v -0.937536 -0.161591 -1.728065
v -1.368677 -0.161591 -1.728065
v -1.368677 -0.158825 -1.726920
v -0.937536 -0.161591 -1.728065
v -0.937535 -0.158825 -1.726920
v -0.075252 -0.158825 -1.864721
v -0.506394 -0.158825 -1.864721
v -0.506394 -0.001098 -1.864721
v -0.075252 -0.001098 -1.864721
v -0.937535 -0.158825 -1.864721
v -0.937535 -0.001098 -1.864721
v -1.799819 -0.158825 -1.726920
v -1.368677 -0.158825 -1.726920
v -1.368677 -0.001098 -1.726920
v -1.799819 -0.001098 -1.726920
v -0.937535 -0.158825 -1.726920
v -0.937535 -0.001098 -1.726920
v -1.799819 -0.162737 -1.730832
v -1.799819 -0.162737 -1.860808
v -1.368677 -0.162737 -1.860808
v -1.368677 -0.162737 -1.730832
v -0.937535 -0.162737 -1.860808
v -0.937535 -0.162737 -1.730832
v -0.075252 0.002815 -1.860808
v -0.506394 0.002815 -1.860808
v -0.506394 0.002815 -1.730832
v -0.075252 0.002815 -1.730832
v -0.937535 0.002815 -1.860808
v -0.937535 0.002815 -1.730832
v -0.077243 -0.147709 0.790409
v -0.077243 -0.147709 0.717431
v -0.078036 -0.147709 0.717431
v -0.078036 -0.147709 0.790409
v -0.008100 -0.165019 0.790409
v -0.078036 -0.165019 0.790409
v -0.078036 -0.165019 0.717431
v -0.008100 -0.165019 0.717431
v -0.082887 -0.152560 0.939013
v -0.082887 -0.160168 0.939013
v -0.082887 -0.160168 1.009082
v -0.082887 -0.152560 1.009082
v -0.003249 -0.156364 0.790472
v -0.003249 -0.160168 0.790409
v -0.003249 -0.160168 0.717431
v -0.003249 -0.156364 0.717431
v -0.078036 -0.147709 0.939013
v -0.081466 -0.149130 0.939013
v -0.081466 -0.149130 1.009082
v -0.078036 -0.147709 1.009082
v -0.081466 -0.149130 0.939013
v -0.082887 -0.152560 0.939013
v -0.082887 -0.152560 1.009082
v -0.081466 -0.149130 1.009082
v -0.008100 -0.147709 0.790409
v -0.004670 -0.149130 0.790409
v -0.004670 -0.149130 0.717431
v -0.008100 -0.147709 0.717431
v -0.004670 -0.149130 0.790409
v -0.003249 -0.152560 0.790536
v -0.003249 -0.152560 0.717431
v -0.004670 -0.149130 0.717431
v -0.008100 -0.165019 0.939013
v -0.004670 -0.163598 0.939013
v -0.004670 -0.163598 1.009082
v -0.008100 -0.165019 1.009082
v -0.004670 -0.163598 0.939013
v -0.003249 -0.160168 0.939013
v -0.003249 -0.160168 1.009082
v -0.004670 -0.163598 1.009082
v -0.082887 -0.160168 0.939013
v -0.081466 -0.163598 0.939013
v -0.081466 -0.163598 1.009082
v -0.082887 -0.160168 1.009082
v -0.081466 -0.163598 0.939013
v -0.078036 -0.165019 0.939013
v -0.078036 -0.165019 1.009082
v -0.081466 -0.163598 1.009082
v -0.082887 -0.160168 0.860591
v -0.081466 -0.163598 0.860591
v -0.004670 -0.163598 0.860591
v -0.004670 -0.163598 0.790409
v -0.003249 -0.160168 0.790409
v -0.003249 -0.160168 0.860605
v -0.008100 -0.165019 0.860591
v -0.004670 -0.163598 0.860591
v -0.008100 -0.165019 0.860591
v -0.008100 -0.165019 0.939013
v -0.078036 -0.165019 0.939013
v -0.078036 -0.165019 0.860591
v -0.004670 -0.149130 1.009082
v -0.003249 -0.152560 1.009082
v -0.003249 -0.152560 0.939013
v -0.004670 -0.149130 0.939013
v -0.003249 -0.152560 0.860605
v -0.004670 -0.149130 0.860591
v -0.008100 -0.147709 1.009082
v -0.004670 -0.149130 1.009082
v -0.004670 -0.149130 0.939013
v -0.008100 -0.147709 0.939013
v -0.004670 -0.149130 0.860591
v -0.008100 -0.147709 0.860591
v -0.081466 -0.149130 0.790409
v -0.082887 -0.152560 0.790409
v -0.082887 -0.152560 0.860591
v -0.081466 -0.149130 0.860591
v -0.078036 -0.147709 0.790409
v -0.081466 -0.149130 0.790409
v -0.081466 -0.149130 0.860591
v -0.078036 -0.147709 0.860591
v -0.003249 -0.152560 1.009082
v 0.000965 -0.150322 1.009082
v 0.000965 -0.150322 0.939013
v -0.003249 -0.152560 0.939013
v -0.003249 -0.156364 0.939013
v -0.003249 -0.160168 0.939013
v -0.003249 -0.160168 0.860605
v -0.003249 -0.156364 0.860605
v -0.082887 -0.152560 0.790409
v -0.082887 -0.160168 0.790409
v -0.082887 -0.160168 0.860591
v -0.082887 -0.152560 0.860591
v -0.008100 -0.165019 1.009082
v -0.078036 -0.165019 1.009082
v 0.009357 -0.161766 0.790536
v 0.011982 -0.159069 0.790536
v 0.011982 -0.159069 0.860605
v 0.009357 -0.161766 0.860605
v -0.077243 -0.147709 1.009082
v -0.077243 -0.147709 0.939013
v -0.078036 -0.147709 0.939013
v -0.078036 -0.147709 1.009082
v -0.077243 -0.147709 0.860591
v -0.078036 -0.147709 0.860591
v -0.082887 -0.152560 0.717431
v -0.082887 -0.160168 0.717431
v -0.078036 -0.147709 0.717431
v -0.081466 -0.149130 0.717431
v -0.081466 -0.149130 0.717431
v -0.082887 -0.152560 0.717431
v -0.008100 -0.165019 0.717431
v -0.004670 -0.163598 0.717431
v -0.004670 -0.163598 0.790409
v -0.008100 -0.165019 0.790409
v -0.004670 -0.163598 0.717431
v -0.003249 -0.160168 0.717431
v -0.082887 -0.160168 0.717431
v -0.081466 -0.163598 0.717431
v -0.081466 -0.163598 0.790409
v -0.082887 -0.160168 0.790409
v -0.081466 -0.163598 0.717431
v -0.078036 -0.165019 0.717431
v -0.078036 -0.165019 0.790409
v -0.081466 -0.163598 0.790409
v -0.003249 -0.160168 0.939013
v 0.000965 -0.162406 0.939013
v 0.000965 -0.162406 1.009082
v -0.003249 -0.160168 1.009082
v 0.012675 -0.156364 1.009082
v 0.011982 -0.159069 1.009082
v 0.011982 -0.159069 0.939013
v 0.012675 -0.156364 0.939013
v 0.009357 -0.150962 0.860605
v 0.011982 -0.153659 0.860605
v 0.011982 -0.153659 0.790536
v 0.009357 -0.150962 0.790536
v 0.009357 -0.156364 1.009082
v 0.012675 -0.156364 1.009082
v 0.011982 -0.153659 1.009082
v 0.009357 -0.150962 1.009082
v -0.003249 -0.156364 0.860605
v 0.000965 -0.156364 0.860605
v 0.000965 -0.150322 0.860605
v -0.003249 -0.152560 0.860605
v 0.009357 -0.156364 0.939013
v 0.012675 -0.156364 0.939013
v 0.011982 -0.159069 0.939013
v 0.009357 -0.161766 0.939013
v -0.003249 -0.156364 1.009082
v 0.000965 -0.156364 1.009082
v 0.000965 -0.150322 1.009082
v -0.003249 -0.152560 1.009082
v 0.009357 -0.156364 0.790536
v 0.012675 -0.156364 0.790536
v 0.011982 -0.159069 0.790536
v 0.009357 -0.161766 0.790536
v 0.009357 -0.156364 0.860605
v 0.012675 -0.156364 0.860605
v 0.011982 -0.153659 0.860605
v 0.009357 -0.150962 0.860605
v 0.012675 -0.156364 0.860605
v 0.011982 -0.159069 0.860605
v 0.011982 -0.159069 0.790536
v 0.012675 -0.156364 0.790536
v -0.003249 -0.160168 0.790409
v 0.000965 -0.162406 0.790536
v 0.000965 -0.162406 0.860605
v -0.003249 -0.160168 0.860605
v 0.009357 -0.150962 1.009082
v 0.011982 -0.153659 1.009082
v 0.011982 -0.153659 0.939013
v 0.009357 -0.150962 0.939013
v 0.009357 -0.161766 0.939013
v 0.011982 -0.159069 0.939013
v 0.011982 -0.159069 1.009082
v 0.009357 -0.161766 1.009082
v -0.003249 -0.156364 0.939013
v 0.000965 -0.156364 0.939013
v 0.000965 -0.162406 0.939013
v -0.003249 -0.160168 0.939013
v -0.003249 -0.152560 0.860605
v 0.000965 -0.150322 0.860605
v 0.000965 -0.150322 0.790536
v -0.003249 -0.152560 0.790536
v -0.081466 -0.163598 0.860591
v -0.078036 -0.165019 0.860591
v 0.005161 -0.156364 1.009082
v 0.005161 -0.163078 1.009082
v 0.009357 -0.161766 1.009082
v 0.000965 -0.162406 1.009082
v 0.009357 -0.150962 0.939013
v 0.005161 -0.149651 0.939013
v 0.005161 -0.149651 1.009082
v 0.009357 -0.150962 1.009082
v 0.005161 -0.149651 0.939013
v 0.005161 -0.149651 1.009082
v 0.005161 -0.156364 0.939013
v 0.005161 -0.149651 0.939013
v 0.009357 -0.150962 0.939013
v 0.000965 -0.150322 0.939013
v 0.009357 -0.161766 1.009082
v 0.005161 -0.163078 1.009082
v 0.005161 -0.163078 0.939013
v 0.009357 -0.161766 0.939013
v 0.005161 -0.163078 1.009082
v 0.005161 -0.163078 0.939013
v -0.003249 -0.156364 0.790472
v 0.000965 -0.156364 0.790536
v 0.000965 -0.162406 0.790536
v -0.003249 -0.160168 0.790409
v 0.005161 -0.156364 0.860605
v 0.005161 -0.163078 0.860605
v 0.009357 -0.161766 0.860605
v 0.000965 -0.162406 0.860605
v 0.009357 -0.150962 0.790536
v 0.005161 -0.149651 0.790536
v 0.005161 -0.149651 0.860605
v 0.009357 -0.150962 0.860605
v 0.005161 -0.149651 0.790536
v 0.005161 -0.149651 0.860605
v 0.005161 -0.156364 0.790536
v 0.005161 -0.149651 0.790536
v 0.009357 -0.150962 0.790536
v 0.000965 -0.150322 0.790536
v 0.009357 -0.161766 0.860605
v 0.005161 -0.163078 0.860605
v 0.005161 -0.163078 0.790536
v 0.009357 -0.161766 0.790536
v 0.005161 -0.163078 0.860605
v 0.005161 -0.163078 0.790536
v -0.043068 -0.166180 0.939459
v -0.043068 -0.166180 0.954407
v -0.053638 -0.166180 0.950029
v -0.058016 -0.166180 0.939459
v -0.028120 -0.166180 0.939459
v -0.032498 -0.166180 0.950029
v -0.032498 -0.166180 0.928889
v -0.043068 -0.166180 0.924511
v -0.053638 -0.166180 0.928889
v -0.053638 -0.164179 0.928889
v -0.053638 -0.166180 0.928889
v -0.058016 -0.166180 0.939459
v -0.058016 -0.164179 0.939459
v -0.032498 -0.164179 0.950029
v -0.032498 -0.166180 0.950029
v -0.028120 -0.166180 0.939459
v -0.028120 -0.164179 0.939459
v -0.043068 -0.164179 0.924511
v -0.043068 -0.166180 0.924511
v -0.053638 -0.166180 0.928889
v -0.053638 -0.164179 0.928889
v -0.053638 -0.164179 0.950029
v -0.053638 -0.166180 0.950029
v -0.043068 -0.166180 0.954407
v -0.043068 -0.164179 0.954407
v -0.032498 -0.164179 0.928889
v -0.032498 -0.166180 0.928889
v -0.043068 -0.166180 0.924511
v -0.043068 -0.164179 0.924511
v -0.043068 -0.164179 0.954407
v -0.043068 -0.166180 0.954407
v -0.032498 -0.166180 0.950029
v -0.032498 -0.164179 0.950029
v -0.058016 -0.164179 0.939459
v -0.058016 -0.166180 0.939459
v -0.053638 -0.166180 0.950029
v -0.053638 -0.164179 0.950029
v -0.028120 -0.164179 0.939459
v -0.028120 -0.166180 0.939459
v -0.032498 -0.166180 0.928889
v -0.032498 -0.164179 0.928889
v -0.043068 -0.166180 0.786722
v -0.043068 -0.166180 0.801670
v -0.053638 -0.166180 0.797292
v -0.058016 -0.166180 0.786722
v -0.028120 -0.166180 0.786722
v -0.032498 -0.166180 0.797292
v -0.032498 -0.166180 0.776152
v -0.043068 -0.166180 0.771774
v -0.053638 -0.166180 0.776152
v -0.053638 -0.164179 0.776152
v -0.053638 -0.166180 0.776152
v -0.058016 -0.166180 0.786722
v -0.058016 -0.164179 0.786722
v -0.032498 -0.164179 0.797292
v -0.032498 -0.166180 0.797292
v -0.028120 -0.166180 0.786722
v -0.028120 -0.164179 0.786722
v -0.043068 -0.164179 0.771774
v -0.043068 -0.166180 0.771774
v -0.053638 -0.166180 0.776152
v -0.053638 -0.164179 0.776152
v -0.053638 -0.164179 0.797292
v -0.053638 -0.166180 0.797292
v -0.043068 -0.166180 0.801670
v -0.043068 -0.164179 0.801670
v -0.032498 -0.164179 0.776152
v -0.032498 -0.166180 0.776152
v -0.043068 -0.166180 0.771774
v -0.043068 -0.164179 0.771774
v -0.043068 -0.164179 0.801670
v -0.043068 -0.166180 0.801670
v -0.032498 -0.166180 0.797292
v -0.032498 -0.164179 0.797292
v -0.058016 -0.164179 0.786722
v -0.058016 -0.166180 0.786722
v -0.053638 -0.166180 0.797292
v -0.053638 -0.164179 0.797292
v -0.028120 -0.164179 0.786722
v -0.028120 -0.166180 0.786722
v -0.032498 -0.166180 0.776152
v -0.032498 -0.164179 0.776152
v 0.005161 -0.163078 0.790536
v 0.005161 -0.149651 0.860605
v -0.003249 -0.152560 0.790536
v 0.005161 -0.163078 0.939013
v 0.005161 -0.149651 1.009082
v -0.003249 -0.152560 0.939013
v 0.011982 -0.153659 0.860605
v 0.012675 -0.156364 0.860605
v 0.012675 -0.156364 0.790536
v 0.011982 -0.153659 0.790536
v 0.011982 -0.159069 0.860605
v 0.011982 -0.153659 0.790536
v -0.003249 -0.160168 1.009082
v 0.011982 -0.153659 0.939013
v -0.003249 -0.160168 0.860605
v 0.011982 -0.159069 1.009082
v 0.011982 -0.153659 1.009082
v 0.012675 -0.156364 1.009082
v 0.012675 -0.156364 0.939013
v 0.011982 -0.153659 0.939013
v -0.003249 -0.152560 0.939013
v -0.003249 -0.152560 0.860605
v -0.003249 -0.152560 0.790536
v -0.003249 -0.152560 0.717431
v -0.008100 -0.147709 0.860591
v -0.008100 -0.147709 0.790409
v -0.009844 -0.147709 0.790409
v -0.009844 -0.147709 0.860591
v -0.008100 -0.147709 0.939013
v -0.009844 -0.147709 0.939013
v -0.008100 -0.147709 1.009082
v -0.009844 -0.147709 1.009082
v -0.008100 -0.147709 0.717431
v -0.009844 -0.147709 0.717431
v -0.077243 -0.147709 -0.790409
v -0.078036 -0.147709 -0.790409
v -0.078036 -0.147709 -0.717431
v -0.077243 -0.147709 -0.717431
v -0.008100 -0.165019 -0.790409
v -0.008100 -0.165019 -0.717431
v -0.078036 -0.165019 -0.717431
v -0.078036 -0.165019 -0.790409
v -0.082887 -0.152560 -0.939013
v -0.082887 -0.152560 -1.009082
v -0.082887 -0.160168 -1.009082
v -0.082887 -0.160168 -0.939013
v -0.003249 -0.156364 -0.790472
v -0.003249 -0.156364 -0.717431
v -0.003249 -0.160168 -0.717431
v -0.003249 -0.160168 -0.790409
v -0.078036 -0.147709 -0.939013
v -0.078036 -0.147709 -1.009082
v -0.081466 -0.149130 -1.009082
v -0.081466 -0.149130 -0.939013
v -0.081466 -0.149130 -0.939013
v -0.081466 -0.149130 -1.009082
v -0.082887 -0.152560 -1.009082
v -0.082887 -0.152560 -0.939013
v -0.008100 -0.147709 -0.790409
v -0.008100 -0.147709 -0.717431
v -0.004670 -0.149130 -0.717431
v -0.004670 -0.149130 -0.790409
v -0.004670 -0.149130 -0.790409
v -0.004670 -0.149130 -0.717431
v -0.003249 -0.152560 -0.717431
v -0.003249 -0.152560 -0.790536
v -0.008100 -0.165019 -0.939013
v -0.008100 -0.165019 -1.009082
v -0.004670 -0.163598 -1.009082
v -0.004670 -0.163598 -0.939013
v -0.004670 -0.163598 -0.939013
v -0.004670 -0.163598 -1.009082
v -0.003249 -0.160168 -1.009082
v -0.003249 -0.160168 -0.939013
v -0.082887 -0.160168 -0.939013
v -0.082887 -0.160168 -1.009082
v -0.081466 -0.163598 -1.009082
v -0.081466 -0.163598 -0.939013
v -0.081466 -0.163598 -0.939013
v -0.081466 -0.163598 -1.009082
v -0.078036 -0.165019 -1.009082
v -0.078036 -0.165019 -0.939013
v -0.082887 -0.160168 -0.860591
v -0.081466 -0.163598 -0.860591
v -0.004670 -0.163598 -0.860591
v -0.003249 -0.160168 -0.860605
v -0.003249 -0.160168 -0.790409
v -0.004670 -0.163598 -0.790409
v -0.008100 -0.165019 -0.860591
v -0.004670 -0.163598 -0.860591
v -0.008100 -0.165019 -0.860591
v -0.078036 -0.165019 -0.860591
v -0.078036 -0.165019 -0.939013
v -0.008100 -0.165019 -0.939013
v -0.004670 -0.149130 -1.009082
v -0.004670 -0.149130 -0.939013
v -0.003249 -0.152560 -0.939013
v -0.003249 -0.152560 -1.009082
v -0.004670 -0.149130 -0.860591
v -0.003249 -0.152560 -0.860605
v -0.008100 -0.147709 -1.009082
v -0.008100 -0.147709 -0.939013
v -0.004670 -0.149130 -0.939013
v -0.004670 -0.149130 -1.009082
v -0.008100 -0.147709 -0.860591
v -0.004670 -0.149130 -0.860591
v -0.081466 -0.149130 -0.790409
v -0.081466 -0.149130 -0.860591
v -0.082887 -0.152560 -0.860591
v -0.082887 -0.152560 -0.790409
v -0.078036 -0.147709 -0.790409
v -0.078036 -0.147709 -0.860591
v -0.081466 -0.149130 -0.860591
v -0.081466 -0.149130 -0.790409
v -0.003249 -0.152560 -1.009082
v -0.003249 -0.152560 -0.939013
v 0.000965 -0.150322 -0.939013
v 0.000965 -0.150322 -1.009082
v -0.003249 -0.156364 -0.939013
v -0.003249 -0.156364 -0.860605
v -0.003249 -0.160168 -0.860605
v -0.003249 -0.160168 -0.939013
v -0.082887 -0.152560 -0.790409
v -0.082887 -0.152560 -0.860591
v -0.082887 -0.160168 -0.860591
v -0.082887 -0.160168 -0.790409
v -0.008100 -0.165019 -1.009082
v -0.078036 -0.165019 -1.009082
v 0.009357 -0.161766 -0.790536
v 0.009357 -0.161766 -0.860605
v 0.011982 -0.159069 -0.860605
v 0.011982 -0.159069 -0.790536
v -0.077243 -0.147709 -1.009082
v -0.078036 -0.147709 -1.009082
v -0.078036 -0.147709 -0.939013
v -0.077243 -0.147709 -0.939013
v -0.078036 -0.147709 -0.860591
v -0.077243 -0.147709 -0.860591
v -0.082887 -0.152560 -0.717431
v -0.082887 -0.160168 -0.717431
v -0.078036 -0.147709 -0.717431
v -0.081466 -0.149130 -0.717431
v -0.081466 -0.149130 -0.717431
v -0.082887 -0.152560 -0.717431
v -0.008100 -0.165019 -0.717431
v -0.008100 -0.165019 -0.790409
v -0.004670 -0.163598 -0.790409
v -0.004670 -0.163598 -0.717431
v -0.004670 -0.163598 -0.717431
v -0.003249 -0.160168 -0.717431
v -0.082887 -0.160168 -0.717431
v -0.082887 -0.160168 -0.790409
v -0.081466 -0.163598 -0.790409
v -0.081466 -0.163598 -0.717431
v -0.081466 -0.163598 -0.717431
v -0.081466 -0.163598 -0.790409
v -0.078036 -0.165019 -0.790409
v -0.078036 -0.165019 -0.717431
v -0.003249 -0.160168 -0.939013
v -0.003249 -0.160168 -1.009082
v 0.000965 -0.162406 -1.009082
v 0.000965 -0.162406 -0.939013
v 0.012675 -0.156364 -1.009082
v 0.012675 -0.156364 -0.939013
v 0.011982 -0.159069 -0.939013
v 0.011982 -0.159069 -1.009082
v 0.009357 -0.150962 -0.860605
v 0.009357 -0.150962 -0.790536
v 0.011982 -0.153659 -0.790536
v 0.011982 -0.153659 -0.860605
v 0.009357 -0.156364 -1.009082
v 0.009357 -0.150962 -1.009082
v 0.011982 -0.153659 -1.009082
v 0.012675 -0.156364 -1.009082
v -0.003249 -0.156364 -0.860605
v -0.003249 -0.152560 -0.860605
v 0.000965 -0.150322 -0.860605
v 0.000965 -0.156364 -0.860605
v 0.009357 -0.156364 -0.939013
v 0.009357 -0.161766 -0.939013
v 0.011982 -0.159069 -0.939013
v 0.012675 -0.156364 -0.939013
v -0.003249 -0.156364 -1.009082
v -0.003249 -0.152560 -1.009082
v 0.000965 -0.150322 -1.009082
v 0.000965 -0.156364 -1.009082
v 0.009357 -0.156364 -0.790536
v 0.009357 -0.161766 -0.790536
v 0.011982 -0.159069 -0.790536
v 0.012675 -0.156364 -0.790536
v 0.009357 -0.156364 -0.860605
v 0.009357 -0.150962 -0.860605
v 0.011982 -0.153659 -0.860605
v 0.012675 -0.156364 -0.860605
v 0.012675 -0.156364 -0.860605
v 0.012675 -0.156364 -0.790536
v 0.011982 -0.159069 -0.790536
v 0.011982 -0.159069 -0.860605
v -0.003249 -0.160168 -0.790409
v -0.003249 -0.160168 -0.860605
v 0.000965 -0.162406 -0.860605
v 0.000965 -0.162406 -0.790536
v 0.009357 -0.150962 -1.009082
v 0.009357 -0.150962 -0.939013
v 0.011982 -0.153659 -0.939013
v 0.011982 -0.153659 -1.009082
v 0.009357 -0.161766 -0.939013
v 0.009357 -0.161766 -1.009082
v 0.011982 -0.159069 -1.009082
v 0.011982 -0.159069 -0.939013
v -0.003249 -0.156364 -0.939013
v -0.003249 -0.160168 -0.939013
v 0.000965 -0.162406 -0.939013
v 0.000965 -0.156364 -0.939013
v -0.003249 -0.152560 -0.860605
v -0.003249 -0.152560 -0.790536
v 0.000965 -0.150322 -0.790536
v 0.000965 -0.150322 -0.860605
v -0.078036 -0.165019 -0.860591
v -0.081466 -0.163598 -0.860591
v 0.009357 -0.161766 -1.009082
v 0.005161 -0.163078 -1.009082
v 0.005161 -0.156364 -1.009082
v 0.000965 -0.162406 -1.009082
v 0.009357 -0.150962 -0.939013
v 0.009357 -0.150962 -1.009082
v 0.005161 -0.149651 -1.009082
v 0.005161 -0.149651 -0.939013
v 0.005161 -0.149651 -0.939013
v 0.005161 -0.149651 -1.009082
v 0.009357 -0.150962 -0.939013
v 0.005161 -0.149651 -0.939013
v 0.005161 -0.156364 -0.939013
v 0.000965 -0.150322 -0.939013
v 0.009357 -0.161766 -1.009082
v 0.009357 -0.161766 -0.939013
v 0.005161 -0.163078 -0.939013
v 0.005161 -0.163078 -1.009082
v 0.005161 -0.163078 -1.009082
v 0.005161 -0.163078 -0.939013
v -0.003249 -0.156364 -0.790472
v -0.003249 -0.160168 -0.790409
v 0.000965 -0.162406 -0.790536
v 0.000965 -0.156364 -0.790536
v 0.009357 -0.161766 -0.860605
v 0.005161 -0.163078 -0.860605
v 0.005161 -0.156364 -0.860605
v 0.000965 -0.162406 -0.860605
v 0.009357 -0.150962 -0.790536
v 0.009357 -0.150962 -0.860605
v 0.005161 -0.149651 -0.860605
v 0.005161 -0.149651 -0.790536
v 0.005161 -0.149651 -0.790536
v 0.005161 -0.149651 -0.860605
v 0.009357 -0.150962 -0.790536
v 0.005161 -0.149651 -0.790536
v 0.005161 -0.156364 -0.790536
v 0.000965 -0.150322 -0.790536
v 0.009357 -0.161766 -0.860605
v 0.009357 -0.161766 -0.790536
v 0.005161 -0.163078 -0.790536
v 0.005161 -0.163078 -0.860605
v 0.005161 -0.163078 -0.860605
v 0.005161 -0.163078 -0.790536
v -0.043068 -0.166180 -0.939459
v -0.058016 -0.166180 -0.939459
v -0.053638 -0.166180 -0.950029
v -0.043068 -0.166180 -0.954407
v -0.028120 -0.166180 -0.939459
v -0.032498 -0.166180 -0.950029
v -0.032498 -0.166180 -0.928889
v -0.043068 -0.166180 -0.924511
v -0.053638 -0.166180 -0.928889
v -0.053638 -0.164179 -0.928889
v -0.058016 -0.164179 -0.939459
v -0.058016 -0.166180 -0.939459
v -0.053638 -0.166180 -0.928889
v -0.032498 -0.164179 -0.950029
v -0.028120 -0.164179 -0.939459
v -0.028120 -0.166180 -0.939459
v -0.032498 -0.166180 -0.950029
v -0.043068 -0.164179 -0.924511
v -0.053638 -0.164179 -0.928889
v -0.053638 -0.166180 -0.928889
v -0.043068 -0.166180 -0.924511
v -0.053638 -0.164179 -0.950029
v -0.043068 -0.164179 -0.954407
v -0.043068 -0.166180 -0.954407
v -0.053638 -0.166180 -0.950029
v -0.032498 -0.164179 -0.928889
v -0.043068 -0.164179 -0.924511
v -0.043068 -0.166180 -0.924511
v -0.032498 -0.166180 -0.928889
v -0.043068 -0.164179 -0.954407
v -0.032498 -0.164179 -0.950029
v -0.032498 -0.166180 -0.950029
v -0.043068 -0.166180 -0.954407
v -0.058016 -0.164179 -0.939459
v -0.053638 -0.164179 -0.950029
v -0.053638 -0.166180 -0.950029
v -0.058016 -0.166180 -0.939459
v -0.028120 -0.164179 -0.939459
v -0.032498 -0.164179 -0.928889
v -0.032498 -0.166180 -0.928889
v -0.028120 -0.166180 -0.939459
v -0.043068 -0.166180 -0.786722
v -0.058016 -0.166180 -0.786722
v -0.053638 -0.166180 -0.797292
v -0.043068 -0.166180 -0.801670
v -0.028120 -0.166180 -0.786722
v -0.032498 -0.166180 -0.797292
v -0.032498 -0.166180 -0.776152
v -0.043068 -0.166180 -0.771774
v -0.053638 -0.166180 -0.776152
v -0.053638 -0.164179 -0.776152
v -0.058016 -0.164179 -0.786722
v -0.058016 -0.166180 -0.786722
v -0.053638 -0.166180 -0.776152
v -0.032498 -0.164179 -0.797292
v -0.028120 -0.164179 -0.786722
v -0.028120 -0.166180 -0.786722
v -0.032498 -0.166180 -0.797292
v -0.043068 -0.164179 -0.771774
v -0.053638 -0.164179 -0.776152
v -0.053638 -0.166180 -0.776152
v -0.043068 -0.166180 -0.771774
v -0.053638 -0.164179 -0.797292
v -0.043068 -0.164179 -0.801670
v -0.043068 -0.166180 -0.801670
v -0.053638 -0.166180 -0.797292
v -0.032498 -0.164179 -0.776152
v -0.043068 -0.164179 -0.771774
v -0.043068 -0.166180 -0.771774
v -0.032498 -0.166180 -0.776152
v -0.043068 -0.164179 -0.801670
v -0.032498 -0.164179 -0.797292
v -0.032498 -0.166180 -0.797292
v -0.043068 -0.166180 -0.801670
v -0.058016 -0.164179 -0.786722
v -0.053638 -0.164179 -0.797292
v -0.053638 -0.166180 -0.797292
v -0.058016 -0.166180 -0.786722
v -0.028120 -0.164179 -0.786722
v -0.032498 -0.164179 -0.776152
v -0.032498 -0.166180 -0.776152
v -0.028120 -0.166180 -0.786722
v 0.005161 -0.163078 -0.790536
v 0.005161 -0.149651 -0.860605
v -0.003249 -0.152560 -0.790536
v 0.005161 -0.163078 -0.939013
v 0.005161 -0.149651 -1.009082
v -0.003249 -0.152560 -0.939013
v 0.011982 -0.153659 -0.860605
v 0.011982 -0.153659 -0.790536
v 0.012675 -0.156364 -0.790536
v 0.012675 -0.156364 -0.860605
v 0.011982 -0.159069 -0.860605
v 0.011982 -0.153659 -0.790536
v -0.003249 -0.160168 -1.009082
v 0.011982 -0.153659 -0.939013
v -0.003249 -0.160168 -0.860605
v 0.011982 -0.159069 -1.009082
v 0.011982 -0.153659 -1.009082
v 0.011982 -0.153659 -0.939013
v 0.012675 -0.156364 -0.939013
v 0.012675 -0.156364 -1.009082
v -0.003249 -0.152560 -0.939013
v -0.003249 -0.152560 -0.860605
v -0.003249 -0.152560 -0.790536
v -0.003249 -0.152560 -0.717431
v -0.008100 -0.147709 -0.860591
v -0.009844 -0.147709 -0.860591
v -0.009844 -0.147709 -0.790409
v -0.008100 -0.147709 -0.790409
v -0.008100 -0.147709 -0.939013
v -0.009844 -0.147709 -0.939013
v -0.008100 -0.147709 -1.009082
v -0.009844 -0.147709 -1.009082
v -0.009844 -0.147709 -0.717431
v -0.008100 -0.147709 -0.717431
v -1.678798 0.083059 -1.860784
v -1.867272 0.083059 -1.860784
v -1.678798 0.000000 1.860784
v -1.867272 0.000000 1.860784
v -0.081466 -0.149130 0.717431
v -0.082887 -0.160168 0.717431
v -0.082887 -0.152560 0.717431
v -0.081466 -0.163598 0.717431
v -0.078036 -0.147709 0.717431
v -0.078036 -0.165019 0.717431
v -0.077243 -0.147709 0.717431
v -0.008100 -0.165019 0.717431
v -0.009844 -0.147709 0.717431
v -0.008100 -0.147709 0.717431
v -0.004670 -0.149130 0.717431
v -0.004670 -0.163598 0.717431
v -0.003249 -0.152560 0.717431
v -0.003249 -0.160168 0.717431
v -0.081466 -0.163598 1.009082
v -0.082887 -0.152560 1.009082
v -0.082887 -0.160168 1.009082
v -0.081466 -0.149130 1.009082
v -0.078036 -0.165019 1.009082
v -0.078036 -0.147709 1.009082
v -0.008100 -0.165019 1.009082
v -0.077243 -0.147709 1.009082
v -0.009844 -0.147709 1.009082
v -0.008100 -0.147709 1.009082
v -0.004670 -0.163598 1.009082
v -0.004670 -0.149130 1.009082
v -0.003249 -0.160168 1.009082
v -0.003249 -0.152560 1.009082
v -0.081466 -0.163598 -0.717431
v -0.082887 -0.152560 -0.717431
v -0.082887 -0.160168 -0.717431
v -0.081466 -0.149130 -0.717431
v -0.078036 -0.165019 -0.717431
v -0.078036 -0.147709 -0.717431
v -0.008100 -0.165019 -0.717431
v -0.077243 -0.147709 -0.717431
v -0.009844 -0.147709 -0.717431
v -0.008100 -0.147709 -0.717431
v -0.004670 -0.163598 -0.717431
v -0.004670 -0.149130 -0.717431
v -0.003249 -0.160168 -0.717431
v -0.003249 -0.152560 -0.717431
v -0.081466 -0.149130 -1.009082
v -0.082887 -0.160168 -1.009082
v -0.082887 -0.152560 -1.009082
v -0.081466 -0.163598 -1.009082
v -0.078036 -0.147709 -1.009082
v -0.078036 -0.165019 -1.009082
v -0.077243 -0.147709 -1.009082
v -0.008100 -0.165019 -1.009082
v -0.009844 -0.147709 -1.009082
v -0.008100 -0.147709 -1.009082
v -0.004670 -0.149130 -1.009082
v -0.004670 -0.163598 -1.009082
v -0.003249 -0.152560 -1.009082
v -0.003249 -0.160168 -1.009082
vn -0.0000 1.0000 -0.0000
vn -0.0000 -1.0000 -0.0000
vn 1.0000 -0.0000 -0.0000
vn -0.0000 -0.0000 1.0000
vn -0.0000 -0.0000 -1.0000
vn -1.0000 -0.0000 -0.0000
vn 0.2402 -0.9406 -0.2402
vn 0.1585 -0.9194 -0.3600
vn 0.3251 -0.8881 -0.3251
vn 0.3600 -0.9194 -0.1585
vn 0.9406 -0.2402 -0.2402
vn 0.9194 -0.3599 -0.1585
vn 0.8881 -0.3250 -0.3250
vn 0.9194 -0.1584 -0.3599
vn 0.2401 -0.2401 -0.9406
vn 0.3599 -0.1584 -0.9194
vn 0.3250 -0.3250 -0.8881
vn 0.1585 -0.3599 -0.9194
vn 0.2402 0.9406 -0.2402
vn 0.3600 0.9194 -0.1585
vn 0.3251 0.8881 -0.3251
vn 0.1585 0.9194 -0.3599
vn 0.2401 0.2401 -0.9406
vn 0.1585 0.3599 -0.9194
vn 0.3250 0.3250 -0.8881
vn 0.3600 0.1584 -0.9194
vn 0.9406 0.2402 -0.2402
vn 0.9194 0.1584 -0.3600
vn 0.8881 0.3250 -0.3251
vn 0.9194 0.3600 -0.1585
vn 0.2402 -0.9406 0.2402
vn 0.3600 -0.9194 0.1585
vn 0.3251 -0.8881 0.3251
vn 0.1585 -0.9194 0.3599
vn 0.2401 -0.2401 0.9406
vn 0.1585 -0.3599 0.9194
vn 0.3250 -0.3250 0.8881
vn 0.3599 -0.1585 0.9194
vn 0.9406 -0.2402 0.2402
vn 0.9194 -0.1584 0.3600
vn 0.8881 -0.3250 0.3250
vn 0.9194 -0.3600 0.1585
vn 0.2402 0.9406 0.2402
vn 0.1585 0.9194 0.3599
vn 0.3251 0.8881 0.3251
vn 0.3600 0.9194 0.1585
vn 0.9406 0.2402 0.2402
vn 0.9194 0.3600 0.1585
vn 0.8881 0.3250 0.3251
vn 0.9194 0.1584 0.3600
vn 0.2401 0.2401 0.9406
vn 0.3599 0.1585 0.9194
vn 0.3250 0.3250 0.8881
vn 0.1585 0.3599 0.9194
vn -0.2402 0.9406 -0.2402
vn -0.1585 0.9194 -0.3600
vn -0.3251 0.8881 -0.3251
vn -0.3600 0.9194 -0.1585
vn -0.9406 0.2402 -0.2402
vn -0.9194 0.3599 -0.1585
vn -0.8881 0.3250 -0.3251
vn -0.9194 0.1585 -0.3599
vn -0.2401 0.2401 -0.9406
vn -0.3599 0.1584 -0.9194
vn -0.3250 0.3250 -0.8881
vn -0.1584 0.3599 -0.9194
vn -0.2402 -0.9406 -0.2402
vn -0.3600 -0.9194 -0.1585
vn -0.3251 -0.8881 -0.3251
vn -0.1585 -0.9194 -0.3599
vn -0.2402 -0.2402 -0.9406
vn -0.1584 -0.3599 -0.9194
vn -0.3250 -0.3250 -0.8881
vn -0.3599 -0.1584 -0.9194
vn -0.9406 -0.2402 -0.2401
vn -0.9194 -0.1585 -0.3599
vn -0.8881 -0.3250 -0.3251
vn -0.9194 -0.3600 -0.1585
vn -0.2401 -0.2401 0.9406
vn -0.3599 -0.1584 0.9194
vn -0.3250 -0.3250 0.8881
vn -0.1584 -0.3599 0.9194
vn -0.2402 -0.9406 0.2402
vn -0.1585 -0.9194 0.3600
vn -0.3251 -0.8881 0.3251
vn -0.3600 -0.9194 0.1585
vn -0.9406 -0.2402 0.2402
vn -0.9194 -0.3599 0.1585
vn -0.8881 -0.3250 0.3251
vn -0.9194 -0.1585 0.3599
vn -0.2402 0.2402 0.9406
vn -0.1584 0.3599 0.9194
vn -0.3250 0.3250 0.8881
vn -0.3599 0.1584 0.9194
vn -0.9406 0.2402 0.2401
vn -0.9194 0.1585 0.3599
vn -0.8881 0.3250 0.3251
vn -0.9194 0.3600 0.1585
vn -0.2402 0.9406 0.2402
vn -0.3600 0.9194 0.1585
vn -0.3251 0.8881 0.3251
vn -0.1585 0.9194 0.3600
vn 0.9239 0.3827 -0.0000
vn 0.3827 0.9239 -0.0000
vn 0.3827 -0.9239 -0.0000
vn 0.9239 -0.3827 -0.0000
vn -0.0000 0.9239 -0.3827
vn -0.0000 0.3827 -0.9239
vn -0.0000 -0.9239 0.3827
vn -0.0000 -0.3827 0.9239
vn -0.0000 -0.9239 -0.3827
vn -0.0000 -0.3827 -0.9239
vn -0.0000 0.3826 -0.9239
vn -0.0000 -0.3826 0.9239
vn -0.0000 0.9239 0.3827
vn -0.0000 0.3827 0.9239
vn -0.3827 -0.9239 -0.0000
vn -0.9239 -0.3827 -0.0000
vn -0.3827 0.9239 -0.0000
vn -0.9239 0.3827 -0.0000
vn -0.0000 -0.3828 0.9239
vn -0.0000 0.3828 0.9238
vn -0.0000 -0.3826 -0.9239
vn 0.1891 0.9820 -0.0000
vn 0.1921 0.9814 -0.0000
vn 0.1927 0.9813 -0.0000
vn -0.1921 0.9814 -0.0000
vn -0.1891 0.9820 -0.0000
vn -0.1927 0.9813 -0.0000
vn 0.2402 -0.2402 0.9405
vn 0.1585 -0.3601 0.9194
vn 0.3251 -0.3251 0.8880
vn 0.3601 -0.1585 0.9194
vn 0.9406 -0.2401 0.2402
vn 0.9194 -0.1585 0.3600
vn 0.9194 -0.3600 0.1584
vn 0.2402 -0.9405 0.2402
vn 0.3600 -0.9194 0.1584
vn 0.3251 -0.8881 0.3250
vn 0.1585 -0.9194 0.3600
vn 0.2403 -0.2403 -0.9405
vn 0.3601 -0.1585 -0.9194
vn 0.3251 -0.3251 -0.8880
vn 0.1585 -0.3601 -0.9194
vn 0.2402 -0.9405 -0.2402
vn 0.3251 -0.8881 -0.3250
vn 0.9406 -0.2401 -0.2402
vn 0.9194 -0.3599 -0.1584
vn 0.9194 -0.1584 -0.3600
vn -0.2402 -0.2402 -0.9405
vn -0.1585 -0.3601 -0.9194
vn -0.3251 -0.3251 -0.8880
vn -0.3601 -0.1585 -0.9194
vn -0.9405 -0.2402 -0.2402
vn -0.9194 -0.1585 -0.3600
vn -0.8880 -0.3251 -0.3251
vn -0.9194 -0.3600 -0.1584
vn -0.3599 -0.9194 -0.1585
vn -0.3250 -0.8881 -0.3250
vn -0.1584 -0.9194 -0.3600
vn -0.2402 -0.9405 0.2402
vn -0.3251 -0.8880 0.3251
vn -0.9406 -0.2401 0.2402
vn -0.9194 -0.1585 0.3600
vn -0.2402 -0.2402 0.9406
vn -0.3600 -0.1585 0.9194
vn -0.3250 -0.3251 0.8881
vn -0.1585 -0.3600 0.9194
vn -0.2401 0.2401 0.9406
vn -0.1585 0.3599 0.9194
vn -0.3251 0.3249 0.8881
vn -0.9405 0.2402 0.2402
vn -0.9194 0.1585 0.3600
vn -0.8880 0.3251 0.3252
vn -0.9194 0.3601 0.1585
vn -0.2401 0.9406 0.2402
vn -0.3600 0.9194 0.1584
vn -0.3250 0.8881 0.3250
vn -0.1585 0.9194 0.3599
vn -0.9405 0.2402 -0.2402
vn -0.9194 0.3601 -0.1585
vn -0.8880 0.3251 -0.3252
vn -0.9194 0.1585 -0.3601
vn -0.3251 0.3249 -0.8881
vn -0.1585 0.3599 -0.9194
vn -0.2401 0.9406 -0.2402
vn -0.1584 0.9194 -0.3600
vn -0.3250 0.8881 -0.3250
vn -0.3600 0.9194 -0.1584
vn 0.8881 0.3251 0.3250
vn 0.9194 0.1585 0.3599
vn 0.2402 0.2401 0.9406
vn 0.3599 0.1584 0.9194
vn 0.3251 0.3249 0.8881
vn 0.1585 0.9194 0.3600
vn 0.3251 0.8881 0.3250
vn 0.2402 0.2402 -0.9406
vn 0.3251 0.3249 -0.8881
vn 0.3599 0.1584 -0.9194
vn 0.9194 0.1585 -0.3599
vn 0.8881 0.3251 -0.3250
vn 0.9194 0.3600 -0.1584
vn 0.2402 0.9405 -0.2402
vn 0.3600 0.9194 -0.1584
vn 0.3251 0.8881 -0.3250
vn 0.1584 0.9194 -0.3600
vn 0.2402 -0.2401 -0.9406
vn 0.3251 -0.3249 -0.8881
vn 0.1584 -0.9194 -0.3599
vn 0.3599 -0.9194 -0.1585
vn 0.9194 -0.3600 -0.1585
vn 0.8881 -0.3251 -0.3250
vn 0.9194 -0.1585 -0.3599
vn 0.2402 -0.2402 0.9406
vn 0.1584 -0.3599 0.9194
vn 0.3251 -0.3249 0.8881
vn 0.3599 -0.1584 0.9194
vn 0.9194 -0.1585 0.3599
vn 0.8881 -0.3251 0.3250
vn 0.2403 0.2403 0.9405
vn 0.3601 0.1585 0.9193
vn 0.3251 0.3251 0.8880
vn 0.1585 0.3601 0.9194
vn 0.2402 0.9405 0.2402
vn 0.9406 0.2401 0.2402
vn 0.9194 0.3599 0.1584
vn 0.8881 0.3250 0.3250
vn -0.2402 0.2402 0.9405
vn -0.1585 0.3600 0.9194
vn -0.3251 0.3251 0.8880
vn -0.3601 0.1585 0.9194
vn -0.8880 0.3251 0.3251
vn -0.9194 0.3600 0.1584
vn -0.2402 0.9406 0.2401
vn -0.3599 0.9194 0.1585
vn -0.1584 0.9194 0.3600
vn -0.9194 0.3600 -0.1585
vn -0.8880 0.3251 -0.3251
vn -0.9194 0.1585 -0.3600
vn -0.2402 0.2403 -0.9405
vn -0.3601 0.1585 -0.9194
vn -0.3251 0.3251 -0.8880
vn -0.1585 0.3601 -0.9193
vn -0.2402 0.9405 -0.2402
vn 0.2402 0.2402 -0.9405
vn 0.1585 0.3601 -0.9194
vn 0.3251 0.3251 -0.8880
vn 0.3601 0.1585 -0.9194
vn 0.9194 0.1585 -0.3600
vn 0.8881 0.3250 -0.3250
vn 0.1585 0.9194 -0.3600
vn -0.2401 -0.2401 -0.9406
vn -0.1585 -0.3599 -0.9194
vn -0.3251 -0.3249 -0.8881
vn -0.8880 -0.3251 -0.3252
vn -0.9194 -0.3601 -0.1585
vn -0.2401 -0.9406 -0.2402
vn -0.3600 -0.9194 -0.1584
vn -0.1584 -0.9194 -0.3599
vn -0.3251 -0.3249 0.8881
vn -0.1585 -0.3599 0.9194
vn -0.2401 -0.9406 0.2402
vn -0.1584 -0.9194 0.3599
vn -0.3250 -0.8881 0.3250
vn -0.3599 -0.9194 0.1584
vn -0.9405 -0.2402 0.2402
vn -0.9194 -0.3601 0.1585
vn -0.8880 -0.3251 0.3252
vn -0.9194 -0.1585 0.3601
vn 0.2402 0.2401 -0.9406
vn 0.1585 0.3598 -0.9195
vn 0.3251 0.3248 -0.8881
vn 0.9406 0.2401 -0.2401
vn 0.9194 0.1584 -0.3599
vn 0.8881 0.3250 -0.3249
vn 0.9194 0.3599 -0.1584
vn 0.2402 0.9406 0.2401
vn 0.3600 0.9194 0.1584
vn 0.9406 0.2401 0.2401
vn 0.8881 0.3250 0.3249
vn 0.9194 0.1584 0.3599
vn 0.3600 0.1583 0.9194
vn 0.3251 0.3248 0.8881
vn 0.1585 0.3598 0.9195
vn 0.3914 -0.6778 -0.6224
vn 0.5137 -0.6871 -0.5138
vn 0.6222 -0.6780 -0.3915
vn 0.1995 -0.9594 -0.1996
vn 0.3005 -0.9489 -0.0964
vn 0.2024 -0.9581 -0.2025
vn 0.0964 -0.9489 -0.3005
vn 0.3914 -0.6778 0.6224
vn 0.5137 -0.6871 0.5138
vn 0.3915 -0.6778 0.6224
vn 0.1995 -0.9594 0.1996
vn 0.0964 -0.9489 0.3005
vn 0.2024 -0.9581 0.2025
vn 0.3005 -0.9489 0.0964
vn 0.6222 -0.6780 0.3915
vn 0.2402 -0.2401 0.9406
vn 0.1585 -0.3598 0.9195
vn 0.3251 -0.3248 0.8881
vn 0.3600 -0.1584 0.9194
vn 0.9406 -0.2401 0.2401
vn 0.9194 -0.1584 0.3599
vn 0.8881 -0.3250 0.3249
vn 0.9194 -0.3599 0.1584
vn 0.1584 -0.9194 0.3600
vn 0.2402 -0.9406 -0.2401
vn 0.3600 -0.9194 -0.1584
vn 0.9406 -0.2401 -0.2401
vn 0.8881 -0.3250 -0.3249
vn 0.3600 -0.1583 -0.9194
vn 0.3251 -0.3248 -0.8881
vn 0.1585 -0.3598 -0.9195
vn -0.3915 -0.6779 -0.6223
vn -0.5139 -0.6871 -0.5137
vn -0.5138 -0.6871 -0.5137
vn -0.3915 -0.6779 -0.6222
vn -0.1995 -0.9593 -0.1996
vn -0.0965 -0.9489 -0.3005
vn -0.2026 -0.9581 -0.2024
vn -0.3005 -0.9489 -0.0964
vn -0.6224 -0.6778 -0.3913
vn -0.6223 -0.6779 -0.3914
vn -0.3915 -0.6778 0.6224
vn -0.3915 -0.6778 0.6223
vn -0.5138 -0.6871 0.5137
vn -0.5139 -0.6870 0.5138
vn -0.6224 -0.6778 0.3913
vn -0.6224 -0.6779 0.3913
vn -0.1995 -0.9594 0.1995
vn -0.3005 -0.9489 0.0964
vn -0.2026 -0.9581 0.2024
vn -0.0965 -0.9489 0.3005
vn -0.9406 0.2402 0.2402
vn -0.8881 0.3251 0.3251
vn -0.2402 0.2401 -0.9406
vn -0.2402 0.9406 -0.2401
vn -0.1585 0.9194 -0.3599
vn -0.3599 0.9194 -0.1585
vn -0.9194 0.3600 -0.1584
vn -0.8881 0.3251 -0.3250
vn -0.9406 -0.2402 -0.2402
vn -0.8881 -0.3251 -0.3251
vn -0.3599 -0.9194 0.1585
vn -0.9194 -0.3600 0.1585
vn -0.8881 -0.3251 0.3251
vn -0.2402 -0.2401 0.9406
vn -0.3915 0.6777 -0.6225
vn -0.3915 0.6777 -0.6224
vn -0.5138 0.6870 -0.5138
vn -0.5139 0.6870 -0.5138
vn -0.6224 0.6779 -0.3913
vn -0.1996 0.9593 -0.1996
vn -0.3005 0.9489 -0.0964
vn -0.2026 0.9581 -0.2024
vn -0.0965 0.9489 -0.3005
vn -0.1995 0.9594 0.1996
vn -0.0965 0.9489 0.3004
vn -0.2025 0.9581 0.2024
vn -0.3005 0.9489 0.0964
vn -0.6224 0.6779 0.3913
vn -0.6224 0.6779 0.3914
vn -0.5138 0.6871 0.5137
vn -0.5138 0.6870 0.5137
vn -0.3914 0.6778 0.6223
vn -0.3915 0.6778 0.6223
vn 0.3914 0.6778 0.6224
vn 0.5137 0.6871 0.5138
vn 0.5137 0.6871 0.5139
vn 0.6222 0.6779 0.3915
vn 0.6222 0.6780 0.3915
vn 0.1995 0.9593 0.1996
vn 0.3005 0.9489 0.0964
vn 0.2026 0.9581 0.2023
vn 0.0964 0.9489 0.3005
vn 0.3914 0.6778 -0.6224
vn 0.5137 0.6871 -0.5138
vn 0.3915 0.6778 -0.6223
vn 0.1995 0.9593 -0.1996
vn 0.0964 0.9489 -0.3005
vn 0.2024 0.9581 -0.2026
vn 0.3005 0.9489 -0.0964
vn 0.6222 0.6779 -0.3915
vn 0.6222 0.6780 -0.3915
vn 0.3250 -0.8881 0.3250
vn 0.1584 -0.3600 0.9194
vn 0.3250 -0.3251 0.8881
vn 0.2402 -0.2402 -0.9406
vn 0.3600 -0.1584 -0.9194
vn 0.3251 -0.3250 -0.8881
vn 0.1585 -0.3600 -0.9194
vn 0.8881 -0.3250 -0.3251
vn 0.8881 -0.3250 0.3251
vn 0.9194 -0.3599 0.1585
vn 0.1585 -0.3600 0.9194
vn 0.3251 -0.3250 0.8881
vn 0.3600 -0.1585 0.9194
vn 0.3600 -0.1585 -0.9194
vn 0.3250 -0.3251 -0.8881
vn 0.1584 -0.3600 -0.9194
vn 0.1584 -0.9194 -0.3600
vn 0.3250 -0.8881 -0.3250
vn 0.9194 -0.3600 -0.1584
vn 0.6225 -0.6778 -0.3913
vn 0.5138 -0.6870 -0.5138
vn 0.6224 -0.6778 -0.3913
vn 0.1995 -0.9594 -0.1995
vn 0.3004 -0.9489 -0.0964
vn 0.2025 -0.9581 -0.2025
vn 0.0964 -0.9489 -0.3004
vn 0.3913 -0.6778 -0.6225
vn 0.5138 -0.6871 -0.5138
vn 0.6225 -0.6778 0.3913
vn 0.6224 -0.6778 0.3913
vn 0.5138 -0.6871 0.5138
vn 0.5138 -0.6870 0.5138
vn 0.3913 -0.6778 0.6224
vn 0.1995 -0.9594 0.1995
vn 0.2025 -0.9581 0.2025
vn 0.3004 -0.9489 0.0964
vn 0.3913 -0.6778 -0.6224
vn 0.3913 -0.6778 0.6225
vn 0.6778 -0.3913 0.6225
vn 0.6778 -0.3913 0.6224
vn 0.6871 -0.5138 0.5138
vn 0.6870 -0.5138 0.5138
vn 0.6778 -0.6225 0.3913
vn 0.6778 -0.6224 0.3913
vn 0.9594 -0.1995 0.1995
vn 0.9489 -0.3005 0.0964
vn 0.9581 -0.2025 0.2025
vn 0.9489 -0.0964 0.3004
vn 0.6777 -0.6226 -0.3913
vn 0.6778 -0.6225 -0.3913
vn 0.6870 -0.5138 -0.5138
vn 0.6778 -0.3913 -0.6225
vn 0.9594 -0.1995 -0.1995
vn 0.9489 -0.0964 -0.3005
vn 0.9581 -0.2025 -0.2025
vn 0.9489 -0.3005 -0.0964
vn 0.6778 -0.6224 0.3914
vn 0.9489 -0.0964 0.3005
vn 0.6871 -0.5138 -0.5138
vn 0.6778 -0.3913 -0.6224
vn 0.6778 -0.6224 -0.3913
vn 0.8881 -0.3251 0.3251
vn 0.3599 -0.1585 -0.9194
vn 0.1585 -0.9194 -0.3599
vn 0.3250 -0.8881 -0.3251
vn 0.3250 -0.8881 0.3251
vn 0.8881 -0.3251 -0.3251
vn -0.3828 -0.0000 -0.9238
vn -0.9239 -0.0000 -0.3827
vn -0.0000 -0.3828 0.9238
vn -0.9238 0.3830 -0.0000
vn -0.3828 0.9238 -0.0000
vn 0.9239 -0.0000 -0.3826
vn 0.3826 -0.0000 -0.9239
vn 0.3828 0.9238 -0.0000
vn -0.9238 -0.3830 -0.0000
vn -0.3828 -0.0000 0.9238
vn -0.9239 -0.0000 0.3827
vn 0.9239 -0.0000 0.3826
vn 0.3826 -0.0000 0.9239
vn -0.0000 -0.3830 -0.9238
vn -0.0000 -0.3830 0.9237
vn -0.0000 -0.3829 -0.9238
vn -0.3826 -0.0000 0.9239
vn -0.9239 -0.0000 0.3826
vn -0.9239 -0.0000 -0.3826
vn -0.3826 -0.0000 -0.9239
vn -0.0000 0.3826 0.9239
vn -0.0000 0.3830 -0.9237
vn 0.9237 -0.0000 0.3831
vn 0.9238 -0.0000 0.3829
vn 0.3828 -0.0000 0.9238
vn 0.3829 -0.0000 0.9238
vn -0.3830 -0.0000 0.9238
vn -0.9238 -0.0000 0.3828
vn 0.3829 -0.0000 -0.9238
vn 0.3828 -0.0000 -0.9238
vn 0.9238 -0.0000 -0.3829
vn 0.9237 -0.0000 -0.3831
vn -0.9205 0.3907 -0.0000
vn -0.9171 0.3987 -0.0000
vn -0.3771 0.9262 -0.0000
vn -0.3715 0.9284 -0.0000
vn 0.9171 0.3987 -0.0000
vn 0.9205 0.3907 -0.0000
vn 0.3715 0.9284 -0.0000
vn 0.3771 0.9262 -0.0000
vn 0.3827 -0.0000 0.9239
vn 0.3760 0.9266 -0.0000
vn 0.9212 0.3891 -0.0000
vn 0.9198 0.3923 -0.0000
vn -0.3760 0.9266 -0.0000
vn -0.9212 0.3891 -0.0000
vn -0.9198 0.3923 -0.0000
vn -0.9238 -0.0000 -0.3828
vn -0.3830 -0.0000 -0.9238
vn -0.3827 -0.0000 -0.9239
vn 0.3827 -0.0000 -0.9239
vn 0.9239 -0.0000 -0.3827
vn 0.9239 -0.0000 0.3827
vn -0.3251 -0.8881 -0.3250
vn -0.9406 -0.2401 -0.2401
vn -0.9194 -0.1584 -0.3599
vn -0.8881 -0.3250 -0.3250
vn -0.9194 -0.3599 -0.1585
vn -0.2402 -0.9406 0.2401
vn -0.3251 -0.8881 0.3250
vn -0.9406 -0.2401 0.2401
vn -0.9194 -0.3599 0.1584
vn -0.8881 -0.3250 0.3250
vn -0.9194 -0.1584 0.3599
vn -0.2401 -0.2402 0.9406
vn -0.3599 -0.1585 0.9194
vn 0.2401 -0.2402 -0.9406
vn -0.3251 0.8881 0.3250
vn -0.3251 0.3251 0.8881
vn -0.3600 0.1585 0.9194
vn -0.9406 0.2401 0.2402
vn -0.9194 0.3599 0.1584
vn 0.3599 0.9194 0.1585
vn 0.9405 0.2402 0.2402
vn 0.8881 0.3251 0.3251
vn 0.9194 0.1585 0.3600
vn 0.2402 0.2402 0.9405
vn 0.3600 0.1585 0.9194
vn 0.3251 0.3251 0.8881
vn 0.1585 0.3600 0.9194
vn -0.2402 -0.2402 0.9405
vn -0.3600 -0.1584 0.9194
vn -0.3251 -0.3251 0.8881
vn -0.3600 -0.9194 0.1584
vn -0.8881 -0.3251 0.3250
vn -0.1585 -0.3600 -0.9194
vn -0.3251 -0.3251 -0.8881
vn -0.3600 -0.1584 -0.9194
vn -0.8881 -0.3251 -0.3250
vn -0.9194 -0.3599 -0.1584
vn -0.1585 -0.9194 -0.3600
vn 0.9405 0.2402 -0.2402
vn 0.8881 0.3251 -0.3251
vn 0.1585 0.3600 -0.9194
vn 0.3251 0.3251 -0.8881
vn 0.3600 0.1585 -0.9194
vn 0.9405 -0.2402 -0.2402
vn 0.9194 -0.1585 -0.3600
vn 0.2402 -0.2402 -0.9405
vn 0.3251 -0.3251 -0.8881
vn 0.3251 -0.3251 0.8881
vn 0.9405 -0.2402 0.2402
vn -0.9406 0.2401 -0.2401
vn -0.2402 0.2402 -0.9405
vn -0.3600 0.1584 -0.9194
vn -0.3251 0.3251 -0.8881
vn -0.1585 0.3600 -0.9194
vn -0.3251 0.8881 -0.3250
vn -0.9194 0.3599 -0.1584
vn -0.8881 0.3250 -0.3250
vn -0.9194 0.1584 -0.3599
vn -0.3599 0.1585 -0.9194
vn 0.9194 0.3599 -0.1585
vn 0.9194 0.3599 0.1585
vn 0.2401 0.2402 0.9406
vn -0.9406 0.2401 0.2401
vn -0.8881 0.3250 0.3250
vn -0.9194 0.3599 0.1585
vn -0.0000 -0.9239 0.3826
vn -0.0000 -0.9239 -0.3826
vn -0.0000 0.3828 -0.9238
vn -0.0000 0.9239 -0.3826
vn -0.0000 0.9239 0.3826
vn -0.4690 0.8832 -0.0000
vn -0.3178 0.9481 -0.0000
vn 0.7166 -0.6975 -0.0000
vn -0.4690 -0.8832 -0.0000
vn -0.3178 -0.9482 -0.0000
vn -0.3178 -0.9481 -0.0000
vn 0.9687 -0.2482 -0.0000
vn 0.7166 0.6975 -0.0000
vn -0.3191 -0.9477 -0.0000
vn 0.2984 0.9545 -0.0000
vn -0.1580 0.9874 -0.0000
vn 0.2984 -0.9545 -0.0000
vn -0.1580 -0.9874 -0.0000
vn 0.0150 0.0064 -0.9999
vn 0.0074 0.0032 -1.0000
vn 0.0093 0.0024 -1.0000
vn 0.0242 0.0064 -0.9997
vn 0.0022 0.0024 -1.0000
vn -0.3827 -0.0000 0.9239
vn 0.0057 0.0063 -1.0000
vn 0.9687 0.2482 -0.0000
vn -0.0000 0.0001 1.0000
vn -0.0000 0.0001 -1.0000
vn 0.0150 0.0064 0.9999
vn 0.0242 0.0064 0.9997
vn 0.0093 0.0024 1.0000
vn 0.0074 0.0032 1.0000
vn 0.0022 0.0024 1.0000
vn 0.0057 0.0063 1.0000
vn -0.0000 -0.3828 -0.9238
vt 0.339649 0.802155
vt 0.395126 0.802155
vt 0.395126 0.746865
vt 0.339649 0.746865
vt 0.084777 0.387275
vt 0.029487 0.387275
vt 0.029487 0.442636
vt 0.084777 0.442636
vt 0.672509 0.969703
vt 0.727986 0.969703
vt 0.727986 0.913854
vt 0.672509 0.913854
vt 0.727986 0.858004
vt 0.672509 0.858004
vt 0.727986 0.802155
vt 0.672509 0.802155
vt 0.922729 0.908316
vt 0.931764 0.908347
vt 0.931794 0.858243
vt 0.922797 0.858232
vt 0.923010 0.607829
vt 0.932045 0.607860
vt 0.932846 0.557983
vt 0.922112 0.557762
vt 0.084777 0.276554
vt 0.029487 0.276554
vt 0.029487 0.331914
vt 0.084777 0.331914
vt 0.471805 0.331914
vt 0.416515 0.331914
vt 0.416515 0.387275
vt 0.471805 0.387275
vt 0.361226 0.331914
vt 0.361226 0.387275
vt 0.305936 0.331914
vt 0.305936 0.387275
vt 0.250646 0.331914
vt 0.250646 0.387275
vt 0.195356 0.331914
vt 0.195356 0.387275
vt 0.140067 0.331914
vt 0.140067 0.387275
vt 0.471805 0.276554
vt 0.416515 0.276554
vt 0.361226 0.276554
vt 0.305936 0.276554
vt 0.250646 0.276554
vt 0.195356 0.276554
vt 0.140067 0.276554
vt 0.921928 0.958193
vt 0.932662 0.958414
vt 0.361226 0.221748
vt 0.305936 0.221748
vt 0.250646 0.221748
vt 0.195356 0.221748
vt 0.140067 0.221748
vt 0.084777 0.221748
vt 0.282564 0.913854
vt 0.257510 0.913854
vt 0.257510 0.969703
vt 0.282564 0.969703
vt 0.027543 0.221748
vt 0.002914 0.221748
vt 0.002914 0.276554
vt 0.027543 0.276554
vt 0.931841 0.808168
vt 0.922842 0.808157
vt 0.931886 0.758094
vt 0.922887 0.758083
vt 0.931931 0.708019
vt 0.922933 0.708009
vt 0.931976 0.657944
vt 0.922979 0.657934
vt 0.416515 0.221748
vt 0.284173 0.858004
vt 0.339649 0.858004
vt 0.284173 0.802155
vt 0.395126 0.858004
vt 0.450603 0.858004
vt 0.450603 0.802155
vt 0.506079 0.858004
vt 0.506079 0.802155
vt 0.561556 0.858004
vt 0.561556 0.802155
vt 0.617033 0.858004
vt 0.617033 0.802155
vt 0.284173 0.913854
vt 0.339649 0.913854
vt 0.395126 0.913854
vt 0.450603 0.913854
vt 0.506079 0.913854
vt 0.561556 0.913854
vt 0.617033 0.913854
vt 0.284173 0.969703
vt 0.339649 0.969703
vt 0.395126 0.969703
vt 0.450603 0.969703
vt 0.506079 0.969703
vt 0.561556 0.969703
vt 0.617033 0.969703
vt 0.416515 0.442636
vt 0.471805 0.442636
vt 0.361226 0.442636
vt 0.305936 0.442636
vt 0.250646 0.442636
vt 0.195356 0.442636
vt 0.140067 0.442636
vt 0.932975 0.555155
vt 0.934611 0.519333
vt 0.920156 0.519435
vt 0.921969 0.554958
vt 0.672509 0.746865
vt 0.617033 0.746865
vt 0.561556 0.746865
vt 0.506079 0.746865
vt 0.450603 0.746865
vt 0.921821 0.960526
vt 0.920162 0.996844
vt 0.934618 0.996742
vt 0.932780 0.960727
vt 0.029487 0.221748
vt 0.282564 0.746865
vt 0.257510 0.746865
vt 0.257510 0.802155
vt 0.282564 0.802155
vt 0.931095 0.015632
vt 0.966995 0.017517
vt 0.967001 0.003175
vt 0.931360 0.004732
vt 0.618619 0.461966
vt 0.618536 0.470886
vt 0.668199 0.471339
vt 0.668301 0.462381
vt 0.027543 0.444637
vt 0.027543 0.469761
vt 0.029487 0.469761
vt 0.029487 0.444637
vt 0.339649 0.971722
vt 0.339649 0.997068
vt 0.395126 0.997068
vt 0.395126 0.971722
vt 0.473409 0.444637
vt 0.473409 0.469761
vt 0.498378 0.469761
vt 0.498378 0.444637
vt 0.720521 0.472643
vt 0.756422 0.474527
vt 0.756428 0.460185
vt 0.720786 0.461743
vt 0.575523 0.025723
vt 0.575492 0.034759
vt 0.625597 0.034789
vt 0.625607 0.025792
vt 0.876010 0.026004
vt 0.875979 0.035039
vt 0.925856 0.035840
vt 0.926077 0.025106
vt 0.825905 0.025974
vt 0.825895 0.034970
vt 0.675671 0.034836
vt 0.675682 0.025837
vt 0.727986 0.746865
vt 0.779429 0.013528
vt 0.779533 0.004476
vt 0.731158 0.003179
vt 0.730929 0.014342
vt 0.416515 0.444637
vt 0.416515 0.469761
vt 0.471805 0.469761
vt 0.471805 0.444637
vt 0.525646 0.024923
vt 0.525425 0.035657
vt 0.002914 0.331914
vt 0.027543 0.331914
vt 0.729937 0.969703
vt 0.754648 0.969703
vt 0.754648 0.913854
vt 0.729937 0.913854
vt 0.027543 0.387275
vt 0.002914 0.387275
vt 0.002914 0.442636
vt 0.027543 0.442636
vt 0.282564 0.858004
vt 0.257510 0.858004
vt 0.282564 0.971722
vt 0.282564 0.997068
vt 0.284173 0.997068
vt 0.284173 0.971722
vt 0.520584 0.460197
vt 0.520356 0.471360
vt 0.568856 0.470544
vt 0.568960 0.461493
vt 0.729937 0.802155
vt 0.754648 0.802155
vt 0.754648 0.746865
vt 0.729937 0.746865
vt 0.473409 0.387275
vt 0.498378 0.387275
vt 0.498378 0.331914
vt 0.473409 0.331914
vt 0.829109 0.013872
vt 0.829192 0.004951
vt 0.498378 0.276554
vt 0.473409 0.276554
vt 0.878772 0.014326
vt 0.878874 0.005368
vt 0.729937 0.971722
vt 0.729937 0.997068
vt 0.754648 0.997068
vt 0.754648 0.971722
vt 0.471805 0.221748
vt 0.717662 0.472493
vt 0.717948 0.461868
vt 0.729937 0.858004
vt 0.754648 0.858004
vt 0.284173 0.746865
vt 0.928684 0.035969
vt 0.964506 0.037605
vt 0.964404 0.023150
vt 0.928882 0.024963
vt 0.672509 0.971722
vt 0.672509 0.997068
vt 0.727986 0.997068
vt 0.727986 0.971722
vt 0.195356 0.444637
vt 0.195356 0.469761
vt 0.250646 0.469761
vt 0.250646 0.444637
vt 0.305936 0.469761
vt 0.305936 0.444637
vt 0.361226 0.469761
vt 0.361226 0.444637
vt 0.523313 0.024816
vt 0.486996 0.023157
vt 0.487097 0.037613
vt 0.523112 0.035775
vt 0.617033 0.971722
vt 0.617033 0.997068
vt 0.084777 0.469761
vt 0.084777 0.444637
vt 0.473409 0.442636
vt 0.498378 0.442636
vt 0.140067 0.469761
vt 0.140067 0.444637
vt 0.450603 0.997068
vt 0.450603 0.971722
vt 0.928235 0.015482
vt 0.928521 0.004856
vt 0.506079 0.997068
vt 0.506079 0.971722
vt 0.775831 0.025927
vt 0.775820 0.034926
vt 0.561556 0.997068
vt 0.561556 0.971722
vt 0.725756 0.025882
vt 0.725746 0.034881
vt 0.498378 0.221748
vt 0.498784 0.221748
vt 0.498784 0.221335
vt 0.498378 0.221335
vt 0.919502 0.996857
vt 0.919593 0.997390
vt 0.920123 0.997490
vt 0.519805 0.471388
vt 0.519852 0.471889
vt 0.520341 0.472012
vt 0.257510 0.746448
vt 0.257102 0.746448
vt 0.257102 0.746865
vt 0.520580 0.459539
vt 0.520087 0.459650
vt 0.520025 0.460151
vt 0.934663 0.997376
vt 0.935183 0.997273
vt 0.935269 0.996750
vt 0.002914 0.221335
vt 0.002508 0.221335
vt 0.002508 0.221748
vt 0.731153 0.002520
vt 0.730661 0.002632
vt 0.730599 0.003132
vt 0.920111 0.518801
vt 0.919590 0.518903
vt 0.919504 0.519427
vt 0.755056 0.746865
vt 0.755056 0.746448
vt 0.754648 0.746448
vt 0.935272 0.519319
vt 0.935181 0.518787
vt 0.934650 0.518687
vt 0.730378 0.014370
vt 0.730425 0.014871
vt 0.730914 0.014994
vt 0.257510 0.997068
vt 0.257102 0.997068
vt 0.257102 0.997485
vt 0.257510 0.997485
vt 0.486982 0.022497
vt 0.486450 0.022588
vt 0.486349 0.023118
vt 0.757060 0.460143
vt 0.756962 0.459623
vt 0.756440 0.459533
vt 0.498378 0.470174
vt 0.498784 0.470174
vt 0.498784 0.469761
vt 0.756431 0.475187
vt 0.756962 0.475099
vt 0.757065 0.474571
vt 0.486464 0.037658
vt 0.486566 0.038178
vt 0.487090 0.038264
vt 0.967633 0.003133
vt 0.967535 0.002613
vt 0.967013 0.002523
vt 0.002914 0.469761
vt 0.002508 0.469761
vt 0.002508 0.470174
vt 0.002914 0.470174
vt 0.964520 0.038266
vt 0.965052 0.038174
vt 0.965152 0.037644
vt 0.967004 0.018177
vt 0.967535 0.018089
vt 0.967638 0.017561
vt 0.965038 0.023104
vt 0.964936 0.022584
vt 0.964412 0.022498
vt 0.754648 0.997485
vt 0.755056 0.997485
vt 0.755056 0.997068
vt 0.932917 0.607863
vt 0.933604 0.558003
vt 0.672509 0.746448
vt 0.727986 0.746448
vt 0.084777 0.221335
vt 0.029487 0.221335
vt 0.922136 0.607840
vt 0.921358 0.557789
vt 0.933416 0.958388
vt 0.932637 0.908337
vt 0.284173 0.746448
vt 0.339649 0.746448
vt 0.932668 0.858239
vt 0.395126 0.746448
vt 0.932714 0.808164
vt 0.450603 0.746448
vt 0.932759 0.758090
vt 0.506079 0.746448
vt 0.932804 0.708016
vt 0.561556 0.746448
vt 0.932849 0.657941
vt 0.617033 0.746448
vt 0.471805 0.221335
vt 0.416515 0.221335
vt 0.921169 0.958174
vt 0.921857 0.908314
vt 0.361226 0.221335
vt 0.921924 0.858236
vt 0.305936 0.221335
vt 0.921969 0.808161
vt 0.250646 0.221335
vt 0.922014 0.758086
vt 0.195356 0.221335
vt 0.922059 0.708012
vt 0.140067 0.221335
vt 0.922106 0.657938
vt 0.257102 0.913854
vt 0.257102 0.969703
vt 0.668296 0.461515
vt 0.717927 0.461123
vt 0.002508 0.387275
vt 0.002508 0.442636
vt 0.878870 0.004502
vt 0.928501 0.004111
vt 0.498784 0.442636
vt 0.498784 0.387275
vt 0.717637 0.473251
vt 0.668190 0.472203
vt 0.498784 0.331914
vt 0.618534 0.471753
vt 0.498784 0.276554
vt 0.568863 0.471400
vt 0.257102 0.802155
vt 0.568970 0.460628
vt 0.257102 0.858004
vt 0.618622 0.461100
vt 0.002508 0.276554
vt 0.779543 0.003611
vt 0.002508 0.331914
vt 0.829195 0.004085
vt 0.755056 0.969703
vt 0.755056 0.913854
vt 0.928210 0.016240
vt 0.878763 0.015190
vt 0.755056 0.858004
vt 0.829107 0.014738
vt 0.755056 0.802155
vt 0.779436 0.014384
vt 0.933726 0.555172
vt 0.729937 0.746448
vt 0.282564 0.746448
vt 0.933528 0.960703
vt 0.473409 0.221748
vt 0.473409 0.221335
vt 0.921069 0.960508
vt 0.921222 0.554982
vt 0.027543 0.221335
vt 0.416515 0.470174
vt 0.471805 0.470174
vt 0.575503 0.035632
vt 0.525451 0.036411
vt 0.672509 0.997485
vt 0.727986 0.997485
vt 0.875999 0.025130
vt 0.926050 0.024351
vt 0.029487 0.470174
vt 0.084777 0.470174
vt 0.925837 0.036598
vt 0.875977 0.035911
vt 0.140067 0.470174
vt 0.825898 0.035844
vt 0.195356 0.470174
vt 0.775824 0.035799
vt 0.250646 0.470174
vt 0.725749 0.035754
vt 0.305936 0.470174
vt 0.675675 0.035709
vt 0.361226 0.470174
vt 0.625600 0.035663
vt 0.284173 0.997485
vt 0.339649 0.997485
vt 0.525665 0.024164
vt 0.575525 0.024852
vt 0.395126 0.997485
vt 0.625603 0.024919
vt 0.450603 0.997485
vt 0.675678 0.024964
vt 0.506079 0.997485
vt 0.725753 0.025009
vt 0.561556 0.997485
vt 0.775827 0.025054
vt 0.617033 0.997485
vt 0.825902 0.025100
vt 0.282564 0.997485
vt 0.523331 0.024064
vt 0.473409 0.470174
vt 0.523136 0.036523
vt 0.928667 0.036720
vt 0.027543 0.470174
vt 0.928857 0.024216
vt 0.729937 0.997485
vt 0.720768 0.461005
vt 0.257102 0.971722
vt 0.257510 0.971722
vt 0.931342 0.003994
vt 0.002508 0.444637
vt 0.002914 0.444637
vt 0.755056 0.971722
vt 0.931072 0.016383
vt 0.720499 0.473394
vt 0.498784 0.444637
vt 0.875574 0.337228
vt 0.876093 0.358059
vt 0.885510 0.358618
vt 0.887066 0.336858
vt 0.829597 0.855223
vt 0.820229 0.854737
vt 0.820545 0.871280
vt 0.829672 0.871722
vt 0.941114 0.068820
vt 0.941564 0.085466
vt 0.949467 0.085682
vt 0.950229 0.068402
vt 0.761665 0.486505
vt 0.759201 0.504416
vt 0.782598 0.503553
vt 0.779131 0.486505
vt 0.941118 0.193439
vt 0.932195 0.086405
vt 0.933233 0.193460
vt 0.354652 0.005970
vt 0.354649 0.013926
vt 0.461294 0.014375
vt 0.460702 0.005041
vt 0.884050 0.457771
vt 0.874958 0.457780
vt 0.874787 0.503291
vt 0.882105 0.503488
vt 0.822925 0.597462
vt 0.828282 0.547907
vt 0.825642 0.547582
vt 0.820507 0.597199
vt 0.018774 0.014351
vt 0.018515 0.022974
vt 0.034793 0.022599
vt 0.034663 0.014995
vt 0.461198 0.022000
vt 0.477578 0.022286
vt 0.477213 0.013642
vt 0.914394 0.630307
vt 0.914394 0.514108
vt 0.892438 0.514108
vt 0.892437 0.630307
vt 0.828087 0.995809
vt 0.826251 0.968295
vt 0.803296 0.969628
vt 0.803845 0.997034
vt 0.942198 0.514122
vt 0.941632 0.530008
vt 0.950241 0.530234
vt 0.949795 0.513977
vt 0.460584 0.094951
vt 0.511119 0.095292
vt 0.510964 0.073961
vt 0.460299 0.073780
vt 0.948604 0.193325
vt 0.763581 0.515105
vt 0.780468 0.514225
vt 0.782647 0.504190
vt 0.759226 0.505077
vt 0.914394 0.495689
vt 0.892438 0.495689
vt 0.858570 0.153499
vt 0.858345 0.163465
vt 0.905465 0.166561
vt 0.906251 0.157566
vt 0.827832 0.518710
vt 0.802651 0.518363
vt 0.801649 0.546943
vt 0.631687 0.093246
vt 0.631701 0.094928
vt 0.705610 0.095012
vt 0.705650 0.093071
vt 0.814393 0.760558
vt 0.812847 0.678411
vt 0.796085 0.680216
vt 0.797904 0.760639
vt 0.746981 0.425455
vt 0.732023 0.425715
vt 0.730845 0.435231
vt 0.750646 0.435356
vt 0.876328 0.790363
vt 0.875700 0.811041
vt 0.887074 0.811412
vt 0.885675 0.789867
vt 0.831834 0.802967
vt 0.822394 0.802298
vt 0.822391 0.820828
vt 0.831831 0.821497
vt 0.885452 0.871708
vt 0.887050 0.852221
vt 0.883970 0.852568
vt 0.882705 0.871710
vt 0.742419 0.210063
vt 0.845884 0.213331
vt 0.844880 0.186998
vt 0.742204 0.189866
vt 0.821953 0.843356
vt 0.831322 0.843844
vt 0.831008 0.827301
vt 0.821882 0.826857
vt 0.748313 0.453731
vt 0.750649 0.435977
vt 0.730847 0.435725
vt 0.733350 0.454559
vt 0.803245 0.096689
vt 0.854649 0.096410
vt 0.854536 0.093283
vt 0.803224 0.094327
vt 0.829696 0.852416
vt 0.820251 0.851957
vt 0.952382 0.635180
vt 0.954232 0.632913
vt 0.941143 0.626671
vt 0.939693 0.629007
vt 0.534955 0.153956
vt 0.535123 0.163921
vt 0.582265 0.164719
vt 0.582160 0.149640
vt 0.914394 0.997328
vt 0.914394 0.978909
vt 0.892437 0.978909
vt 0.892438 0.997328
vt 0.925507 0.065034
vt 0.919448 0.080469
vt 0.940993 0.084846
vt 0.940625 0.068817
vt 0.534850 0.146823
vt 0.581976 0.144608
vt 0.864015 0.854039
vt 0.883914 0.852064
vt 0.880798 0.842812
vt 0.865654 0.844242
vt 0.852503 0.071994
vt 0.803657 0.073323
vt 0.631629 0.077968
vt 0.704907 0.075383
vt 0.821241 0.921465
vt 0.815169 0.873874
vt 0.797943 0.877038
vt 0.801950 0.922943
vt 0.883223 0.645466
vt 0.875923 0.645714
vt 0.875751 0.691184
vt 0.884854 0.691274
vt 0.460544 0.097264
vt 0.511131 0.097698
vt 0.875657 0.740748
vt 0.884297 0.740925
vt 0.752206 0.096559
vt 0.752234 0.094149
vt 0.729397 0.425416
vt 0.727817 0.435356
vt 0.823520 0.921206
vt 0.818399 0.873761
vt 0.875160 0.407998
vt 0.883843 0.407872
vt 0.816473 0.760545
vt 0.815503 0.678558
vt 0.800196 0.595674
vt 0.869059 0.574537
vt 0.875355 0.574504
vt 0.867487 0.503539
vt 0.813445 0.843921
vt 0.796424 0.842027
vt 0.814381 0.647716
vt 0.795985 0.643999
vt 0.696705 0.145107
vt 0.696733 0.149680
vt 0.776720 0.147764
vt 0.776719 0.143096
vt 0.557706 0.094465
vt 0.558448 0.076670
vt 0.865839 0.457695
vt 0.868606 0.645519
vt 0.866680 0.691188
vt 0.978340 0.741049
vt 0.978097 0.739137
vt 0.950395 0.738669
vt 0.950050 0.740611
vt 0.881651 0.574471
vt 0.557759 0.096407
vt 0.487237 0.157681
vt 0.467298 0.157560
vt 0.467212 0.168541
vt 0.487953 0.166675
vt 0.938903 0.626452
vt 0.940816 0.626209
vt 0.941290 0.598496
vt 0.939346 0.598150
vt 0.954415 0.595024
vt 0.941805 0.598520
vt 0.941363 0.626218
vt 0.954394 0.632378
vt 0.811352 0.148783
vt 0.811605 0.143743
vt 0.616822 0.148776
vt 0.616810 0.144108
vt 0.858718 0.146368
vt 0.905923 0.146418
vt 0.832075 0.519049
vt 0.752791 0.072675
vt 0.832480 0.737673
vt 0.823040 0.737005
vt 0.823037 0.755534
vt 0.832477 0.756203
vt 0.987069 0.727571
vt 0.984803 0.725721
vt 0.978559 0.738810
vt 0.980895 0.740261
vt 0.866050 0.407934
vt 0.864442 0.358649
vt 0.727852 0.435832
vt 0.730651 0.454856
vt 0.866605 0.740774
vt 0.864092 0.854641
vt 0.867721 0.871560
vt 0.821855 0.846163
vt 0.831299 0.846624
vt 0.354762 0.021356
vt 0.887025 0.851727
vt 0.883454 0.842031
vt 0.926265 0.168529
vt 0.926166 0.157537
vt 0.832095 0.995380
vt 0.828728 0.968034
vt 0.946408 0.725639
vt 0.944142 0.726971
vt 0.947653 0.739229
vt 0.949985 0.738296
vt 0.946910 0.725544
vt 0.950419 0.738155
vt 0.978106 0.738590
vt 0.984268 0.725559
vt 0.696706 0.159376
vt 0.776242 0.160188
vt 0.954321 0.594522
vt 0.952988 0.592256
vt 0.940730 0.595772
vt 0.941664 0.598085
vt 0.921043 0.091062
vt 0.920823 0.091079
vt 0.920845 0.091257
vt 0.921018 0.091303
vt 0.428570 0.213344
vt 0.428020 0.213392
vt 0.428067 0.213915
vt 0.428577 0.214040
vt 0.035258 0.005628
vt 0.035252 0.005414
vt 0.035089 0.005448
vt 0.035063 0.005611
vt 0.780469 0.514475
vt 0.780652 0.514442
vt 0.780689 0.514259
vt 0.460895 0.005023
vt 0.460867 0.004859
vt 0.460704 0.004828
vt 0.845898 0.214046
vt 0.846422 0.213896
vt 0.846446 0.213354
vt 0.883641 0.841957
vt 0.883564 0.841813
vt 0.883402 0.841834
vt 0.409691 0.096091
vt 0.409411 0.096102
vt 0.409422 0.096368
vt 0.409677 0.096444
vt 0.487617 0.146521
vt 0.487611 0.146206
vt 0.487383 0.146269
vt 0.487367 0.146505
vt 0.906173 0.146402
vt 0.906157 0.146166
vt 0.905929 0.146104
vt 0.854662 0.096773
vt 0.854924 0.096697
vt 0.854936 0.096424
vt 0.729412 0.425220
vt 0.729255 0.425229
vt 0.729206 0.425380
vt 0.832480 0.756424
vt 0.832682 0.756412
vt 0.832738 0.756216
vt 0.892432 0.495525
vt 0.892298 0.495549
vt 0.892273 0.495683
vt 0.950476 0.068396
vt 0.950431 0.068208
vt 0.950239 0.068188
vt 0.892273 0.997334
vt 0.892298 0.997467
vt 0.892432 0.997492
vt 0.822133 0.820832
vt 0.822175 0.821023
vt 0.822370 0.821050
vt 0.950251 0.530432
vt 0.950428 0.530413
vt 0.950470 0.530238
vt 0.803388 0.997072
vt 0.803476 0.997431
vt 0.803843 0.997475
vt 0.831246 0.827293
vt 0.831205 0.827115
vt 0.831024 0.827092
vt 0.887091 0.811670
vt 0.887325 0.811642
vt 0.887377 0.811411
vt 0.829678 0.871928
vt 0.829861 0.871911
vt 0.829908 0.871732
vt 0.802637 0.517905
vt 0.802260 0.517958
vt 0.802176 0.518329
vt 0.887374 0.336859
vt 0.887322 0.336622
vt 0.887083 0.336593
vt 0.829900 0.852413
vt 0.829874 0.852251
vt 0.829713 0.852218
vt 0.466963 0.168562
vt 0.466995 0.168788
vt 0.467220 0.168832
vt 0.832493 0.519083
vt 0.832452 0.518760
vt 0.832135 0.518688
vt 0.926258 0.168824
vt 0.926485 0.168779
vt 0.926518 0.168552
vt 0.831302 0.846819
vt 0.831464 0.846798
vt 0.831501 0.846638
vt 0.832157 0.995721
vt 0.832455 0.995649
vt 0.832489 0.995344
vt 0.936452 0.094000
vt 0.936396 0.094226
vt 0.936568 0.094239
vt 0.936645 0.094083
vt 0.932172 0.086211
vt 0.932009 0.086242
vt 0.931980 0.086405
vt 0.427566 0.187011
vt 0.427552 0.186295
vt 0.427028 0.186445
vt 0.427004 0.186988
vt 0.747192 0.425396
vt 0.747134 0.425229
vt 0.746959 0.425221
vt 0.852945 0.071943
vt 0.852896 0.071531
vt 0.852491 0.071442
vt 0.864766 0.789734
vt 0.864439 0.789732
vt 0.864498 0.789971
vt 0.864743 0.789993
vt 0.411987 0.071984
vt 0.411998 0.071438
vt 0.411599 0.071527
vt 0.411550 0.071933
vt 0.865643 0.844011
vt 0.865474 0.844047
vt 0.865445 0.844219
vt 0.864419 0.358388
vt 0.864171 0.358412
vt 0.864113 0.358653
vt 0.763355 0.515179
vt 0.763424 0.515360
vt 0.763616 0.515364
vt 0.845430 0.186949
vt 0.845383 0.186426
vt 0.844873 0.186301
vt 0.932865 0.513629
vt 0.932652 0.513636
vt 0.932686 0.513798
vt 0.932850 0.513823
vt 0.822390 0.802077
vt 0.822188 0.802090
vt 0.822133 0.802285
vt 0.914400 0.997492
vt 0.914534 0.997467
vt 0.914558 0.997334
vt 0.477587 0.022519
vt 0.477763 0.022473
vt 0.477780 0.022293
vt 0.832738 0.737670
vt 0.832695 0.737478
vt 0.832501 0.737451
vt 0.018316 0.022983
vt 0.018334 0.023161
vt 0.018509 0.023204
vt 0.914558 0.495683
vt 0.914533 0.495549
vt 0.914400 0.495525
vt 0.941405 0.530008
vt 0.941441 0.530181
vt 0.941615 0.530207
vt 0.831834 0.821718
vt 0.832036 0.821705
vt 0.832092 0.821509
vt 0.761665 0.486201
vt 0.761424 0.486230
vt 0.761364 0.486466
vt 0.941085 0.068608
vt 0.940892 0.068644
vt 0.940881 0.068837
vt 0.940695 0.068558
vt 0.822779 0.755538
vt 0.822821 0.755729
vt 0.823016 0.755756
vt 0.782959 0.503935
vt 0.782892 0.503875
vt 0.782643 0.503880
vt 0.782964 0.503806
vt 0.461573 0.014120
vt 0.461566 0.014026
vt 0.461474 0.014048
vt 0.919327 0.081073
vt 0.919359 0.080781
vt 0.919112 0.080746
vt 0.919037 0.080799
vt 0.034482 0.014670
vt 0.034391 0.014648
vt 0.034384 0.014742
vt 0.919049 0.080668
vt 0.823036 0.736784
vt 0.822834 0.736796
vt 0.822779 0.736992
vt 0.925573 0.064768
vt 0.925355 0.064741
vt 0.925250 0.064934
vt 0.018775 0.014123
vt 0.018601 0.014158
vt 0.018575 0.014333
vt 0.477409 0.013623
vt 0.477383 0.013450
vt 0.477211 0.013416
vt 0.779425 0.486454
vt 0.779359 0.486224
vt 0.779122 0.486201
vt 0.832092 0.802964
vt 0.832049 0.802772
vt 0.831855 0.802745
vt 0.887066 0.851963
vt 0.887274 0.851940
vt 0.887322 0.851883
vt 0.487012 0.157297
vt 0.486902 0.157272
vt 0.486895 0.157385
vt 0.887342 0.851990
vt 0.727564 0.435544
vt 0.727615 0.435591
vt 0.727810 0.435588
vt 0.727559 0.435643
vt 0.906594 0.157272
vt 0.906588 0.157159
vt 0.906478 0.157183
vt 0.821876 0.826651
vt 0.821692 0.826668
vt 0.821646 0.826847
vt 0.748323 0.454005
vt 0.748542 0.453976
vt 0.748596 0.453762
vt 0.875404 0.811043
vt 0.875451 0.811267
vt 0.875678 0.811300
vt 0.820307 0.871288
vt 0.820349 0.871465
vt 0.820530 0.871488
vt 0.875553 0.336970
vt 0.875328 0.337002
vt 0.875279 0.337225
vt 0.867448 0.871609
vt 0.867513 0.871815
vt 0.867729 0.871830
vt 0.820248 0.851761
vt 0.820086 0.851782
vt 0.820049 0.851942
vt 0.885457 0.871942
vt 0.885660 0.871927
vt 0.885717 0.871731
vt 0.467290 0.157275
vt 0.467075 0.157326
vt 0.467048 0.157545
vt 0.926413 0.157523
vt 0.926388 0.157306
vt 0.926176 0.157255
vt 0.730392 0.454898
vt 0.730463 0.455087
vt 0.730664 0.455087
vt 0.821650 0.846166
vt 0.821676 0.846328
vt 0.821837 0.846361
vt 0.863733 0.854288
vt 0.863798 0.854342
vt 0.864033 0.854329
vt 0.863733 0.854409
vt 0.875777 0.357707
vt 0.875659 0.357716
vt 0.875687 0.357831
vt 0.875923 0.790588
vt 0.875895 0.790702
vt 0.876012 0.790711
vt 0.751001 0.435697
vt 0.750923 0.435635
vt 0.750673 0.435653
vt 0.750985 0.435567
vt 0.940892 0.085440
vt 0.941236 0.085290
vt 0.941193 0.085218
vt 0.940963 0.085154
vt 0.941289 0.085177
vt 0.941235 0.085298
vt 0.759185 0.504765
vt 0.758918 0.504790
vt 0.758853 0.504866
vt 0.941874 0.514305
vt 0.941852 0.514397
vt 0.941946 0.514403
vt 0.758832 0.504725
vt 0.817803 0.647793
vt 0.817801 0.648062
vt 0.818053 0.648064
vt 0.818138 0.647827
vt 0.582273 0.165112
vt 0.582559 0.165030
vt 0.582571 0.164733
vt 0.952270 0.635387
vt 0.952441 0.635455
vt 0.952568 0.635322
vt 0.953173 0.592157
vt 0.953080 0.592020
vt 0.952919 0.592056
vt 0.617085 0.161171
vt 0.616848 0.161189
vt 0.616875 0.161399
vt 0.617082 0.161446
vt 0.815718 0.678551
vt 0.815682 0.678389
vt 0.815518 0.678367
vt 0.816141 0.843721
vt 0.816160 0.843916
vt 0.816326 0.843889
vt 0.816360 0.843724
vt 0.776249 0.160464
vt 0.776455 0.160415
vt 0.776480 0.160206
vt 0.987277 0.727683
vt 0.987345 0.727512
vt 0.987212 0.727385
vt 0.944042 0.726786
vt 0.943906 0.726879
vt 0.943941 0.727040
vt 0.811213 0.163859
vt 0.810907 0.163875
vt 0.810920 0.164171
vt 0.811207 0.164252
vt 0.818715 0.873722
vt 0.818631 0.873501
vt 0.818393 0.873507
vt 0.949854 0.740578
vt 0.949730 0.740777
vt 0.949755 0.740880
vt 0.810882 0.149192
vt 0.810894 0.149348
vt 0.811046 0.149310
vt 0.947517 0.739553
vt 0.947604 0.739555
vt 0.947743 0.739423
vt 0.978629 0.741337
vt 0.978657 0.741233
vt 0.978537 0.741027
vt 0.980760 0.740453
vt 0.980886 0.740624
vt 0.980981 0.740638
vt 0.776954 0.148237
vt 0.777083 0.148280
vt 0.777105 0.148145
vt 0.939379 0.597955
vt 0.939180 0.597831
vt 0.939076 0.597855
vt 0.616427 0.149166
vt 0.616449 0.149303
vt 0.616581 0.149259
vt 0.940405 0.595636
vt 0.940402 0.595723
vt 0.940535 0.595863
vt 0.938616 0.626741
vt 0.938719 0.626768
vt 0.938925 0.626649
vt 0.939500 0.628872
vt 0.939330 0.628998
vt 0.939316 0.629093
vt 0.582464 0.150162
vt 0.582615 0.150200
vt 0.582628 0.150045
vt 0.984727 0.725307
vt 0.984642 0.725351
vt 0.984557 0.725599
vt 0.984596 0.725246
vt 0.813763 0.844225
vt 0.813871 0.844205
vt 0.813833 0.844102
vt 0.946633 0.725251
vt 0.946588 0.725335
vt 0.946644 0.725557
vt 0.946518 0.725291
vt 0.815577 0.873612
vt 0.815602 0.873491
vt 0.815479 0.873486
vt 0.954645 0.632837
vt 0.954602 0.632752
vt 0.954353 0.632668
vt 0.954706 0.632707
vt 0.814714 0.648123
vt 0.814845 0.648116
vt 0.814816 0.647988
vt 0.954402 0.594758
vt 0.954625 0.594702
vt 0.954668 0.594632
vt 0.813226 0.678227
vt 0.813261 0.678125
vt 0.813155 0.678107
vt 0.954709 0.594747
vt 0.978296 0.739100
vt 0.978269 0.738887
vt 0.978069 0.738877
vt 0.978350 0.738695
vt 0.978428 0.739011
vt 0.950077 0.738500
vt 0.950245 0.738408
vt 0.950194 0.738219
vt 0.950436 0.738415
vt 0.950198 0.738613
vt 0.940853 0.626408
vt 0.941066 0.626381
vt 0.941076 0.626181
vt 0.941258 0.626462
vt 0.940943 0.626540
vt 0.941544 0.598537
vt 0.941551 0.598345
vt 0.941345 0.598298
vt 0.941458 0.598176
vt 0.941741 0.598295
vt 0.880756 0.842582
vt 0.409421 0.092998
vt 0.409697 0.093020
vt 0.892437 0.862708
vt 0.892270 0.862708
vt 0.892270 0.978909
vt 0.950461 0.407689
vt 0.948600 0.407701
vt 0.950115 0.513971
vt 0.827845 0.518342
vt 0.829839 0.855226
vt 0.742410 0.211908
vt 0.354644 0.004116
vt 0.949815 0.085686
vt 0.892273 0.514108
vt 0.886129 0.789847
vt 0.802724 0.969646
vt 0.801061 0.546922
vt 0.885976 0.358641
vt 0.487985 0.167112
vt 0.828887 0.547973
vt 0.829292 0.967967
vt 0.905435 0.167007
vt 0.933200 0.407635
vt 0.931321 0.407649
vt 0.742170 0.188052
vt 0.354774 0.023215
vt 0.461198 0.022328
vt 0.914562 0.862708
vt 0.914394 0.862708
vt 0.914562 0.978909
vt 0.914559 0.514108
vt 0.034799 0.022919
vt 0.732032 0.425490
vt 0.854815 0.093262
vt 0.828113 0.996154
vt 0.831561 0.843841
vt 0.821712 0.843353
vt 0.733370 0.454788
vt 0.882703 0.871942
vt 0.819990 0.854739
vt 0.730848 0.435477
vt 0.883940 0.852317
vt 0.752769 0.071815
vt 0.704857 0.074415
vt 0.865853 0.691177
vt 0.867680 0.645506
vt 0.558473 0.075708
vt 0.510982 0.073107
vt 0.866559 0.503572
vt 0.865011 0.457711
vt 0.795686 0.842034
vt 0.797263 0.877091
vt 0.884151 0.645433
vt 0.885684 0.691261
vt 0.795277 0.643958
vt 0.795324 0.680231
vt 0.884879 0.457785
vt 0.883030 0.503501
vt 0.511142 0.098543
vt 0.557788 0.097356
vt 0.581947 0.143925
vt 0.616808 0.143375
vt 0.705604 0.095960
vt 0.752198 0.097407
vt 0.776706 0.142361
vt 0.811630 0.143059
vt 0.823796 0.597550
vt 0.535145 0.164754
vt 0.884701 0.408167
vt 0.799368 0.595343
vt 0.858326 0.164288
vt 0.824350 0.921109
vt 0.885156 0.740915
vt 0.801143 0.922996
vt 0.817930 0.760536
vt 0.696718 0.160779
vt 0.882888 0.574451
vt 0.796493 0.760651
vt 0.534827 0.145990
vt 0.460532 0.098149
vt 0.865191 0.408228
vt 0.460026 0.072903
vt 0.803254 0.097593
vt 0.858739 0.145545
vt 0.696687 0.143713
vt 0.631723 0.096216
vt 0.867821 0.574556
vt 0.631608 0.076691
vt 0.865736 0.740765
vt 0.803648 0.072454
vt 0.914561 0.630307
vt 0.914394 0.746507
vt 0.914561 0.746507
vt 0.141269 0.023082
vt 0.141257 0.021224
vt 0.247984 0.023158
vt 0.247970 0.021297
vt 0.531031 0.190278
vt 0.531040 0.188433
vt 0.636714 0.190217
vt 0.636696 0.188377
vt 0.931368 0.193469
vt 0.931326 0.300510
vt 0.933192 0.300496
vt 0.141345 0.005961
vt 0.141331 0.004085
vt 0.247980 0.005941
vt 0.247965 0.004082
vt 0.531280 0.212289
vt 0.531246 0.210475
vt 0.636754 0.211964
vt 0.636736 0.210124
vt 0.950476 0.193314
vt 0.948611 0.300500
vt 0.950479 0.300486
vt 0.892270 0.630307
vt 0.892270 0.746507
vt 0.892437 0.746507
vt 0.141350 0.013792
vt 0.247974 0.013812
vt 0.941160 0.407607
vt 0.941096 0.300498
vt 0.730046 0.364299
vt 0.747547 0.364123
vt 0.747564 0.342965
vt 0.730053 0.343058
vt 0.678045 0.130995
vt 0.731466 0.133000
vt 0.730700 0.112236
vt 0.677858 0.114084
vt 0.557952 0.271595
vt 0.558114 0.254640
vt 0.504918 0.252782
vt 0.504308 0.273623
vt 0.802177 0.461082
vt 0.799729 0.514796
vt 0.824999 0.513864
vt 0.822964 0.460849
vt 0.857921 0.350093
vt 0.860232 0.296619
vt 0.835056 0.297595
vt 0.837172 0.350341
vt 0.993347 0.575234
vt 0.993344 0.554077
vt 0.975843 0.553895
vt 0.975837 0.575137
vt 0.167179 0.074202
vt 0.167029 0.091075
vt 0.219881 0.092702
vt 0.220436 0.071968
vt 0.727637 0.304038
vt 0.748795 0.304036
vt 0.748976 0.286534
vt 0.727735 0.286528
vt 0.557997 0.371280
vt 0.504250 0.368876
vt 0.505203 0.394158
vt 0.558247 0.392076
vt 0.557997 0.285008
vt 0.504290 0.282898
vt 0.505041 0.303756
vt 0.558178 0.301958
vt 0.728113 0.371898
vt 0.728205 0.389409
vt 0.749446 0.389416
vt 0.749270 0.371915
vt 0.220996 0.071939
vt 0.220953 0.071419
vt 0.220445 0.071289
vt 0.764354 0.424277
vt 0.764363 0.424965
vt 0.764879 0.424834
vt 0.764923 0.424306
vt 0.993747 0.554059
vt 0.993689 0.553735
vt 0.993366 0.553674
vt 0.720970 0.273543
vt 0.720972 0.274218
vt 0.721473 0.274100
vt 0.721529 0.273588
vt 0.747569 0.364529
vt 0.747897 0.364468
vt 0.747956 0.364141
vt 0.799805 0.297593
vt 0.799756 0.297035
vt 0.799245 0.297094
vt 0.799130 0.297596
vt 0.728093 0.371496
vt 0.727768 0.371556
vt 0.727709 0.371880
vt 0.503745 0.273654
vt 0.503790 0.274178
vt 0.504302 0.274307
vt 0.799037 0.514803
vt 0.799168 0.515322
vt 0.799698 0.515368
vt 0.547092 0.424293
vt 0.546532 0.424344
vt 0.546594 0.424858
vt 0.547100 0.424971
vt 0.003806 0.071962
vt 0.003805 0.071283
vt 0.003301 0.071401
vt 0.003244 0.071915
vt 0.727231 0.304056
vt 0.727289 0.304385
vt 0.727618 0.304447
vt 0.721060 0.283008
vt 0.721626 0.282959
vt 0.721566 0.282442
vt 0.721058 0.282326
vt 0.722466 0.394143
vt 0.722475 0.394831
vt 0.722990 0.394699
vt 0.723035 0.394172
vt 0.975430 0.575155
vt 0.975488 0.575485
vt 0.975816 0.575547
vt 0.504280 0.282206
vt 0.503762 0.282338
vt 0.503717 0.282868
vt 0.749390 0.286518
vt 0.749331 0.286184
vt 0.748998 0.286121
vt 0.504643 0.394210
vt 0.504705 0.394724
vt 0.505212 0.394836
vt 0.721468 0.368975
vt 0.722026 0.368926
vt 0.721967 0.368415
vt 0.721465 0.368301
vt 0.219883 0.093384
vt 0.220389 0.093265
vt 0.220447 0.092749
vt 0.975826 0.553482
vt 0.975492 0.553541
vt 0.975430 0.553874
vt 0.860920 0.296610
vt 0.860789 0.296095
vt 0.860261 0.296049
vt 0.729640 0.364320
vt 0.729700 0.364650
vt 0.730030 0.364709
vt 0.721676 0.252788
vt 0.722246 0.252757
vt 0.722200 0.252230
vt 0.721686 0.252100
vt 0.749467 0.389822
vt 0.749797 0.389762
vt 0.749856 0.389432
vt 0.514679 0.132998
vt 0.514110 0.133049
vt 0.514173 0.133569
vt 0.514684 0.133684
vt 0.834970 0.514797
vt 0.834278 0.514805
vt 0.834409 0.515324
vt 0.834939 0.515370
vt 0.727791 0.389430
vt 0.727853 0.389762
vt 0.728186 0.389822
vt 0.860239 0.513868
vt 0.860290 0.514428
vt 0.860803 0.514366
vt 0.860916 0.513860
vt 0.504919 0.252095
vt 0.504408 0.252213
vt 0.504348 0.252732
vt 0.504242 0.368183
vt 0.503723 0.368315
vt 0.503677 0.368845
vt 0.727717 0.286121
vt 0.727388 0.286179
vt 0.727325 0.286507
vt 0.003087 0.092817
vt 0.002515 0.092850
vt 0.002564 0.093380
vt 0.003083 0.093508
vt 0.730032 0.342644
vt 0.729700 0.342706
vt 0.729640 0.343039
vt 0.835007 0.297037
vt 0.834496 0.297095
vt 0.834381 0.297597
vt 0.731477 0.133689
vt 0.731992 0.133556
vt 0.732036 0.133029
vt 0.993365 0.575641
vt 0.993694 0.575583
vt 0.993756 0.575254
vt 0.763356 0.399109
vt 0.763914 0.399060
vt 0.763855 0.398549
vt 0.763353 0.398435
vt 0.721715 0.303761
vt 0.721727 0.304441
vt 0.722235 0.304309
vt 0.722276 0.303788
vt 0.504480 0.303806
vt 0.504540 0.304320
vt 0.505046 0.304435
vt 0.546138 0.399010
vt 0.546130 0.398317
vt 0.545611 0.398449
vt 0.545565 0.398979
vt 0.748812 0.304438
vt 0.749136 0.304381
vt 0.749198 0.304057
vt 0.749676 0.371893
vt 0.749616 0.371565
vt 0.749288 0.371506
vt 0.825050 0.514424
vt 0.825563 0.514363
vt 0.825676 0.513857
vt 0.514074 0.112155
vt 0.514064 0.111471
vt 0.513554 0.111603
vt 0.513511 0.112126
vt 0.747966 0.342946
vt 0.747906 0.342621
vt 0.747581 0.342562
vt 0.731259 0.112189
vt 0.731202 0.111678
vt 0.730700 0.111561
vt 0.824981 0.296616
vt 0.825670 0.296607
vt 0.825539 0.296092
vt 0.825011 0.296047
vt 0.801213 0.461066
vt 0.557972 0.272543
vt 0.710912 0.421995
vt 0.710897 0.422956
vt 0.167162 0.073247
vt 0.669024 0.391860
vt 0.669009 0.392822
vt 0.668205 0.283933
vt 0.668222 0.284883
vt 0.837419 0.461085
vt 0.836456 0.461068
vt 0.567878 0.132220
vt 0.567858 0.131277
vt 0.558127 0.253685
vt 0.859150 0.460829
vt 0.858207 0.460853
vt 0.167018 0.092027
vt 0.668781 0.370205
vt 0.668801 0.371156
vt 0.668389 0.301758
vt 0.668377 0.302715
vt 0.710669 0.400339
vt 0.710689 0.401290
vt 0.567689 0.114336
vt 0.567703 0.113376
vt 0.823907 0.460826
vt 0.600136 0.422210
vt 0.599886 0.401414
vt 0.655414 0.421823
vt 0.655401 0.401591
vt 0.599902 0.400450
vt 0.655395 0.400625
vt 0.558200 0.302901
vt 0.613213 0.302631
vt 0.613206 0.301670
vt 0.558013 0.370316
vt 0.613513 0.371457
vt 0.613507 0.370491
vt 0.056825 0.091710
vt 0.056804 0.090761
vt 0.111972 0.091700
vt 0.111970 0.090739
vt 0.558009 0.284047
vt 0.613193 0.285095
vt 0.613187 0.284134
vt 0.558271 0.393020
vt 0.613533 0.392655
vt 0.613526 0.391689
vt 0.056949 0.073807
vt 0.056961 0.072852
vt 0.112037 0.074149
vt 0.112035 0.073188
vt 0.600160 0.423154
vt 0.655421 0.422789
vt 0.822673 0.350091
vt 0.823635 0.350105
vt 0.822613 0.405601
vt 0.823579 0.405593
vt 0.677845 0.113133
vt 0.622828 0.113516
vt 0.622830 0.114475
vt 0.858883 0.350107
vt 0.857859 0.405604
vt 0.858824 0.405596
vt 0.668275 0.253982
vt 0.668288 0.254940
vt 0.613138 0.254088
vt 0.613135 0.255047
vt 0.678035 0.131954
vt 0.622854 0.131031
vt 0.622862 0.131992
vt 0.836220 0.350357
vt 0.836688 0.405630
vt 0.837652 0.405628
vt 0.668147 0.271837
vt 0.668137 0.272788
vt 0.613085 0.271607
vt 0.613088 0.272567
vt 0.800972 0.350356
vt 0.801924 0.350340
vt 0.801442 0.405628
vt 0.802407 0.405626
vt 0.939324 0.651374
vt 0.939276 0.640077
vt 0.939079 0.640080
vt 0.939139 0.651372
vt 0.953815 0.651518
vt 0.963046 0.651687
vt 0.963355 0.641546
vt 0.953545 0.641204
vt 0.964748 0.672039
vt 0.963730 0.672055
vt 0.964046 0.681068
vt 0.965025 0.681039
vt 0.951662 0.652711
vt 0.952849 0.652361
vt 0.952429 0.640871
vt 0.951973 0.640696
vt 0.939454 0.672040
vt 0.938961 0.672047
vt 0.939111 0.681091
vt 0.939590 0.681082
vt 0.938468 0.672057
vt 0.938632 0.681099
vt 0.949468 0.652205
vt 0.949999 0.652685
vt 0.950746 0.640331
vt 0.950113 0.640149
vt 0.950528 0.653193
vt 0.951365 0.640512
vt 0.952857 0.673690
vt 0.952465 0.673788
vt 0.953383 0.679754
vt 0.953650 0.679536
vt 0.952106 0.673895
vt 0.953176 0.679972
vt 0.963232 0.672066
vt 0.963569 0.681084
vt 0.962733 0.672079
vt 0.963091 0.681100
vt 0.963779 0.661027
vt 0.963272 0.661012
vt 0.952701 0.659927
vt 0.953331 0.651937
vt 0.952217 0.659391
vt 0.953253 0.660458
vt 0.962763 0.660995
vt 0.949035 0.680388
vt 0.949503 0.680094
vt 0.949842 0.673379
vt 0.949467 0.673048
vt 0.949928 0.660111
vt 0.949474 0.660496
vt 0.948535 0.680673
vt 0.949033 0.672725
vt 0.948960 0.660869
vt 0.938588 0.651376
vt 0.938037 0.651383
vt 0.938227 0.661364
vt 0.938744 0.661354
vt 0.939260 0.661345
vt 0.949929 0.679794
vt 0.949881 0.676167
vt 0.950923 0.673588
vt 0.951117 0.659804
vt 0.965087 0.651738
vt 0.964055 0.651707
vt 0.964818 0.661049
vt 0.951741 0.655594
vt 0.951504 0.655566
vt 0.951586 0.657169
vt 0.951763 0.657391
vt 0.939748 0.681079
vt 0.939624 0.672039
vt 0.939440 0.661341
vt 0.965439 0.641621
vt 0.964384 0.641584
vt 0.938505 0.640085
vt 0.937931 0.640091
vt 0.952997 0.641037
vt 0.963870 0.641565
vt 0.963551 0.651697
vt 0.952211 0.675113
vt 0.952765 0.680150
vt 0.951378 0.680638
vt 0.951654 0.680539
vt 0.951509 0.676435
vt 0.951326 0.676566
vt 0.951049 0.656949
vt 0.951285 0.656983
vt 0.951201 0.655387
vt 0.951024 0.655172
vt 0.792180 0.900377
vt 0.792180 0.899930
vt 0.791816 0.900024
vt 0.791453 0.900377
vt 0.760666 0.997486
vt 0.760666 0.996919
vt 0.759853 0.996919
vt 0.760154 0.997486
vt 0.822916 0.794911
vt 0.822916 0.794464
vt 0.822552 0.794557
vt 0.822189 0.794911
vt 0.792180 0.902074
vt 0.792180 0.901507
vt 0.791367 0.901507
vt 0.791668 0.902074
vt 0.869720 0.799936
vt 0.869720 0.799489
vt 0.869356 0.799583
vt 0.868993 0.799936
vt 0.760666 0.995790
vt 0.760666 0.995343
vt 0.760302 0.995436
vt 0.759939 0.995790
vt 0.951441 0.657054
vt 0.951347 0.655498
vt 0.952617 0.655378
vt 0.952249 0.658288
vt 0.950720 0.680807
vt 0.951094 0.680728
vt 0.951130 0.676627
vt 0.950853 0.676589
vt 0.951728 0.676191
vt 0.952001 0.680428
vt 0.822916 0.796608
vt 0.822916 0.796041
vt 0.822103 0.796041
vt 0.822404 0.796608
vt 0.950157 0.657167
vt 0.950530 0.654255
vt 0.792180 0.900942
vt 0.793084 0.900942
vt 0.792907 0.900377
vt 0.792993 0.901507
vt 0.950441 0.676469
vt 0.950301 0.680303
vt 0.822916 0.795476
vt 0.823820 0.795476
vt 0.823643 0.794911
vt 0.823730 0.796041
vt 0.952392 0.680300
vt 0.951972 0.675743
vt 0.869719 0.801633
vt 0.869719 0.801066
vt 0.868906 0.801066
vt 0.869207 0.801633
vt 0.760666 0.996354
vt 0.761570 0.996354
vt 0.761393 0.995790
vt 0.761480 0.996919
vt 0.950789 0.654833
vt 0.950693 0.656998
vt 0.869720 0.800501
vt 0.870623 0.800501
vt 0.870447 0.799936
vt 0.870533 0.801066
vt 0.951997 0.657745
vt 0.952101 0.655533
vt 0.788002 0.824625
vt 0.788739 0.826441
vt 0.789808 0.825388
vt 0.789818 0.823888
vt 0.786186 0.825363
vt 0.787239 0.826431
vt 0.786197 0.823862
vt 0.787265 0.822809
vt 0.788765 0.822820
vt 0.788877 0.822514
vt 0.790113 0.823751
vt 0.787128 0.826737
vt 0.785891 0.825500
vt 0.787128 0.822514
vt 0.790113 0.825500
vt 0.788877 0.826737
vt 0.785891 0.823751
vt 0.883203 0.935116
vt 0.883940 0.936932
vt 0.885009 0.935879
vt 0.885019 0.934379
vt 0.881387 0.935853
vt 0.882440 0.936921
vt 0.881398 0.934353
vt 0.882466 0.933300
vt 0.883966 0.933311
vt 0.884078 0.933005
vt 0.885314 0.934241
vt 0.882329 0.937227
vt 0.881092 0.935990
vt 0.882329 0.933005
vt 0.885314 0.935990
vt 0.884078 0.937227
vt 0.881092 0.934241
vt 0.868816 0.800501
vt 0.759763 0.996354
vt 0.870231 0.801633
vt 0.822012 0.795476
vt 0.791276 0.900942
vt 0.823428 0.796608
vt 0.761030 0.995436
vt 0.870084 0.799583
vt 0.792692 0.902074
vt 0.823280 0.794557
vt 0.761178 0.997486
vt 0.792544 0.900024
vt 0.949219 0.651747
vt 0.948713 0.661247
vt 0.948861 0.672416
vt 0.948232 0.680963
vt 0.949795 0.639986
vt 0.948218 0.746725
vt 0.948215 0.746617
vt 0.938215 0.746841
vt 0.938217 0.746949
vt 0.948494 0.759437
vt 0.938116 0.759290
vt 0.937892 0.769252
vt 0.948380 0.769295
vt 0.969140 0.771269
vt 0.978715 0.771454
vt 0.978735 0.770415
vt 0.969149 0.770218
vt 0.948706 0.757814
vt 0.938276 0.757812
vt 0.938227 0.758309
vt 0.948736 0.758416
vt 0.968577 0.745663
vt 0.978182 0.744811
vt 0.978137 0.744303
vt 0.968540 0.745152
vt 0.978092 0.743795
vt 0.968502 0.744642
vt 0.948595 0.756208
vt 0.938390 0.756377
vt 0.938357 0.756846
vt 0.948679 0.756713
vt 0.938319 0.757320
vt 0.948782 0.757218
vt 0.969355 0.759397
vt 0.978966 0.759831
vt 0.978897 0.759449
vt 0.969461 0.758779
vt 0.978840 0.759077
vt 0.969570 0.758160
vt 0.978744 0.769908
vt 0.969155 0.769704
vt 0.978754 0.769402
vt 0.969161 0.769189
vt 0.958203 0.770243
vt 0.958198 0.769724
vt 0.958020 0.758854
vt 0.957901 0.758321
vt 0.948614 0.758926
vt 0.958139 0.759388
vt 0.958194 0.769204
vt 0.979062 0.754631
vt 0.969469 0.756112
vt 0.969572 0.756720
vt 0.978981 0.755045
vt 0.957943 0.756534
vt 0.957861 0.757070
vt 0.979015 0.754260
vt 0.969368 0.755506
vt 0.958023 0.755998
vt 0.948200 0.746110
vt 0.957725 0.745781
vt 0.957701 0.745274
vt 0.948186 0.745604
vt 0.957748 0.746290
vt 0.969886 0.756956
vt 0.978937 0.755580
vt 0.969507 0.757439
vt 0.957938 0.757693
vt 0.948388 0.771439
vt 0.958212 0.771306
vt 0.948381 0.770353
vt 0.949310 0.757972
vt 0.957322 0.757866
vt 0.957269 0.757753
vt 0.949361 0.757862
vt 0.978191 0.744919
vt 0.968586 0.745773
vt 0.957752 0.746398
vt 0.937761 0.771487
vt 0.937756 0.770379
vt 0.938204 0.746332
vt 0.938193 0.745824
vt 0.938173 0.758797
vt 0.948380 0.769824
vt 0.937753 0.769838
vt 0.978812 0.758577
vt 0.969881 0.757915
vt 0.978813 0.757106
vt 0.970291 0.757428
vt 0.970276 0.757488
vt 0.978796 0.757351
vt 0.957311 0.757549
vt 0.949323 0.757671
vt 0.949369 0.757778
vt 0.957263 0.757661
vt 0.787919 0.776001
vt 0.787192 0.776001
vt 0.787555 0.776355
vt 0.787919 0.776448
vt 0.886444 0.897052
vt 0.886956 0.897052
vt 0.887257 0.896485
vt 0.886444 0.896485
vt 0.795536 0.931679
vt 0.794809 0.931679
vt 0.795172 0.932032
vt 0.795536 0.932126
vt 0.787919 0.774304
vt 0.787407 0.774304
vt 0.787105 0.774872
vt 0.787919 0.774872
vt 0.886482 0.956789
vt 0.885755 0.956789
vt 0.886118 0.957143
vt 0.886482 0.957236
vt 0.886444 0.895355
vt 0.887171 0.895355
vt 0.886808 0.895002
vt 0.886444 0.894908
vt 0.957255 0.757707
vt 0.949376 0.757820
vt 0.957621 0.758110
vt 0.949019 0.758211
vt 0.978864 0.756488
vt 0.970225 0.757231
vt 0.970282 0.757367
vt 0.978838 0.756859
vt 0.970213 0.757620
vt 0.978790 0.757712
vt 0.795536 0.929982
vt 0.795024 0.929982
vt 0.794722 0.930549
vt 0.795536 0.930549
vt 0.949044 0.757428
vt 0.957594 0.757293
vt 0.788646 0.776001
vt 0.788823 0.775436
vt 0.787919 0.775436
vt 0.788732 0.774872
vt 0.978894 0.756031
vt 0.970088 0.757074
vt 0.796263 0.931679
vt 0.796440 0.931114
vt 0.795536 0.931114
vt 0.796349 0.930549
vt 0.970079 0.757784
vt 0.978794 0.758152
vt 0.886482 0.955092
vt 0.885969 0.955092
vt 0.885668 0.955660
vt 0.886482 0.955659
vt 0.885716 0.895355
vt 0.885540 0.895920
vt 0.886444 0.895920
vt 0.885630 0.896485
vt 0.957421 0.757404
vt 0.949213 0.757531
vt 0.887209 0.956789
vt 0.887386 0.956224
vt 0.886482 0.956224
vt 0.887295 0.955659
vt 0.949193 0.758103
vt 0.957444 0.758001
vt 0.824069 0.724185
vt 0.825885 0.724922
vt 0.825875 0.723422
vt 0.824806 0.722369
vt 0.822253 0.723448
vt 0.823306 0.722380
vt 0.822264 0.724948
vt 0.823332 0.726001
vt 0.824832 0.725991
vt 0.824944 0.726296
vt 0.826180 0.725060
vt 0.823195 0.722074
vt 0.821958 0.723311
vt 0.823195 0.726296
vt 0.826180 0.723311
vt 0.824944 0.722074
vt 0.821958 0.725060
vt 0.824619 0.784448
vt 0.825382 0.786253
vt 0.826436 0.785185
vt 0.826425 0.783685
vt 0.823857 0.782643
vt 0.825357 0.782632
vt 0.822803 0.783711
vt 0.822814 0.785211
vt 0.823882 0.786264
vt 0.823745 0.786559
vt 0.825494 0.786559
vt 0.825494 0.782337
vt 0.823745 0.782337
vt 0.822508 0.785323
vt 0.826731 0.785323
vt 0.826731 0.783574
vt 0.822508 0.783574
vt 0.885578 0.956225
vt 0.887347 0.895920
vt 0.886994 0.955092
vt 0.794632 0.931114
vt 0.787015 0.775436
vt 0.796048 0.929982
vt 0.886079 0.895002
vt 0.886846 0.957143
vt 0.788431 0.774304
vt 0.795900 0.932032
vt 0.885931 0.897052
vt 0.788283 0.776355
vt 0.958112 0.755737
vt 0.948516 0.755972
vt 0.969292 0.755179
vt 0.979013 0.754157
vt 0.938423 0.756185
vt 0.790335 0.871746
vt 0.788849 0.871937
vt 0.789874 0.871937
vt 0.788388 0.871746
vt 0.790527 0.871284
vt 0.788196 0.871284
vt 0.790527 0.871177
vt 0.788196 0.861869
vt 0.790527 0.862104
vt 0.790527 0.861869
vt 0.790335 0.861407
vt 0.788388 0.861407
vt 0.789874 0.861216
vt 0.788849 0.861216
vt 0.788437 0.816505
vt 0.786951 0.816696
vt 0.787975 0.816696
vt 0.786489 0.816505
vt 0.788628 0.816043
vt 0.786298 0.816043
vt 0.788628 0.806628
vt 0.786298 0.815936
vt 0.786298 0.806863
vt 0.786298 0.806628
vt 0.788437 0.806166
vt 0.786489 0.806166
vt 0.787975 0.805975
vt 0.786951 0.805975
vt 0.792595 0.891831
vt 0.791109 0.892022
vt 0.792133 0.892022
vt 0.790647 0.891831
vt 0.792786 0.891369
vt 0.790456 0.891369
vt 0.792786 0.881955
vt 0.790456 0.891263
vt 0.790456 0.882189
vt 0.790456 0.881955
vt 0.792595 0.881493
vt 0.790647 0.881493
vt 0.792133 0.881302
vt 0.791109 0.881302
vt 0.863004 0.801144
vt 0.864490 0.800953
vt 0.863466 0.800953
vt 0.864952 0.801144
vt 0.862813 0.801606
vt 0.865143 0.801606
vt 0.862813 0.801713
vt 0.865143 0.811021
vt 0.862813 0.810786
vt 0.862813 0.811021
vt 0.863004 0.811483
vt 0.864952 0.811483
vt 0.863466 0.811674
vt 0.864490 0.811674
s 0
usemtl Board
f 2909/1995/597 2910/1996/597 2911/1997/597
f 2909/1995/597 2911/1997/597 2912/1998/597
f 2913/1999/598 2914/2000/598 2915/2001/598
f 2913/1999/598 2915/2001/598 2916/2002/598
f 2917/2003/597 2918/2004/597 2919/2005/597
f 2917/2003/597 2919/2005/597 2920/2006/597
f 2920/2006/597 2919/2005/597 2921/2007/597
f 2920/2006/597 2921/2007/597 2922/2008/597
f 2922/2008/597 2921/2007/597 2923/2009/597
f 2922/2008/597 2923/2009/597 2924/2010/597
f 2925/2011/599 2926/2012/599 2927/2013/599
f 2925/2011/599 2927/2013/599 2928/2014/599
f 2929/2015/599 2930/2016/599 2931/2017/599
f 2929/2015/599 2931/2017/599 2932/2018/599
f 2933/2019/598 2934/2020/598 2935/2021/598
f 2933/2019/598 2935/2021/598 2936/2022/598
f 2936/2022/598 2935/2021/598 2914/2000/598
f 2936/2022/598 2914/2000/598 2913/1999/598
f 2937/2023/598 2938/2024/598 2939/2025/598
f 2937/2023/598 2939/2025/598 2940/2026/598
f 2938/2024/598 2941/2027/598 2942/2028/598
f 2938/2024/598 2942/2028/598 2939/2025/598
f 2941/2027/598 2943/2029/598 2944/2030/598
f 2941/2027/598 2944/2030/598 2942/2028/598
f 2943/2029/598 2945/2031/598 2946/2032/598
f 2943/2029/598 2946/2032/598 2944/2030/598
f 2945/2031/598 2947/2033/598 2948/2034/598
f 2945/2031/598 2948/2034/598 2946/2032/598
f 2947/2033/598 2949/2035/598 2950/2036/598
f 2947/2033/598 2950/2036/598 2948/2034/598
f 2949/2035/598 2936/2022/598 2913/1999/598
f 2949/2035/598 2913/1999/598 2950/2036/598
f 2951/2037/598 2952/2038/598 2938/2024/598
f 2951/2037/598 2938/2024/598 2937/2023/598
f 2952/2038/598 2953/2039/598 2941/2027/598
f 2952/2038/598 2941/2027/598 2938/2024/598
f 2953/2039/598 2954/2040/598 2943/2029/598
f 2953/2039/598 2943/2029/598 2941/2027/598
f 2954/2040/598 2955/2041/598 2945/2031/598
f 2954/2040/598 2945/2031/598 2943/2029/598
f 2955/2041/598 2956/2042/598 2947/2033/598
f 2955/2041/598 2947/2033/598 2945/2031/598
f 2956/2042/598 2957/2043/598 2949/2035/598
f 2956/2042/598 2949/2035/598 2947/2033/598
f 2957/2043/598 2933/2019/598 2936/2022/598
f 2957/2043/598 2936/2022/598 2949/2035/598
f 2958/2044/599 2959/2045/599 2926/2012/599
f 2958/2044/599 2926/2012/599 2925/2011/599
f 2960/2046/598 2961/2047/598 2954/2040/598
f 2960/2046/598 2954/2040/598 2953/2039/598
f 2961/2047/598 2962/2048/598 2955/2041/598
f 2961/2047/598 2955/2041/598 2954/2040/598
f 2962/2048/598 2963/2049/598 2956/2042/598
f 2962/2048/598 2956/2042/598 2955/2041/598
f 2963/2049/598 2964/2050/598 2957/2043/598
f 2963/2049/598 2957/2043/598 2956/2042/598
f 2964/2050/598 2965/2051/598 2933/2019/598
f 2964/2050/598 2933/2019/598 2957/2043/598
f 2966/2052/597 2967/2053/597 2968/2054/597
f 2966/2052/597 2968/2054/597 2969/2055/597
f 2970/2056/598 2971/2057/598 2972/2058/598
f 2970/2056/598 2972/2058/598 2973/2059/598
f 2928/2014/599 2927/2013/599 2974/2060/599
f 2928/2014/599 2974/2060/599 2975/2061/599
f 2975/2061/599 2974/2060/599 2976/2062/599
f 2975/2061/599 2976/2062/599 2977/2063/599
f 2977/2063/599 2976/2062/599 2978/2064/599
f 2977/2063/599 2978/2064/599 2979/2065/599
f 2979/2065/599 2978/2064/599 2980/2066/599
f 2979/2065/599 2980/2066/599 2981/2067/599
f 2981/2067/599 2980/2066/599 2930/2016/599
f 2981/2067/599 2930/2016/599 2929/2015/599
f 2982/2068/598 2960/2046/598 2953/2039/598
f 2982/2068/598 2953/2039/598 2952/2038/598
f 2983/2069/597 2984/2070/597 2909/1995/597
f 2983/2069/597 2909/1995/597 2985/2071/597
f 2984/2070/597 2986/2072/597 2910/1996/597
f 2984/2070/597 2910/1996/597 2909/1995/597
f 2986/2072/597 2987/2073/597 2988/2074/597
f 2986/2072/597 2988/2074/597 2910/1996/597
f 2987/2073/597 2989/2075/597 2990/2076/597
f 2987/2073/597 2990/2076/597 2988/2074/597
f 2989/2075/597 2991/2077/597 2992/2078/597
f 2989/2075/597 2992/2078/597 2990/2076/597
f 2991/2077/597 2993/2079/597 2994/2080/597
f 2991/2077/597 2994/2080/597 2992/2078/597
f 2993/2079/597 2922/2008/597 2924/2010/597
f 2993/2079/597 2924/2010/597 2994/2080/597
f 2995/2081/597 2996/2082/597 2984/2070/597
f 2995/2081/597 2984/2070/597 2983/2069/597
f 2996/2082/597 2997/2083/597 2986/2072/597
f 2996/2082/597 2986/2072/597 2984/2070/597
f 2997/2083/597 2998/2084/597 2987/2073/597
f 2997/2083/597 2987/2073/597 2986/2072/597
f 2998/2084/597 2999/2085/597 2989/2075/597
f 2998/2084/597 2989/2075/597 2987/2073/597
f 2999/2085/597 3000/2086/597 2991/2077/597
f 2999/2085/597 2991/2077/597 2989/2075/597
f 3000/2086/597 3001/2087/597 2993/2079/597
f 3000/2086/597 2993/2079/597 2991/2077/597
f 3001/2087/597 2920/2006/597 2922/2008/597
f 3001/2087/597 2922/2008/597 2993/2079/597
f 3002/2088/597 3003/2089/597 2996/2082/597
f 3002/2088/597 2996/2082/597 2995/2081/597
f 3003/2089/597 3004/2090/597 2997/2083/597
f 3003/2089/597 2997/2083/597 2996/2082/597
f 3004/2090/597 3005/2091/597 2998/2084/597
f 3004/2090/597 2998/2084/597 2997/2083/597
f 3005/2091/597 3006/2092/597 2999/2085/597
f 3005/2091/597 2999/2085/597 2998/2084/597
f 3006/2092/597 3007/2093/597 3000/2086/597
f 3006/2092/597 3000/2086/597 2999/2085/597
f 3007/2093/597 3008/2094/597 3001/2087/597
f 3007/2093/597 3001/2087/597 3000/2086/597
f 3008/2094/597 2917/2003/597 2920/2006/597
f 3008/2094/597 2920/2006/597 3001/2087/597
f 2940/2026/598 2939/2025/598 3009/2095/598
f 2940/2026/598 3009/2095/598 3010/2096/598
f 2939/2025/598 2942/2028/598 3011/2097/598
f 2939/2025/598 3011/2097/598 3009/2095/598
f 2942/2028/598 2944/2030/598 3012/2098/598
f 2942/2028/598 3012/2098/598 3011/2097/598
f 2944/2030/598 2946/2032/598 3013/2099/598
f 2944/2030/598 3013/2099/598 3012/2098/598
f 2946/2032/598 2948/2034/598 3014/2100/598
f 2946/2032/598 3014/2100/598 3013/2099/598
f 2948/2034/598 2950/2036/598 3015/2101/598
f 2948/2034/598 3015/2101/598 3014/2100/598
f 2950/2036/598 2913/1999/598 2916/2002/598
f 2950/2036/598 2916/2002/598 3015/2101/598
f 3016/2102/599 3017/2103/599 3018/2104/599
f 3016/2102/599 3018/2104/599 3019/2105/599
f 2994/2080/597 2924/2010/597 3020/2106/597
f 2994/2080/597 3020/2106/597 3021/2107/597
f 2992/2078/597 2994/2080/597 3021/2107/597
f 2992/2078/597 3021/2107/597 3022/2108/597
f 2990/2076/597 2992/2078/597 3022/2108/597
f 2990/2076/597 3022/2108/597 3023/2109/597
f 2988/2074/597 2990/2076/597 3023/2109/597
f 2988/2074/597 3023/2109/597 3024/2110/597
f 2910/1996/597 2988/2074/597 3024/2110/597
f 2910/1996/597 3024/2110/597 2911/1997/597
f 3025/2111/599 3026/2112/599 3027/2113/599
f 3025/2111/599 3027/2113/599 3028/2114/599
f 2965/2051/598 3029/2115/598 2934/2020/598
f 2965/2051/598 2934/2020/598 2933/2019/598
f 3030/2116/597 3031/2117/597 3032/2118/597
f 3030/2116/597 3032/2118/597 3033/2119/597
f 3034/2120/600 3035/2121/600 3036/2122/600
f 3034/2120/600 3036/2122/600 3037/2123/600
f 3038/2124/601 3039/2125/601 3040/2126/601
f 3038/2124/601 3040/2126/601 3041/2127/601
f 3042/2128/598 3043/2129/598 3044/2130/598
f 3042/2128/598 3044/2130/598 3045/2131/598
f 3046/2132/597 3047/2133/597 3048/2134/597
f 3046/2132/597 3048/2134/597 3049/2135/597
f 3050/2136/598 3051/2137/598 3052/2138/598
f 3050/2136/598 3052/2138/598 3053/2139/598
f 3054/2140/601 3055/2141/601 3056/2142/601
f 3054/2140/601 3056/2142/601 3057/2143/601
f 3058/2144/602 3059/2145/602 3060/2146/602
f 3058/2144/602 3060/2146/602 3061/2147/602
f 3062/2148/602 3063/2149/602 3064/2150/602
f 3062/2148/602 3064/2150/602 3065/2151/602
f 3066/2152/602 3067/2153/602 3063/2149/602
f 3066/2152/602 3063/2149/602 3062/2148/602
f 3061/2147/602 3060/2146/602 3068/2154/602
f 3061/2147/602 3068/2154/602 3069/2155/602
f 2924/2010/597 2923/2009/597 3070/2156/597
f 2924/2010/597 3070/2156/597 3020/2106/597
f 3071/2157/600 3072/2158/600 3073/2159/600
f 3071/2157/600 3073/2159/600 3074/2160/600
f 3075/2161/598 3076/2162/598 3077/2163/598
f 3075/2161/598 3077/2163/598 3078/2164/598
f 3079/2165/602 3080/2166/602 3059/2145/602
f 3079/2165/602 3059/2145/602 3058/2144/602
f 2973/2059/598 2972/2058/598 3081/2167/598
f 2973/2059/598 3081/2167/598 3082/2168/598
f 3083/2169/597 3084/2170/597 3085/2171/597
f 3083/2169/597 3085/2171/597 3086/2172/597
f 3087/2173/598 3088/2174/598 3089/2175/598
f 3087/2173/598 3089/2175/598 3090/2176/598
f 3082/2168/598 3081/2167/598 3088/2174/598
f 3082/2168/598 3088/2174/598 3087/2173/598
f 3091/2177/597 3092/2178/597 2967/2053/597
f 3091/2177/597 2967/2053/597 2966/2052/597
f 3093/2179/597 3094/2180/597 3095/2181/597
f 3093/2179/597 3095/2181/597 3096/2182/597
f 3097/2183/601 3098/2184/601 3099/2185/601
f 3097/2183/601 3099/2185/601 3100/2186/601
f 3033/2119/597 3032/2118/597 3092/2178/597
f 3033/2119/597 3092/2178/597 3091/2177/597
f 3101/2187/597 3102/2188/597 3103/2189/597
f 3101/2187/597 3103/2189/597 3104/2190/597
f 3105/2191/598 3106/2192/598 3107/2193/598
f 3105/2191/598 3107/2193/598 3108/2194/598
f 3109/2195/600 3110/2196/600 3072/2158/600
f 3109/2195/600 3072/2158/600 3071/2157/600
f 3108/2194/598 3107/2193/598 3111/2197/598
f 3108/2194/598 3111/2197/598 3112/2198/598
f 3113/2199/600 3114/2200/600 3110/2196/600
f 3113/2199/600 3110/2196/600 3109/2195/600
f 3100/2186/601 3099/2185/601 3039/2125/601
f 3100/2186/601 3039/2125/601 3038/2124/601
f 3115/2201/597 3116/2202/597 3117/2203/597
f 3115/2201/597 3117/2203/597 3118/2204/597
f 3119/2205/598 2982/2068/598 2952/2038/598
f 3119/2205/598 2952/2038/598 2951/2037/598
f 3041/2127/601 3040/2126/601 3120/2206/601
f 3041/2127/601 3120/2206/601 3121/2207/601
f 3122/2208/597 3123/2209/597 3102/2188/597
f 3122/2208/597 3102/2188/597 3101/2187/597
f 2985/2071/597 2909/1995/597 2912/1998/597
f 2985/2071/597 2912/1998/597 3124/2210/597
f 3125/2211/602 3126/2212/602 3127/2213/602
f 3125/2211/602 3127/2213/602 3128/2214/602
f 3129/2215/597 3130/2216/597 3131/2217/597
f 3129/2215/597 3131/2217/597 3132/2218/597
f 3133/2219/598 3134/2220/598 3135/2221/598
f 3133/2219/598 3135/2221/598 3136/2222/598
f 3136/2222/598 3135/2221/598 3137/2223/598
f 3136/2222/598 3137/2223/598 3138/2224/598
f 3138/2224/598 3137/2223/598 3139/2225/598
f 3138/2224/598 3139/2225/598 3140/2226/598
f 3096/2182/597 3095/2181/597 3047/2133/597
f 3096/2182/597 3047/2133/597 3046/2132/597
f 3141/2227/602 3142/2228/602 3143/2229/602
f 3141/2227/602 3143/2229/602 3144/2230/602
f 3140/2226/598 3139/2225/598 3076/2162/598
f 3140/2226/598 3076/2162/598 3075/2161/598
f 3145/2231/597 3146/2232/597 3130/2216/597
f 3145/2231/597 3130/2216/597 3129/2215/597
f 3045/2131/598 3044/2130/598 3147/2233/598
f 3045/2131/598 3147/2233/598 3148/2234/598
f 3149/2235/598 3150/2236/598 3106/2192/598
f 3149/2235/598 3106/2192/598 3105/2191/598
f 3148/2234/598 3147/2233/598 3151/2237/598
f 3148/2234/598 3151/2237/598 3152/2238/598
f 3049/2135/597 3048/2134/597 3153/2239/597
f 3049/2135/597 3153/2239/597 3154/2240/597
f 3155/2241/600 3156/2242/600 3114/2200/600
f 3155/2241/600 3114/2200/600 3113/2199/600
f 3152/2238/598 3151/2237/598 3134/2220/598
f 3152/2238/598 3134/2220/598 3133/2219/598
f 3154/2240/597 3153/2239/597 3157/2243/597
f 3154/2240/597 3157/2243/597 3158/2244/597
f 3159/2245/602 3160/2246/602 3067/2153/602
f 3159/2245/602 3067/2153/602 3066/2152/602
f 3158/2244/597 3157/2243/597 3161/2247/597
f 3158/2244/597 3161/2247/597 3162/2248/597
f 3086/2172/597 3085/2171/597 3123/2209/597
f 3086/2172/597 3123/2209/597 3122/2208/597
f 3163/2249/602 3164/2250/602 3160/2246/602
f 3163/2249/602 3160/2246/602 3159/2245/602
f 3162/2248/597 3161/2247/597 3146/2232/597
f 3162/2248/597 3146/2232/597 3145/2231/597
f 3069/2155/602 3068/2154/602 3164/2250/602
f 3069/2155/602 3164/2250/602 3163/2249/602
s 1
f 3165/2251/603 3166/2252/604 3167/2253/605
f 3165/2251/603 3167/2253/605 3168/2254/606
f 3169/2112/607 3170/2255/608 3171/2256/609
f 3169/2112/607 3171/2256/609 3172/2257/610
f 3173/2184/611 3174/2258/612 3175/2259/613
f 3173/2184/611 3175/2259/613 3176/2260/614
f 3177/2117/615 3178/2261/616 3179/2262/617
f 3177/2117/615 3179/2262/617 3180/2263/618
f 3181/2183/619 3182/2264/620 3183/2265/621
f 3181/2183/619 3183/2265/621 3184/2266/622
f 3185/2113/623 3186/2267/624 3187/2268/625
f 3185/2113/623 3187/2268/625 3188/2269/626
f 3189/2057/627 3190/2270/628 3191/2271/629
f 3189/2057/627 3191/2271/629 3192/2272/630
f 3193/2159/631 3194/2273/632 3195/2274/633
f 3193/2159/631 3195/2274/633 3196/2275/634
f 3197/2104/635 3198/2276/636 3199/2277/637
f 3197/2104/635 3199/2277/637 3200/2278/638
f 3201/2189/639 3202/2279/640 3203/2280/641
f 3201/2189/639 3203/2280/641 3204/2281/642
f 3205/2103/643 3206/2282/644 3207/2283/645
f 3205/2103/643 3207/2283/645 3208/2284/646
f 3209/2160/647 3210/2285/648 3211/2286/649
f 3209/2160/647 3211/2286/649 3212/2287/650
f 3213/2288/651 3214/2289/652 3215/2290/653
f 3213/2288/651 3215/2290/653 3216/2291/654
f 3217/2228/655 3218/2292/656 3219/2293/657
f 3217/2228/655 3219/2293/657 3220/2294/658
f 3221/2142/659 3222/2295/660 3223/2296/661
f 3221/2142/659 3223/2296/661 3224/2297/662
f 3225/2138/663 3226/2298/664 3227/2299/665
f 3225/2138/663 3227/2299/665 3228/2300/666
f 3229/2141/667 3230/2301/668 3231/2302/669
f 3229/2141/667 3231/2302/669 3232/2303/670
f 3233/2229/671 3234/2304/672 3235/2305/673
f 3233/2229/671 3235/2305/673 3236/2306/674
f 3237/2122/675 3238/2307/676 3239/2308/677
f 3237/2122/675 3239/2308/677 3240/2309/678
f 3241/2310/679 3242/2311/680 3243/2312/681
f 3241/2310/679 3243/2312/681 3244/2313/682
f 3245/2212/683 3246/2314/684 3247/2315/685
f 3245/2212/683 3247/2315/685 3248/2316/686
f 3249/2121/687 3250/2317/688 3251/2318/689
f 3249/2121/687 3251/2318/689 3252/2319/690
f 3253/2213/691 3254/2320/692 3255/2321/693
f 3253/2213/691 3255/2321/693 3256/2322/694
f 3257/2203/695 3258/2323/696 3259/2324/697
f 3257/2203/695 3259/2324/697 3260/2325/698
s 0
f 3261/2016/699 3262/2326/699 3263/2327/699
f 3261/2016/699 3263/2327/699 3264/2017/699
f 3265/2328/700 3266/2106/700 3267/2156/700
f 3265/2328/700 3267/2156/700 3268/2329/700
f 3269/2051/701 3270/2330/701 3271/2331/701
f 3269/2051/701 3271/2331/701 3272/2115/701
f 3273/2332/702 3274/2015/702 3275/2018/702
f 3273/2332/702 3275/2018/702 3276/2333/702
f 3277/2045/699 3278/2334/699 3279/2335/699
f 3277/2045/699 3279/2335/699 3280/2012/699
f 3281/2336/700 3282/2210/700 3283/1998/700
f 3281/2336/700 3283/1998/700 3284/2337/700
f 3280/2012/699 3279/2335/699 3285/2338/699
f 3280/2012/699 3285/2338/699 3286/2013/699
f 3284/2337/700 3283/1998/700 3287/1997/700
f 3284/2337/700 3287/1997/700 3288/2339/700
f 3286/2013/699 3285/2338/699 3289/2340/699
f 3286/2013/699 3289/2340/699 3290/2060/699
f 3288/2339/700 3287/1997/700 3291/2110/700
f 3288/2339/700 3291/2110/700 3292/2341/700
f 3290/2060/699 3289/2340/699 3293/2342/699
f 3290/2060/699 3293/2342/699 3294/2062/699
f 3292/2341/700 3291/2110/700 3295/2109/700
f 3292/2341/700 3295/2109/700 3296/2343/700
f 3294/2062/699 3293/2342/699 3297/2344/699
f 3294/2062/699 3297/2344/699 3298/2064/699
f 3296/2343/700 3295/2109/700 3299/2108/700
f 3296/2343/700 3299/2108/700 3300/2345/700
f 3298/2064/699 3297/2344/699 3301/2346/699
f 3298/2064/699 3301/2346/699 3302/2066/699
f 3300/2345/700 3299/2108/700 3303/2107/700
f 3300/2345/700 3303/2107/700 3304/2347/700
f 3302/2066/699 3301/2346/699 3262/2326/699
f 3302/2066/699 3262/2326/699 3261/2016/699
f 3304/2347/700 3303/2107/700 3266/2106/700
f 3304/2347/700 3266/2106/700 3265/2328/700
f 3305/2205/701 3306/2348/701 3307/2349/701
f 3305/2205/701 3307/2349/701 3308/2068/701
f 3309/2350/702 3310/2044/702 3311/2011/702
f 3309/2350/702 3311/2011/702 3312/2351/702
f 3308/2068/701 3307/2349/701 3313/2352/701
f 3308/2068/701 3313/2352/701 3314/2046/701
f 3312/2351/702 3311/2011/702 3315/2014/702
f 3312/2351/702 3315/2014/702 3316/2353/702
f 3314/2046/701 3313/2352/701 3317/2354/701
f 3314/2046/701 3317/2354/701 3318/2047/701
f 3316/2353/702 3315/2014/702 3319/2061/702
f 3316/2353/702 3319/2061/702 3320/2355/702
f 3318/2047/701 3317/2354/701 3321/2356/701
f 3318/2047/701 3321/2356/701 3322/2048/701
f 3320/2355/702 3319/2061/702 3323/2063/702
f 3320/2355/702 3323/2063/702 3324/2357/702
f 3322/2048/701 3321/2356/701 3325/2358/701
f 3322/2048/701 3325/2358/701 3326/2049/701
f 3324/2357/702 3323/2063/702 3327/2065/702
f 3324/2357/702 3327/2065/702 3328/2359/702
f 3326/2049/701 3325/2358/701 3329/2360/701
f 3326/2049/701 3329/2360/701 3330/2050/701
f 3328/2359/702 3327/2065/702 3331/2067/702
f 3328/2359/702 3331/2067/702 3332/2361/702
f 3330/2050/701 3329/2360/701 3270/2330/701
f 3330/2050/701 3270/2330/701 3269/2051/701
f 3332/2361/702 3331/2067/702 3274/2015/702
f 3332/2361/702 3274/2015/702 3273/2332/702
f 3333/2053/703 3334/2362/703 3335/2363/703
f 3333/2053/703 3335/2363/703 3336/2054/703
f 3337/2364/704 3338/2127/704 3339/2207/704
f 3337/2364/704 3339/2207/704 3340/2365/704
f 3341/2174/705 3342/2366/705 3343/2367/705
f 3341/2174/705 3343/2367/705 3344/2175/705
f 3345/2368/706 3346/2200/706 3347/2242/706
f 3345/2368/706 3347/2242/706 3348/2369/706
f 3349/2236/707 3350/2370/707 3351/2371/707
f 3349/2236/707 3351/2371/707 3352/2192/707
f 3353/2372/708 3354/2206/708 3355/2126/708
f 3353/2372/708 3355/2126/708 3356/2373/708
f 3352/2192/707 3351/2371/707 3357/2374/707
f 3352/2192/707 3357/2374/707 3358/2193/707
f 3356/2373/708 3355/2126/708 3359/2125/708
f 3356/2373/708 3359/2125/708 3360/2375/708
f 3358/2193/707 3357/2374/707 3361/2376/707
f 3358/2193/707 3361/2376/707 3362/2197/707
f 3360/2375/708 3359/2125/708 3363/2185/708
f 3360/2375/708 3363/2185/708 3364/2377/708
s 1
f 3362/2197/707 3361/2376/707 3166/2252/604
f 3362/2197/707 3166/2252/604 3165/2251/603
f 3364/2377/708 3363/2185/708 3173/2184/611
f 3364/2377/708 3173/2184/611 3176/2260/614
f 3177/2117/615 3180/2263/618 3365/2378/703
f 3177/2117/615 3365/2378/703 3366/2118/703
f 3182/2264/620 3181/2183/619 3367/2186/709
f 3182/2264/620 3367/2186/709 3368/2379/709
s 0
f 3366/2118/703 3365/2378/703 3369/2380/703
f 3366/2118/703 3369/2380/703 3370/2178/703
f 3368/2379/704 3367/2186/704 3371/2124/704
f 3368/2379/704 3371/2124/704 3372/2381/704
f 3370/2178/703 3369/2380/703 3334/2362/703
f 3370/2178/703 3334/2362/703 3333/2053/703
f 3372/2381/704 3371/2124/704 3338/2127/704
f 3372/2381/704 3338/2127/704 3337/2364/704
s 1
f 3189/2057/627 3192/2272/630 3373/2382/705
f 3189/2057/627 3373/2382/705 3374/2058/705
f 3194/2273/632 3193/2159/631 3375/2158/710
f 3194/2273/632 3375/2158/710 3376/2383/710
s 0
f 3374/2058/705 3373/2382/705 3377/2384/705
f 3374/2058/705 3377/2384/705 3378/2167/705
f 3376/2383/706 3375/2158/706 3379/2196/706
f 3376/2383/706 3379/2196/706 3380/2385/706
f 3378/2167/705 3377/2384/705 3342/2366/705
f 3378/2167/705 3342/2366/705 3341/2174/705
f 3380/2385/706 3379/2196/706 3346/2200/706
f 3380/2385/706 3346/2200/706 3345/2368/706
f 3381/2170/711 3382/2386/711 3383/2387/711
f 3381/2170/711 3383/2387/711 3384/2171/711
f 3385/2388/712 3386/2241/712 3387/2199/712
f 3385/2388/712 3387/2199/712 3388/2389/712
f 3384/2171/711 3383/2387/711 3389/2390/711
f 3384/2171/711 3389/2390/711 3390/2209/711
f 3388/2389/712 3387/2199/712 3391/2195/712
f 3388/2389/712 3391/2195/712 3392/2391/712
f 3390/2209/711 3389/2390/711 3393/2392/711
f 3390/2209/711 3393/2392/711 3394/2188/711
f 3392/2391/712 3391/2195/712 3395/2157/712
f 3392/2391/712 3395/2157/712 3396/2393/712
s 1
f 3394/2188/711 3393/2392/711 3202/2279/640
f 3394/2188/711 3202/2279/640 3201/2189/639
f 3396/2393/712 3395/2157/712 3209/2160/647
f 3396/2393/712 3209/2160/647 3212/2287/650
f 3193/2159/631 3196/2275/634 3210/2285/648
f 3193/2159/631 3210/2285/648 3209/2160/647
f 3198/2276/636 3197/2104/635 3205/2103/643
f 3198/2276/636 3205/2103/643 3208/2284/646
f 3181/2183/619 3184/2266/622 3174/2258/612
f 3181/2183/619 3174/2258/612 3173/2184/611
f 3186/2267/624 3185/2113/623 3169/2112/607
f 3186/2267/624 3169/2112/607 3172/2257/610
f 3397/2102/699 3398/2394/699 3206/2282/644
f 3397/2102/699 3206/2282/644 3205/2103/643
f 3399/2395/700 3400/2190/700 3201/2189/639
f 3399/2395/700 3201/2189/639 3204/2281/642
f 3401/2116/700 3402/2396/700 3178/2261/616
f 3401/2116/700 3178/2261/616 3177/2117/615
f 3403/2397/699 3404/2114/699 3185/2113/623
f 3403/2397/699 3185/2113/623 3188/2269/626
s 0
f 3405/2398/701 3406/2399/701 3306/2348/701
f 3405/2398/701 3306/2348/701 3305/2205/701
f 3407/2400/702 3408/2111/702 3310/2044/702
f 3407/2400/702 3310/2044/702 3309/2350/702
f 3409/2105/702 3410/2401/702 3276/2333/702
f 3409/2105/702 3276/2333/702 3275/2018/702
f 3411/2402/701 3412/2056/701 3272/2115/701
f 3411/2402/701 3272/2115/701 3271/2331/701
f 3413/2162/713 3414/2403/713 3415/2404/713
f 3413/2162/713 3415/2404/713 3416/2163/713
f 3417/2405/714 3418/2145/714 3419/2166/714
f 3417/2405/714 3419/2166/714 3420/2406/714
f 3421/2216/715 3422/2407/715 3423/2408/715
f 3421/2216/715 3423/2408/715 3424/2217/715
f 3425/2409/716 3426/2148/716 3427/2151/716
f 3425/2409/716 3427/2151/716 3428/2410/716
f 3429/2130/713 3430/2411/713 3431/2412/713
f 3429/2130/713 3431/2412/713 3432/2233/713
f 3433/2413/714 3434/2150/714 3435/2149/714
f 3433/2413/714 3435/2149/714 3436/2414/714
f 3432/2233/713 3431/2412/713 3437/2415/713
f 3432/2233/713 3437/2415/713 3438/2237/713
f 3436/2414/714 3435/2149/714 3439/2153/714
f 3436/2414/714 3439/2153/714 3440/2416/714
f 3438/2237/713 3437/2415/713 3441/2417/713
f 3438/2237/713 3441/2417/713 3442/2220/713
f 3440/2416/714 3439/2153/714 3443/2246/714
f 3440/2416/714 3443/2246/714 3444/2418/714
f 3442/2220/713 3441/2417/713 3445/2419/713
f 3442/2220/713 3445/2419/713 3446/2221/713
f 3444/2418/714 3443/2246/714 3447/2250/714
f 3444/2418/714 3447/2250/714 3448/2420/714
f 3446/2221/713 3445/2419/713 3449/2421/713
f 3446/2221/713 3449/2421/713 3450/2223/713
f 3448/2420/714 3447/2250/714 3451/2154/714
f 3448/2420/714 3451/2154/714 3452/2422/714
f 3450/2223/713 3449/2421/713 3453/2423/713
f 3450/2223/713 3453/2423/713 3454/2225/713
f 3452/2422/714 3451/2154/714 3455/2146/714
f 3452/2422/714 3455/2146/714 3456/2424/714
f 3454/2225/713 3453/2423/713 3414/2403/713
f 3454/2225/713 3414/2403/713 3413/2162/713
f 3456/2424/714 3455/2146/714 3418/2145/714
f 3456/2424/714 3418/2145/714 3417/2405/714
f 3457/2181/715 3458/2425/715 3459/2426/715
f 3457/2181/715 3459/2426/715 3460/2133/715
f 3461/2427/716 3462/2165/716 3463/2144/716
f 3461/2427/716 3463/2144/716 3464/2428/716
f 3460/2133/715 3459/2426/715 3465/2429/715
f 3460/2133/715 3465/2429/715 3466/2134/715
f 3464/2428/716 3463/2144/716 3467/2147/716
f 3464/2428/716 3467/2147/716 3468/2430/716
f 3466/2134/715 3465/2429/715 3469/2431/715
f 3466/2134/715 3469/2431/715 3470/2239/715
f 3468/2430/716 3467/2147/716 3471/2155/716
f 3468/2430/716 3471/2155/716 3472/2432/716
f 3470/2239/715 3469/2431/715 3473/2433/715
f 3470/2239/715 3473/2433/715 3474/2243/715
f 3472/2432/716 3471/2155/716 3475/2249/716
f 3472/2432/716 3475/2249/716 3476/2434/716
f 3474/2243/715 3473/2433/715 3477/2435/715
f 3474/2243/715 3477/2435/715 3478/2247/715
f 3476/2434/716 3475/2249/716 3479/2245/716
f 3476/2434/716 3479/2245/716 3480/2436/716
f 3478/2247/715 3477/2435/715 3481/2437/715
f 3478/2247/715 3481/2437/715 3482/2232/715
f 3480/2436/716 3479/2245/716 3483/2152/716
f 3480/2436/716 3483/2152/716 3484/2438/716
f 3482/2232/715 3481/2437/715 3422/2407/715
f 3482/2232/715 3422/2407/715 3421/2216/715
f 3484/2438/716 3483/2152/716 3426/2148/716
f 3484/2438/716 3426/2148/716 3425/2409/716
f 3485/2180/715 3486/2439/715 3458/2425/715
f 3485/2180/715 3458/2425/715 3457/2181/715
f 3487/2440/716 3488/2227/716 3462/2165/716
f 3487/2440/716 3462/2165/716 3461/2427/716
s 1
f 3489/2137/713 3490/2441/713 3226/2298/664
f 3489/2137/713 3226/2298/664 3225/2138/663
f 3491/2442/714 3492/2230/714 3233/2229/671
f 3491/2442/714 3233/2229/671 3236/2306/674
f 3245/2212/683 3248/2316/686 3254/2320/692
f 3245/2212/683 3254/2320/692 3253/2213/691
f 3238/2307/676 3237/2122/675 3249/2121/687
f 3238/2307/676 3249/2121/687 3252/2319/690
f 3229/2141/667 3232/2303/670 3222/2295/660
f 3229/2141/667 3222/2295/660 3221/2142/659
f 3234/2304/672 3233/2229/671 3217/2228/655
f 3234/2304/672 3217/2228/655 3220/2294/658
f 3493/2211/714 3494/2443/714 3246/2314/684
f 3493/2211/714 3246/2314/684 3245/2212/683
f 3495/2444/713 3496/2129/713 3241/2310/679
f 3495/2444/713 3241/2310/679 3244/2313/682
s 0
f 3497/2214/716 3498/2445/716 3428/2410/716
f 3497/2214/716 3428/2410/716 3427/2151/716
f 3499/2446/715 3500/2202/715 3424/2217/715
f 3499/2446/715 3424/2217/715 3423/2408/715
f 3501/2143/704 3502/2447/704 3340/2365/704
s 1
f 3501/2143/704 3340/2365/704 3339/2207/704
s 0
f 3503/2448/703 3504/2449/703 3336/2054/703
f 3503/2448/703 3336/2054/703 3335/2363/703
f 3505/2123/706 3506/2450/706 3348/2369/706
f 3505/2123/717 3348/2369/717 3347/2242/717
f 3507/2451/705 3508/2452/705 3344/2175/705
f 3507/2451/705 3344/2175/705 3343/2367/705
f 3509/2204/711 3510/2453/711 3382/2386/711
f 3509/2204/711 3382/2386/711 3381/2170/711
f 3511/2454/718 3512/2120/718 3386/2241/718
f 3511/2454/712 3386/2241/712 3385/2388/712
s 1
f 3513/2140/719 3514/2455/719 3230/2301/668
f 3513/2140/719 3230/2301/668 3229/2141/667
f 3515/2456/707 3516/2139/707 3225/2138/663
f 3515/2456/707 3225/2138/663 3228/2300/666
s 0
f 3112/2198/598 3111/2197/598 3517/2251/598
f 3112/2198/598 3517/2251/598 3518/2398/598
f 3519/2457/597 3520/2458/597 3521/2459/597
f 3519/2457/597 3521/2459/597 3522/2460/597
f 3523/2461/601 3524/2462/601 3525/2463/601
f 3523/2461/601 3525/2463/601 3526/2464/601
f 3527/2465/597 3528/2466/597 3529/2467/597
f 3527/2465/597 3529/2467/597 3530/2468/597
f 3531/2469/599 3532/2470/599 3533/2471/599
f 3531/2469/599 3533/2471/599 3534/2472/599
f 3535/2473/597 3528/2466/597 3536/2474/597
f 3535/2473/597 3536/2474/597 3537/2475/597
f 3538/2476/598 3539/2477/598 3540/2478/598
f 3538/2476/598 3540/2478/598 3541/2479/598
s 1
f 3542/2480/720 3543/2481/597 3544/2482/597
f 3542/2480/720 3544/2482/597 3545/2483/721
s 0
f 3546/2484/599 3547/2485/599 3548/2486/599
f 3546/2484/599 3548/2486/599 3549/2487/599
f 3550/2488/598 3551/2489/598 3552/2490/598
f 3550/2488/598 3552/2490/598 3553/2491/598
f 3540/2478/598 3554/2492/598 3555/2493/598
f 3540/2478/598 3555/2493/598 3556/2494/598
f 3557/2495/602 3558/2496/602 3559/2497/602
f 3557/2495/602 3559/2497/602 3560/2498/602
f 3561/2499/599 3562/2500/599 3563/2501/599
f 3561/2499/599 3563/2501/599 3564/2502/599
f 3565/2503/597 3566/2504/597 3567/2505/597
f 3565/2503/597 3567/2505/597 3568/2506/597
f 3569/2507/602 3570/2508/602 3571/2509/602
f 3569/2507/602 3571/2509/602 3572/2510/602
f 3573/2511/597 3529/2467/597 3528/2466/597
f 3573/2511/597 3528/2466/597 3535/2473/597
f 3574/2512/601 3575/2513/601 3576/2514/601
f 3574/2512/601 3576/2514/601 3577/2515/601
f 3558/2496/602 3578/2516/602 3579/2517/602
f 3558/2496/602 3579/2517/602 3559/2497/602
f 3580/2518/598 3581/2519/598 3582/2520/598
f 3580/2518/598 3582/2520/598 3583/2521/598
f 3548/2486/599 3584/2522/599 3585/2523/599
f 3548/2486/599 3585/2523/599 3586/2524/599
f 3587/2525/602 3588/2526/602 3589/2527/602
f 3587/2525/602 3589/2527/602 3590/2528/602
f 3591/2529/599 3592/2530/599 3593/2531/599
f 3591/2529/599 3593/2531/599 3594/2532/599
f 3595/2533/600 3596/2534/600 3597/2535/600
f 3595/2533/600 3597/2535/600 3598/2536/600
f 3599/2537/597 3600/2538/597 3601/2539/597
f 3599/2537/597 3601/2539/597 3602/2540/597
f 3603/2541/601 3604/2542/601 3605/2543/601
f 3603/2541/601 3605/2543/601 3606/2544/601
f 3607/2545/602 3608/2546/602 3609/2547/602
f 3607/2545/602 3609/2547/602 3610/2548/602
f 3611/2549/599 3612/2550/599 3613/2551/599
f 3611/2549/599 3613/2551/599 3614/2552/599
f 3615/2553/600 3616/2554/600 3617/2555/600
f 3615/2553/600 3617/2555/600 3618/2556/600
f 3619/2557/602 3620/2558/602 3621/2559/602
f 3619/2557/602 3621/2559/602 3622/2560/602
f 3623/2561/602 3624/2562/602 3625/2563/602
f 3623/2561/602 3625/2563/602 3626/2564/602
f 3627/2565/601 3628/2566/601 3524/2462/601
f 3627/2565/601 3524/2462/601 3523/2461/601
f 3629/2567/600 3630/2568/600 3631/2569/600
f 3629/2567/600 3631/2569/600 3632/2570/600
f 3633/2571/598 3634/2572/598 3635/2573/598
f 3633/2571/598 3635/2573/598 3636/2574/598
f 3637/2575/602 3638/2576/602 3639/2577/602
f 3637/2575/602 3639/2577/602 3640/2578/602
f 3641/2579/599 3642/2580/599 3643/2581/599
f 3641/2579/599 3643/2581/599 3644/2582/599
f 3645/2583/598 3633/2571/598 3636/2574/598
f 3645/2583/598 3636/2574/598 3646/2584/598
f 3647/2585/601 3648/2586/601 3649/2587/601
f 3647/2585/601 3649/2587/601 3650/2588/601
f 3626/2564/602 3625/2563/602 3651/2589/602
f 3626/2564/602 3651/2589/602 3652/2590/602
f 3653/2591/602 3587/2525/602 3590/2528/602
f 3653/2591/602 3590/2528/602 3654/2592/602
f 3655/2593/599 3656/2594/599 3657/2595/599
f 3655/2593/599 3657/2595/599 3658/2596/599
f 3659/2597/597 3660/2598/597 3661/2599/597
f 3659/2597/597 3661/2599/597 3662/2600/597
f 3663/2601/602 3664/2602/602 3570/2508/602
f 3663/2601/602 3570/2508/602 3569/2507/602
f 3665/2603/597 3666/2604/597 3662/2600/597
f 3665/2603/597 3662/2600/597 3661/2599/597
f 3667/2605/602 3668/2606/602 3590/2528/602
f 3667/2605/602 3590/2528/602 3589/2527/602
f 3596/2534/600 3669/2607/600 3670/2608/600
f 3596/2534/600 3670/2608/600 3597/2535/600
f 3671/2609/599 3672/2610/599 3656/2594/599
f 3671/2609/599 3656/2594/599 3655/2593/599
s 1
f 3673/2611/597 3674/2612/722 3521/2459/597
s 0
f 3673/2611/597 3521/2459/597 3520/2458/597
f 3675/2613/599 3676/2614/599 3592/2530/599
f 3675/2613/599 3592/2530/599 3591/2529/599
f 3549/2487/599 3548/2486/599 3586/2524/599
f 3549/2487/599 3586/2524/599 3677/2615/599
f 3678/2616/597 3679/2617/597 3544/2482/597
s 1
f 3678/2616/597 3544/2482/597 3680/2618/723
s 0
f 3681/2619/599 3682/2620/599 3657/2595/599
f 3681/2619/599 3657/2595/599 3656/2594/599
f 3683/2621/599 3684/2622/599 3593/2531/599
f 3683/2621/599 3593/2531/599 3592/2530/599
f 3685/2623/598 3686/2624/598 3687/2625/598
f 3685/2623/598 3687/2625/598 3688/2626/598
f 3689/2627/602 3690/2628/602 3571/2509/602
f 3689/2627/602 3571/2509/602 3570/2508/602
s 1
f 3543/2481/597 3691/2629/724 3680/2618/723
f 3543/2481/597 3680/2618/723 3544/2482/597
s 0
f 3660/2598/597 3692/2630/597 3693/2631/597
f 3660/2598/597 3693/2631/597 3661/2599/597
f 3694/2632/599 3695/2633/599 3696/2634/599
f 3694/2632/599 3696/2634/599 3697/2635/599
s 1
f 3679/2617/597 3698/2636/597 3545/2483/721
f 3679/2617/597 3545/2483/721 3544/2482/597
s 0
f 3699/2637/602 3689/2627/602 3570/2508/602
f 3699/2637/602 3570/2508/602 3664/2602/602
f 3700/2638/598 3701/2639/598 3702/2640/598
f 3700/2638/598 3702/2640/598 3703/2641/598
f 3704/2642/599 3705/2643/599 3706/2644/599
f 3704/2642/599 3706/2644/599 3707/2645/599
f 3708/2646/598 3709/2647/598 3710/2648/598
f 3708/2646/598 3710/2648/598 3711/2649/598
f 3712/2650/598 3713/2651/598 3688/2626/598
f 3712/2650/598 3688/2626/598 3687/2625/598
f 3714/2652/598 3715/2653/598 3646/2584/598
f 3714/2652/598 3646/2584/598 3636/2574/598
f 3716/2654/598 3580/2518/598 3583/2521/598
f 3716/2654/598 3583/2521/598 3717/2655/598
f 3547/2485/599 3718/2656/599 3584/2522/599
f 3547/2485/599 3584/2522/599 3548/2486/599
f 3668/2606/602 3719/2657/602 3654/2592/602
f 3668/2606/602 3654/2592/602 3590/2528/602
f 3720/2658/600 3721/2659/600 3722/2660/600
f 3720/2658/600 3722/2660/600 3723/2661/600
f 3724/2662/600 3725/2663/600 3726/2664/600
f 3724/2662/600 3726/2664/600 3727/2665/600
s 1
f 3728/2666/725 3673/2611/597 3520/2458/597
f 3728/2666/725 3520/2458/597 3729/2667/597
s 0
f 3622/2560/602 3621/2559/602 3730/2668/602
f 3622/2560/602 3730/2668/602 3731/2669/602
f 3732/2670/597 3665/2603/597 3661/2599/597
f 3732/2670/597 3661/2599/597 3693/2631/597
f 3610/2548/602 3609/2547/602 3733/2671/602
f 3610/2548/602 3733/2671/602 3734/2672/602
f 3735/2673/600 3736/2674/600 3616/2554/600
f 3735/2673/600 3616/2554/600 3615/2553/600
f 3539/2477/598 3737/2675/598 3554/2492/598
f 3539/2477/598 3554/2492/598 3540/2478/598
f 3648/2586/601 3738/2676/601 3739/2677/601
f 3648/2586/601 3739/2677/601 3649/2587/601
f 3582/2520/598 3740/2678/598 3741/2679/598
f 3582/2520/598 3741/2679/598 3583/2521/598
f 3742/2680/599 3743/2681/599 3562/2500/599
f 3742/2680/599 3562/2500/599 3561/2499/599
f 3744/2682/601 3745/2683/601 3746/2684/601
f 3744/2682/601 3746/2684/601 3747/2685/601
f 3748/2686/598 3749/2687/598 3750/2688/598
f 3748/2686/598 3750/2688/598 3751/2689/598
f 3686/2624/598 3752/2690/598 3753/2691/598
f 3686/2624/598 3753/2691/598 3687/2625/598
f 3754/2692/601 3755/2693/601 3756/2694/601
f 3754/2692/601 3756/2694/601 3757/2695/601
s 1
f 3758/2696/726 3759/2697/727 3760/2698/728
f 3758/2696/726 3760/2698/728 3761/2699/729
f 3762/2700/730 3763/2701/731 3764/2702/637
f 3762/2700/730 3764/2702/637 3765/2703/732
f 3766/2704/733 3767/2705/734 3768/2706/735
f 3766/2704/733 3768/2706/735 3769/2707/736
f 3770/2513/737 3771/2708/738 3772/2709/739
f 3770/2513/737 3772/2709/739 3773/2710/740
f 3774/2479/741 3775/2711/604 3776/2712/742
f 3774/2479/741 3776/2712/742 3777/2713/606
f 3778/2550/743 3779/2714/744 3780/2715/609
f 3778/2550/743 3780/2715/609 3781/2716/745
f 3782/2677/746 3783/2717/747 3784/2718/748
f 3782/2677/746 3784/2718/748 3785/2719/749
f 3786/2720/750 3787/2721/751 3788/2722/752
f 3786/2720/750 3788/2722/752 3789/2723/753
f 3790/2724/663 3791/2725/754 3792/2726/755
f 3790/2724/663 3792/2726/755 3793/2727/756
f 3794/2655/757 3795/2728/680 3796/2729/758
f 3794/2655/757 3796/2729/758 3797/2730/682
f 3798/2562/759 3799/2731/684 3800/2732/685
f 3798/2562/759 3800/2732/685 3801/2733/760
f 3802/2607/761 3803/2734/762 3804/2735/763
f 3802/2607/761 3804/2735/763 3805/2736/764
f 3806/2661/765 3807/2737/766 3808/2738/767
f 3806/2661/765 3808/2738/767 3809/2739/690
f 3810/2517/768 3811/2740/769 3812/2741/770
f 3810/2517/768 3812/2741/770 3813/2742/771
f 3814/2468/772 3815/2743/773 3816/2744/774
f 3814/2468/772 3816/2744/774 3817/2745/775
f 3818/2578/776 3819/2746/777 3820/2747/778
f 3818/2578/776 3820/2747/778 3821/2748/779
f 3822/2543/659 3823/2749/660 3824/2750/780
f 3822/2543/659 3824/2750/780 3825/2751/781
f 3826/2505/782 3827/2752/783 3828/2753/784
f 3826/2505/782 3828/2753/784 3829/2754/785
f 3830/2502/643 3831/2755/644 3832/2756/786
f 3830/2502/643 3832/2756/786 3833/2757/787
f 3834/2555/788 3835/2758/789 3836/2759/790
f 3834/2555/788 3836/2759/790 3837/2760/650
f 3838/2539/639 3839/2761/791 3840/2762/792
f 3838/2539/639 3840/2762/792 3841/2763/642
f 3842/2464/793 3843/2764/620 3844/2765/794
f 3842/2464/793 3844/2765/794 3845/2766/795
f 3846/2523/623 3847/2767/796 3848/2768/797
f 3846/2523/623 3848/2768/797 3849/2769/798
f 3850/2460/799 3851/2770/800 3852/2771/801
f 3850/2460/799 3852/2771/801 3853/2772/802
f 3854/2565/803 3855/2773/612 3856/2774/804
f 3854/2565/803 3856/2774/804 3857/2775/614
f 3858/2640/603 3859/2776/805 3860/2777/742
f 3858/2640/603 3860/2777/742 3861/2778/806
f 3862/2656/607 3863/2779/807 3864/2780/808
f 3862/2656/607 3864/2780/808 3865/2781/809
f 3866/2678/627 3867/2782/734 3868/2783/735
f 3866/2678/627 3868/2783/735 3869/2784/630
f 3870/2674/810 3871/2785/811 3872/2786/812
f 3870/2674/810 3872/2786/812 3873/2787/813
f 3874/2680/635 3875/2788/814 3876/2789/815
f 3874/2680/635 3876/2789/815 3877/2790/732
f 3878/2791/816 3879/2792/817 3880/2793/818
f 3878/2791/816 3880/2793/818 3881/2794/819
f 3882/2474/820 3883/2795/791 3884/2796/792
f 3882/2474/820 3884/2796/792 3885/2797/642
f 3886/2798/821 3887/2799/822 3888/2800/823
f 3886/2798/821 3888/2800/823 3889/2801/646
f 3890/2533/824 3891/2802/825 3892/2803/826
f 3890/2533/824 3892/2803/826 3893/2804/827
f 3894/2589/768 3895/2805/769 3896/2806/828
f 3894/2589/768 3896/2806/828 3897/2807/829
f 3898/2808/830 3899/2809/831 3900/2810/774
f 3898/2808/830 3900/2810/774 3901/2811/832
f 3902/2812/776 3903/2813/833 3904/2814/834
f 3902/2812/776 3904/2814/834 3905/2815/835
f 3906/2588/836 3907/2816/837 3908/2817/838
f 3906/2588/836 3908/2817/838 3909/2818/839
f 3910/2667/840 3911/2819/652 3912/2820/784
f 3910/2667/840 3912/2820/784 3913/2821/785
f 3914/2512/841 3915/2822/842 3916/2823/843
f 3914/2512/841 3916/2823/843 3917/2824/844
f 3918/2551/623 3919/2825/845 3920/2826/846
f 3918/2551/623 3920/2826/846 3921/2827/798
f 3922/2828/799 3923/2829/800 3924/2830/801
f 3922/2828/799 3924/2830/801 3925/2831/847
f 3926/2542/848 3927/2832/849 3928/2833/850
f 3926/2542/848 3928/2833/850 3929/2834/670
f 3930/2575/750 3931/2835/751 3932/2836/851
f 3930/2575/750 3932/2836/851 3933/2837/852
f 3934/2493/853 3935/2838/854 3936/2839/755
f 3934/2493/853 3936/2839/755 3937/2840/855
f 3938/2658/675 3939/2841/676 3940/2842/856
f 3938/2658/675 3940/2842/856 3941/2843/857
f 3942/2489/858 3943/2844/859 3944/2845/860
f 3942/2489/858 3944/2845/860 3945/2846/861
f 3946/2516/862 3947/2847/863 3948/2848/864
f 3946/2516/862 3948/2848/864 3949/2849/865
f 3950/2504/615 3951/2850/616 3952/2851/801
f 3950/2504/615 3952/2851/801 3953/2852/618
f 3954/2544/866 3955/2853/867 3956/2854/868
f 3954/2544/866 3956/2854/868 3957/2855/622
f 3958/2469/869 3959/2856/870 3960/2857/871
f 3958/2469/869 3960/2857/871 3961/2858/872
f 3962/2465/873 3963/2859/791 3964/2860/792
f 3962/2465/873 3964/2860/792 3965/2861/874
f 3966/2582/875 3967/2861/822 3968/2860/876
f 3966/2582/875 3968/2860/876 3969/2862/877
f 3970/2660/788 3971/2863/878 3972/2864/879
f 3970/2660/788 3972/2864/879 3973/2865/880
f 3974/2514/881 3975/2866/881 3976/2867/882
f 3974/2514/881 3976/2867/882 3977/2868/882
f 3978/2471/883 3977/2868/882 3976/2867/882
f 3978/2471/883 3976/2867/882 3979/2869/883
f 3980/2478/884 3981/2870/885 3982/2871/886
f 3980/2478/884 3982/2871/886 3983/2872/887
f 3984/2873/888 3985/2874/889 3986/2875/889
f 3984/2873/888 3986/2875/889 3987/2876/890
f 3988/2491/891 3989/2877/892 3990/2878/893
f 3988/2491/891 3990/2878/893 3991/2879/894
f 3992/2580/895 3993/2880/895 3986/2875/889
f 3992/2580/895 3986/2875/889 3985/2874/889
f 3994/2659/896 3995/2881/897 3996/2882/898
f 3994/2659/896 3996/2882/898 3997/2883/899
f 3998/2579/900 3999/2884/901 4000/2885/902
f 3998/2579/900 4000/2885/902 4001/2886/903
f 4002/2488/627 4003/2887/734 4004/2888/735
f 4002/2488/627 4004/2888/735 4005/2889/904
f 4006/2494/905 4007/2890/604 4008/2891/742
f 4006/2494/905 4008/2891/742 4009/2892/906
f 4010/2472/907 4011/2893/744 4012/2894/908
f 4010/2472/907 4012/2894/908 4013/2895/610
f 4014/2541/803 4015/2896/909 4016/2897/910
f 4014/2541/803 4016/2897/910 4017/2898/911
f 4018/2676/912 4019/2899/913 4020/2900/914
f 4018/2676/912 4020/2900/914 4021/2901/915
f 4022/2638/916 4023/2902/917 4024/2903/918
f 4022/2638/916 4024/2903/918 4025/2904/919
f 4026/2546/920 4027/2905/921 4020/2900/914
f 4026/2546/920 4020/2900/914 4019/2899/913
f 4028/2608/922 4029/2906/923 4030/2907/924
f 4028/2608/922 4030/2907/924 4031/2908/925
f 4032/2668/926 4031/2908/925 4030/2907/924
f 4032/2668/926 4030/2907/924 4033/2909/927
f 4034/2521/928 4035/2910/929 4036/2911/930
f 4034/2521/928 4036/2911/930 4037/2912/931
f 4038/2556/687 4039/2913/766 4040/2914/767
f 4038/2556/687 4040/2914/767 4041/2915/690
f 4042/2557/932 4043/2916/769 4044/2917/933
f 4042/2557/932 4044/2917/933 4045/2918/694
f 4046/2538/695 4047/2919/773 4048/2920/774
f 4046/2538/695 4048/2920/774 4049/2921/775
f 4050/2463/934 4051/2922/660 4052/2923/780
f 4050/2463/934 4052/2923/780 4053/2924/781
f 4054/2457/935 4055/2925/936 4056/2926/784
f 4054/2457/935 4056/2926/784 4057/2927/937
f 4058/2672/655 4059/2928/938 4060/2929/939
f 4058/2672/655 4060/2929/939 4061/2930/658
f 4062/2566/667 4063/2931/668 4064/2932/850
f 4062/2566/667 4064/2932/850 4065/2933/670
f 4066/2545/940 4067/2934/751 4068/2935/941
f 4066/2545/940 4068/2935/941 4069/2936/674
f 4070/2639/663 4071/2937/854 4072/2938/755
f 4070/2639/663 4072/2938/755 4073/2939/666
f 4074/2679/679 4075/2940/859 4076/2941/860
f 4074/2679/679 4076/2941/860 4077/2942/942
f 4078/2669/683 4079/2943/943 4080/2944/944
f 4078/2669/683 4080/2944/944 4081/2945/686
f 4082/2673/945 4083/2946/676 4084/2947/856
f 4082/2673/945 4084/2947/856 4085/2948/857
f 4086/2585/946 4087/2949/947 4088/2950/948
f 4086/2585/946 4088/2950/948 4089/2951/949
f 4090/2671/950 4089/2951/949 4088/2950/948
f 4090/2671/950 4088/2950/948 4091/2952/950
f 4092/2458/951 4093/2953/952 4094/2954/953
f 4092/2458/951 4094/2954/953 4095/2955/954
f 4096/2537/955 4097/2956/956 4098/2957/957
f 4096/2537/955 4098/2957/957 4099/2958/958
f 4100/2558/959 4101/2959/960 4102/2960/961
f 4100/2558/959 4102/2960/961 4103/2961/962
f 4104/2536/963 4103/2961/962 4102/2960/961
f 4104/2536/963 4102/2960/961 4105/2962/964
f 4106/2963/965 4107/2964/965 4108/2965/966
f 4106/2963/965 4108/2965/966 4109/2966/967
f 4110/2581/968 4109/2966/967 4108/2965/966
f 4110/2581/968 4108/2965/966 4111/2967/969
f 4112/2466/970 4113/2967/971 4114/2965/972
f 4112/2466/970 4114/2965/972 4115/2968/973
f 4116/2515/974 4117/2969/975 4118/2970/975
f 4116/2515/974 4118/2970/975 4119/2971/976
f 4120/2503/977 4121/2972/978 4122/2973/979
f 4120/2503/977 4122/2973/979 4123/2974/980
f 4124/2470/981 4125/2975/982 4118/2970/975
f 4124/2470/981 4118/2970/975 4117/2969/975
f 4126/2976/635 4127/2977/814 4128/2978/815
f 4126/2976/635 4128/2978/815 4129/2979/732
f 4130/2573/627 4131/2980/734 4132/2981/983
f 4130/2573/627 4132/2981/983 4133/2982/630
f 4134/2567/726 4135/2983/984 4136/2984/985
f 4134/2567/726 4136/2984/985 4137/2985/634
f 4138/2693/986 4139/2986/987 4140/2987/988
f 4138/2693/986 4140/2987/988 4141/2988/989
f 4142/2989/603 4143/2990/604 4144/2991/605
f 4142/2989/603 4144/2991/605 4145/2992/606
f 4146/2614/607 4147/2993/807 4148/2994/990
f 4146/2614/607 4148/2994/990 4149/2995/745
f 4150/2996/635 4151/2997/731 4152/2998/991
f 4150/2996/635 4152/2998/991 4153/2999/992
f 4154/2691/627 4155/3000/628 4156/3001/629
f 4154/2691/627 4156/3001/629 4157/3002/736
f 4158/2662/810 4159/3003/993 4160/3004/994
f 4158/2662/810 4160/3004/994 4161/3005/995
f 4162/2683/986 4163/3006/996 4164/3007/997
f 4162/2683/986 4164/3007/997 4165/3008/998
f 4166/3009/603 4167/3010/999 4168/3011/1000
f 4166/3009/603 4168/3011/1000 4169/3012/806
f 4170/2610/607 4171/3013/1001 4172/3014/808
f 4170/2610/607 4172/3014/808 4173/3015/809
f 4174/2635/1002 4175/3016/1003 4176/3017/1003
f 4174/2635/1002 4176/3017/1003 4177/3018/1004
f 4178/2650/1005 4179/3019/1006 4180/3020/1007
f 4178/2650/1005 4180/3020/1007 4181/3021/1008
f 4182/2684/1009 4183/3022/881 4184/3023/1010
f 4182/2684/1009 4184/3023/1010 4185/3024/1003
f 4186/2632/1011 4187/3025/1012 4188/3026/1013
f 4186/2632/1011 4188/3026/1013 4189/3027/1014
f 4190/2665/1015 4191/3028/1013 4192/3029/1013
f 4190/2665/1015 4192/3029/1013 4193/3030/1015
f 4194/2625/1016 4195/3031/892 4196/3032/1017
f 4194/2625/1016 4196/3032/1017 4197/3033/1018
f 4198/2645/1002 4199/3034/1003 4200/3035/1010
f 4198/2645/1002 4200/3035/1010 4201/3036/1004
f 4202/2652/1005 4203/3037/885 4204/3038/1007
f 4202/2652/1005 4204/3038/1007 4205/3039/887
f 4206/2694/1009 4207/3040/1019 4208/3041/1010
f 4206/2694/1009 4208/3041/1010 4209/3042/1003
f 4210/2642/1011 4211/3043/1012 4212/3044/1014
f 4210/2642/1011 4212/3044/1014 4213/3045/1014
f 4214/2570/1020 4215/3046/1014 4216/3047/1014
f 4214/2570/1020 4216/3047/1014 4217/3048/888
f 4218/2574/1016 4219/3049/892 4220/3050/1017
f 4218/2574/1016 4220/3050/1017 4221/3051/1018
f 4222/2663/1021 4223/3052/1022 4224/3053/1023
f 4222/2663/1021 4224/3053/1023 4225/3054/1024
f 4226/2689/1025 4225/3054/1024 4224/3053/1023
f 4226/2689/1025 4224/3053/1023 4227/3055/1026
f 4228/2619/1027 4229/3056/1028 4230/3057/1029
f 4228/2619/1027 4230/3057/1029 4231/3058/1030
f 4232/2686/1031 4233/3059/1032 4234/3060/1033
f 4232/2686/1031 4234/3060/1033 4235/3061/1033
f 4236/2682/1034 4235/3061/1033 4234/3060/1033
f 4236/2682/1034 4234/3060/1033 4237/3062/1034
f 4238/2594/1035 4239/3063/1036 4240/3064/1037
f 4238/2594/1035 4240/3064/1037 4241/3065/1038
f 4242/2568/1021 4243/3066/1021 4244/3067/1023
f 4242/2568/1021 4244/3067/1023 4245/3068/1024
f 4246/2649/1025 4245/3068/1024 4244/3067/1023
f 4246/2649/1025 4244/3067/1023 4247/3069/1039
f 4248/2621/1027 4249/3070/1028 4250/3071/1029
f 4248/2621/1027 4250/3071/1029 4251/3072/1040
f 4252/2692/1034 4253/3073/1033 4254/3074/1041
f 4252/2692/1034 4254/3074/1041 4255/3075/1042
f 4256/2530/1035 4257/3076/1036 4258/3077/1037
f 4256/2530/1035 4258/3077/1037 4259/3078/1038
f 4260/2646/1032 4261/3079/1043 4254/3074/1041
f 4260/2646/1032 4254/3074/1041 4253/3073/1033
f 4262/2633/635 4263/3080/636 4264/3081/1044
f 4262/2633/635 4264/3081/1044 4265/3082/992
f 4266/2688/627 4267/3082/628 4268/3081/735
f 4266/2688/627 4268/3081/735 4269/3083/736
f 4270/2664/896 4271/3083/993 4272/3081/994
f 4270/2664/896 4272/3081/994 4273/3084/995
f 4274/2685/986 4275/3085/1045 4276/3086/997
f 4274/2685/986 4276/3086/997 4277/3087/998
f 4278/2687/603 4279/3087/1046 4280/3086/1047
f 4278/2687/603 4280/3086/1047 4281/3088/606
f 4282/2634/607 4283/3088/608 4284/3086/990
f 4282/2634/607 4284/3086/990 4285/3089/745
f 4286/2643/635 4287/3090/814 4288/3091/991
f 4286/2643/635 4288/3091/991 4289/3092/903
f 4290/2648/627 4291/3092/628 4292/3091/1048
f 4290/2648/627 4292/3091/1048 4293/3093/736
f 4294/2569/810 4295/3093/993 4296/3091/985
f 4294/2569/810 4296/3091/985 4297/3094/995
f 4298/2644/607 4299/3095/1001 4300/3096/1049
f 4298/2644/607 4300/3096/1049 4301/3097/745
f 4302/2695/803 4303/3098/987 4304/3096/988
f 4302/2695/803 4304/3096/988 4305/3099/989
f 4306/2647/603 4307/3099/805 4308/3096/742
f 4306/2647/603 4308/3096/742 4309/3095/806
f 4310/2587/1050 4311/3100/1050 3907/2816/837
f 4310/2587/1050 3907/2816/837 3906/2588/836
f 4312/3101/1051 4313/3102/1051 3902/2812/776
f 4312/3101/1051 3902/2812/776 3905/2815/835
f 4034/2521/928 4037/2912/931 3795/2728/680
f 4034/2521/928 3795/2728/680 3794/2655/757
f 4314/2906/717 4315/2608/1052 3802/2607/761
f 4314/2906/717 3802/2607/761 3805/2736/764
f 3946/2516/862 3949/2849/865 3811/2740/769
f 3946/2516/862 3811/2740/769 3810/2517/768
f 3939/2841/676 3938/2658/675 3806/2661/765
f 3939/2841/676 3806/2661/765 3809/2739/690
s 0
f 4316/3103/1053 4317/3104/1053 4318/3105/1053
f 4316/3103/1053 4318/3105/1053 4319/2577/1053
f 4320/3106/715 4321/3107/715 4322/2506/715
f 4320/3106/1054 4322/2506/1054 4323/3108/1054
s 1
f 3818/2578/776 3821/2748/779 3931/2835/751
f 3818/2578/776 3931/2835/751 3930/2575/750
f 3823/2749/660 3822/2543/659 3926/2542/848
f 3823/2749/660 3926/2542/848 3929/2834/670
f 4324/2522/1055 4325/3109/1055 3847/2767/796
f 4324/2522/1055 3847/2767/796 3846/2523/623
f 4326/3110/1056 4327/2461/1056 3842/2464/793
f 4326/3110/1056 3842/2464/793 3845/2766/795
f 3886/2798/821 3889/2801/646 3763/2701/731
f 3886/2798/821 3763/2701/731 3762/2700/730
f 3879/2792/817 3878/2791/816 3758/2696/726
f 3879/2792/817 3758/2696/726 3761/2699/729
f 3778/2550/743 3781/2716/745 3919/2825/845
f 3778/2550/743 3919/2825/845 3918/2551/623
f 3771/2708/738 3770/2513/737 3914/2512/841
f 3771/2708/738 3914/2512/841 3917/2824/844
f 4328/2549/702 4329/3111/702 3779/2714/744
f 4328/2549/702 3779/2714/744 3778/2550/743
f 4330/3112/701 4331/2476/701 3774/2479/741
f 4330/3112/701 3774/2479/741 3777/2713/606
f 3950/2504/615 3953/2852/618 3827/2752/783
f 3950/2504/615 3827/2752/783 3826/2505/782
f 3955/2853/867 3954/2544/866 3822/2543/659
f 3955/2853/867 3822/2543/659 3825/2751/781
f 4332/2467/1054 4333/3113/1054 3815/2743/773
f 4332/2467/1054 3815/2743/773 3814/2468/772
f 4334/3114/1053 4335/2497/1053 3810/2517/768
f 4334/3114/1053 3810/2517/768 3813/2742/771
f 4319/2577/1053 4318/3105/1053 3819/2746/777
f 4319/2577/1053 3819/2746/777 3818/2578/776
f 4323/3108/715 4322/2506/715 3826/2505/782
f 4323/3108/715 3826/2505/782 3829/2754/785
f 3838/2539/639 3841/2763/642 4336/3115/700
f 3838/2539/639 4336/3115/700 4337/2540/700
f 3831/2755/644 3830/2502/643 4338/2501/699
f 3831/2755/644 4338/2501/699 4339/3116/699
f 3846/2523/623 3849/2769/798 4340/3117/699
f 3846/2523/623 4340/3117/699 4341/2524/699
f 3851/2770/800 3850/2460/799 4342/2459/700
f 3851/2770/800 4342/2459/700 4343/3118/700
f 4050/2463/934 4053/2924/781 3843/2764/620
f 4050/2463/934 3843/2764/620 3842/2464/793
f 4055/2925/936 4054/2457/935 3850/2460/799
f 4055/2925/936 3850/2460/799 3853/2772/802
f 4070/2639/663 4073/2939/666 3859/2776/805
f 4070/2639/663 3859/2776/805 3858/2640/603
f 4063/2931/668 4062/2566/667 3854/2565/803
f 4063/2931/668 3854/2565/803 3857/2775/614
f 3858/2640/603 3861/2778/806 4344/3119/701
f 3858/2640/603 4344/3119/701 4345/2641/701
f 3863/2779/807 3862/2656/607 4346/2485/702
f 3863/2779/807 4346/2485/702 4347/3120/702
f 3874/2680/635 3877/2790/732 4348/3121/702
f 3874/2680/635 4348/3121/702 4349/2681/702
f 3867/2782/734 3866/2678/627 4350/2520/701
f 3867/2782/734 4350/2520/701 4351/3122/701
f 4352/3123/1057 4353/3124/1057 3923/2829/800
f 4352/3123/1057 3923/2829/800 3922/2828/799
f 4354/3125/699 4355/2552/699 3918/2551/623
f 4354/3125/699 3918/2551/623 3921/2827/798
s 0
f 4356/2675/713 4357/3126/713 4358/3127/713
f 4356/2675/713 4358/3127/713 4359/2492/713
f 4360/3128/1058 4361/3129/1058 4362/2576/1058
f 4360/3128/1058 4362/2576/1058 4363/3130/1058
s 1
f 4359/2492/713 4358/3127/713 3935/2838/854
f 4359/2492/713 3935/2838/854 3934/2493/853
f 4363/3130/1058 4362/2576/1058 3930/2575/750
f 4363/3130/1058 3930/2575/750 3933/2837/852
f 4364/2496/1058 4365/3131/1058 3947/2847/863
f 4364/2496/1058 3947/2847/863 3946/2516/862
f 4366/3132/713 4367/2490/713 3942/2489/858
f 4366/3132/713 3942/2489/858 3945/2846/861
f 4014/2541/803 4017/2898/911 3927/2832/849
f 4014/2541/803 3927/2832/849 3926/2542/848
f 4007/2890/604 4006/2494/905 3934/2493/853
f 4007/2890/604 3934/2493/853 3937/2840/855
f 4368/2534/1059 4369/3133/1059 3803/2734/762
f 4368/2534/1059 3803/2734/762 3802/2607/761
f 4370/3134/1060 4371/2563/1060 3798/2562/759
f 4370/3134/1060 3798/2562/759 3801/2733/760
f 4372/2499/1061 4373/3135/1061 3875/2788/814
f 4372/2499/1061 3875/2788/814 3874/2680/635
f 4374/3136/1062 4375/2554/1062 3870/2674/810
f 4374/3136/1062 3870/2674/810 3873/2787/813
f 3814/2468/772 3817/2745/775 3963/2859/791
f 3814/2468/772 3963/2859/791 3962/2465/873
f 3807/2737/766 3806/2661/765 3970/2660/788
f 3807/2737/766 3970/2660/788 3973/2865/880
f 3770/2513/737 3773/2710/740 4376/2866/1063
f 3770/2513/737 4376/2866/1063 4377/2514/708
f 3775/2711/604 3774/2479/741 3980/2478/884
f 3775/2711/604 3980/2478/884 3983/2872/887
f 3766/2704/733 3769/2707/736 3989/2877/892
f 3766/2704/733 3989/2877/892 3988/2491/891
f 3759/2697/727 3758/2696/726 4378/2873/1064
f 3759/2697/727 4378/2873/1064 4379/2876/1064
f 3938/2658/675 3941/2843/857 3995/2881/897
f 3938/2658/675 3995/2881/897 3994/2659/896
f 3943/2844/859 3942/2489/858 4002/2488/627
f 3943/2844/859 4002/2488/627 4005/2889/904
f 3954/2544/866 3957/2855/622 4015/2896/909
f 3954/2544/866 4015/2896/909 4014/2541/803
f 3959/2856/870 3958/2469/869 4010/2472/907
f 3959/2856/870 4010/2472/907 4013/2895/610
f 4006/2494/905 4009/2892/906 3981/2870/885
f 4006/2494/905 3981/2870/885 3980/2478/884
f 4011/2893/744 4010/2472/907 4380/2471/702
f 4011/2893/744 4380/2471/702 4381/2869/702
f 3988/2491/891 3991/2879/894 4003/2887/734
f 3988/2491/891 4003/2887/734 4002/2488/627
f 4382/2880/702 4383/2580/702 3998/2579/900
f 4382/2880/702 3998/2579/900 4001/2886/903
f 3966/2582/875 3969/2862/877 3999/2884/901
f 3966/2582/875 3999/2884/901 3998/2579/900
f 3971/2863/878 3970/2660/788 3994/2659/896
f 3971/2863/878 3994/2659/896 3997/2883/899
f 3790/2724/663 3793/2727/756 4023/2902/917
f 3790/2724/663 4023/2902/917 4022/2638/916
f 3783/2717/747 3782/2677/746 4384/2676/1065
f 3783/2717/747 4384/2676/1065 4385/2901/1065
f 3834/2555/788 3837/2760/650 4039/2913/766
f 3834/2555/788 4039/2913/766 4038/2556/687
f 3839/2761/791 3838/2539/639 4046/2538/695
f 3839/2761/791 4046/2538/695 4049/2921/775
f 3866/2678/627 3869/2784/630 4075/2940/859
f 3866/2678/627 4075/2940/859 4074/2679/679
f 3871/2785/811 3870/2674/810 4082/2673/945
f 3871/2785/811 4082/2673/945 4085/2948/857
f 4386/2553/1066 4387/3137/1066 4083/2946/676
f 4386/2553/1066 4083/2946/676 4082/2673/945
f 4388/3138/1067 4389/2560/1067 4078/2669/683
f 4388/3138/1067 4078/2669/683 4081/2945/686
f 4022/2638/916 4025/2904/919 4071/2937/854
f 4022/2638/916 4071/2937/854 4070/2639/663
f 4390/2905/714 4391/2546/714 4066/2545/940
f 4390/2905/714 4066/2545/940 4069/2936/674
f 4392/2668/714 4393/2909/714 4079/2943/943
f 4392/2668/714 4079/2943/943 4078/2669/683
f 4035/2910/929 4034/2521/928 4074/2679/679
f 4035/2910/929 4074/2679/679 4077/2942/942
f 4394/2548/1068 4395/3139/1068 4067/2934/751
f 4394/2548/1068 4067/2934/751 4066/2545/940
f 4396/3140/1069 4397/2462/1069 4062/2566/667
f 4396/3140/1069 4062/2566/667 4065/2933/670
f 3906/2588/836 3909/2818/839 4398/2949/704
f 3906/2588/836 4398/2949/704 4399/2585/704
f 3911/2819/652 3910/2667/840 4092/2458/951
f 3911/2819/652 4092/2458/951 4095/2955/954
f 3898/2808/830 3901/2811/832 4097/2956/956
f 3898/2808/830 4097/2956/956 4096/2537/955
f 3891/2802/825 3890/2533/824 4400/2536/1070
f 3891/2802/825 4400/2536/1070 4401/2962/1070
f 4112/2466/970 4115/2968/973 3883/2795/791
f 4112/2466/970 3883/2795/791 3882/2474/820
f 4402/2964/712 4403/2963/1070 3878/2791/816
f 4402/2964/712 3878/2791/816 3881/2794/819
f 4404/2515/1071 4405/2971/1071 3915/2822/842
f 4404/2515/1071 3915/2822/842 3914/2512/841
f 4121/2972/978 4120/2503/977 3922/2828/799
f 4121/2972/978 3922/2828/799 3925/2831/847
f 4406/2581/699 4407/2967/699 3967/2861/822
f 4406/2581/699 3967/2861/822 3966/2582/875
f 4113/2967/971 4112/2466/970 3962/2465/873
f 4113/2967/971 3962/2465/873 3965/2861/874
s 0
f 4408/2580/1072 4409/2874/1072 4410/2966/1072
f 4408/2580/1073 4410/2966/1073 4411/2581/1073
f 4412/2874/1074 4413/2873/1074 4414/2963/1074
f 4412/2874/1075 4414/2963/1075 4415/2966/1075
s 1
f 4042/2557/932 4045/2918/694 4416/2959/716
f 4042/2557/932 4416/2959/716 4417/2558/716
f 4047/2919/773 4046/2538/695 4096/2537/955
f 4047/2919/773 4096/2537/955 4099/2958/958
s 0
f 4418/2535/1059 4419/3141/1059 4420/2961/1059
f 4418/2535/1076 4420/2961/1076 4421/2536/1076
f 4422/3141/1060 4423/2559/1060 4424/2558/1060
s 1
f 4422/3141/1077 4424/2558/1077 4425/2961/1077
f 4426/2671/716 4427/2952/716 4059/2928/938
f 4426/2671/716 4059/2928/938 4058/2672/655
f 4093/2953/952 4092/2458/951 4054/2457/935
f 4093/2953/952 4054/2457/935 4057/2927/937
s 0
f 4428/2547/1051 4429/3142/1051 4430/2951/1051
f 4428/2547/1051 4430/2951/1051 4431/2671/1051
f 4432/3142/1050 4433/2586/1050 4434/2585/1050
f 4432/3142/1050 4434/2585/1050 4435/2951/1050
s 1
f 3958/2469/869 3961/2858/872 4436/2975/699
f 3958/2469/869 4436/2975/699 4437/2470/699
f 3951/2850/616 3950/2504/615 4120/2503/977
f 3951/2850/616 4120/2503/977 4123/2974/980
s 0
f 4438/2514/1078 4439/2868/1078 4440/2969/1078
f 4438/2514/1079 4440/2969/1079 4441/2515/1079
f 4442/2868/1080 4443/2471/1080 4444/2470/1080
f 4442/2868/1081 4444/2470/1081 4445/2969/1081
f 4446/2657/716 4447/3143/716 4448/3144/716
f 4446/2657/716 4448/3144/716 4449/2592/716
f 4450/3145/715 4451/2631/715 4452/2630/715
f 4450/3145/715 4452/2630/715 4453/3146/715
s 1
f 4454/2628/1082 4455/3147/1082 4456/3148/1083
f 4454/2628/1082 4456/3148/1083 4457/2509/1083
f 4458/3149/1084 3680/2618/723 3691/2629/724
f 4458/3149/1084 3691/2629/724 4459/3150/1085
s 0
f 4460/2620/699 4461/3151/699 4462/3152/699
f 4460/2620/699 4462/3152/699 4463/2595/699
f 4464/3153/700 4465/2597/700 4466/2600/700
s 1
f 4464/3153/700 4466/2600/700 4467/3154/700
f 4468/2622/1086 4469/3155/1086 4470/3156/1087
f 4468/2622/1086 4470/3156/1087 4471/2531/1087
f 4472/3157/1088 3542/2480/720 3545/2483/721
f 4472/3157/1088 3545/2483/721 4473/3158/1089
s 0
f 4474/2602/714 4475/3159/714 4476/3160/714
f 4474/2602/714 4476/3160/714 4477/2637/714
f 4478/3161/713 4479/2584/713 4480/2653/713
f 4478/3161/713 4480/2653/713 4481/3162/713
f 4482/2645/702 4483/3036/702 4484/3043/702
f 4482/2645/702 4484/3043/702 4485/2642/702
s 1
f 4203/3037/885 4202/2652/1005 4218/2574/1016
f 4203/3037/885 4218/2574/1016 4221/3051/1018
s 0
f 4486/2527/714 4487/3163/714 4488/3164/714
f 4486/2527/714 4488/3164/714 4489/2605/714
f 4490/3165/713 4491/2626/713 4492/2651/713
f 4490/3165/713 4492/2651/713 4493/3166/713
f 4494/2635/702 4495/3018/702 4496/3025/702
f 4494/2635/702 4496/3025/702 4497/2632/702
s 1
f 4179/3019/1006 4178/2650/1005 4194/2625/1016
f 4179/3019/1006 4194/2625/1016 4197/3033/1018
f 4228/2619/1027 4231/3058/1030 4151/2997/731
f 4228/2619/1027 4151/2997/731 4150/2996/635
f 4498/3052/1090 4499/2663/1090 4158/2662/810
f 4498/3052/1090 4158/2662/810 4161/3005/995
f 4274/2685/986 4277/3087/998 4500/3061/719
f 4274/2685/986 4500/3061/719 4501/2682/719
f 4279/3087/1046 4278/2687/603 4502/2686/707
f 4279/3087/1046 4502/2686/707 4503/3061/707
f 4248/2621/1027 4251/3072/1040 4127/2977/814
f 4248/2621/1027 4127/2977/814 4126/2976/635
f 4504/3066/1090 4505/2568/1090 4134/2567/726
f 4504/3066/1090 4134/2567/726 4137/2985/634
f 4278/2687/603 4281/3088/606 4267/3082/628
f 4278/2687/603 4267/3082/628 4266/2688/627
f 4283/3088/608 4282/2634/607 4262/2633/635
f 4283/3088/608 4262/2633/635 4265/3082/992
f 4202/2652/1005 4205/3039/887 4143/2990/604
f 4202/2652/1005 4143/2990/604 4142/2989/603
f 4506/3040/708 4507/2694/708 4138/2693/986
f 4506/3040/708 4138/2693/986 4141/2988/989
f 4130/2573/627 4133/2982/630 4219/3049/892
f 4130/2573/627 4219/3049/892 4218/2574/1016
f 4135/2983/984 4134/2567/726 4508/2570/706
f 4135/2983/984 4508/2570/706 4509/3048/706
f 4178/2650/1005 4181/3021/1008 4167/3010/999
f 4178/2650/1005 4167/3010/999 4166/3009/603
f 4510/3022/708 4511/2684/708 4162/2683/986
f 4510/3022/708 4162/2683/986 4165/3008/998
f 4154/2691/627 4157/3002/736 4195/3031/892
f 4154/2691/627 4195/3031/892 4194/2625/1016
f 4159/3003/993 4158/2662/810 4512/2665/706
f 4159/3003/993 4512/2665/706 4513/3030/706
s 0
f 4514/2484/702 4515/3167/702 4347/3120/702
f 4514/2484/702 4347/3120/702 4346/2485/702
f 4516/3168/701 4517/2572/701 4345/2641/701
s 1
f 4516/3168/701 4345/2641/701 4344/3119/701
f 3674/2612/722 4518/3169/1091 4343/3118/700
f 3674/2612/722 4343/3118/700 4342/2459/700
f 4519/3170/1092 4520/2615/1093 4341/2524/699
f 4519/3170/1092 4341/2524/699 4340/3117/699
s 0
f 4521/2519/701 4522/3171/701 4351/3122/701
s 1
f 4521/2519/701 4351/3122/701 4350/2520/701
s 0
f 4523/3172/702 4524/2609/702 4349/2681/702
f 4523/3172/702 4349/2681/702 4348/3121/702
f 4525/2604/700 4526/3173/700 4467/3154/700
f 4525/2604/700 4467/3154/700 4466/2600/700
f 4527/3174/699 4528/2596/699 4463/2595/699
f 4527/3174/699 4463/2595/699 4462/3152/699
s 1
f 4529/2613/702 4530/3175/702 4147/2993/807
f 4529/2613/702 4147/2993/807 4146/2614/607
f 4531/3176/701 4532/2690/701 4142/2989/603
f 4531/3176/701 4142/2989/603 4145/2992/606
f 4533/2636/700 4534/3177/700 4473/3158/1089
f 4533/2636/700 4473/3158/1089 3545/2483/721
f 4535/3178/699 4536/2532/699 4471/2531/1087
f 4535/3178/699 4471/2531/1087 4470/3156/1087
f 4537/2583/713 4538/3179/713 3791/2725/754
f 4537/2583/713 3791/2725/754 3790/2724/663
f 4539/3180/714 4540/2601/714 3786/2720/750
f 4539/3180/714 3786/2720/750 3789/2723/753
f 3728/2666/725 4541/3181/1094 4459/3150/1085
f 3728/2666/725 4459/3150/1085 3691/2629/724
f 4542/3182/1095 4543/2510/1096 4457/2509/1083
f 4542/3182/1095 4457/2509/1083 4456/3148/1083
f 4544/2561/714 4545/3183/714 3799/2731/684
f 4544/2561/714 3799/2731/684 3798/2562/759
f 4546/3184/713 4547/2654/713 3794/2655/757
f 4546/3184/713 3794/2655/757 3797/2730/682
s 0
f 4548/2623/713 4549/3185/713 4481/3162/713
f 4548/2623/713 4481/3162/713 4480/2653/713
f 4550/3186/714 4551/2526/714 4477/2637/714
f 4550/3186/714 4477/2637/714 4476/3160/714
f 4552/2616/715 4553/3187/715 4453/3146/715
f 4552/2616/715 4453/3146/715 4452/2630/715
f 4554/3188/716 4555/2591/716 4449/2592/716
f 4554/3188/716 4449/2592/716 4448/3144/716
s 1
f 4556/2670/715 4557/3189/715 3899/2809/831
f 4556/2670/715 3899/2809/831 3898/2808/830
f 4558/3190/716 4559/2590/716 3894/2589/768
f 4558/3190/716 3894/2589/768 3897/2807/829
f 3782/2677/746 3785/2719/749 4311/3100/1050
f 3782/2677/746 4311/3100/1050 4310/2587/1050
f 3787/2721/751 3786/2720/750 4313/3102/1051
f 3787/2721/751 4313/3102/1051 4312/3101/1051
f 3862/2656/607 3865/2781/809 4325/3109/1055
f 3862/2656/607 4325/3109/1055 4324/2522/1055
f 3855/2773/612 3854/2565/803 4327/2461/1056
f 3855/2773/612 4327/2461/1056 4326/3110/1056
f 3890/2533/824 3893/2804/827 4369/3133/1059
f 3890/2533/824 4369/3133/1059 4368/2534/1059
f 3895/2805/769 3894/2589/768 4371/2563/1060
f 3895/2805/769 4371/2563/1060 4370/3134/1060
f 3830/2502/643 3833/2757/787 4373/3135/1061
f 3830/2502/643 4373/3135/1061 4372/2499/1061
f 3835/2758/789 3834/2555/788 4375/2554/1062
f 3835/2758/789 4375/2554/1062 4374/3136/1062
f 4038/2556/687 4041/2915/690 4387/3137/1066
f 4038/2556/687 4387/3137/1066 4386/2553/1066
f 4043/2916/769 4042/2557/932 4389/2560/1067
f 4043/2916/769 4389/2560/1067 4388/3138/1067
f 4058/2672/655 4061/2930/658 4395/3139/1068
f 4058/2672/655 4395/3139/1068 4394/2548/1068
f 4051/2922/660 4050/2463/934 4397/2462/1069
f 4051/2922/660 4397/2462/1069 4396/3140/1069
s 0
f 4560/2608/1059 4561/2908/1059 4419/3141/1059
f 4560/2608/1059 4419/3141/1059 4418/2535/1059
f 4562/2908/1060 4563/2668/1060 4423/2559/1060
f 4562/2908/1060 4423/2559/1060 4422/3141/1060
f 4564/2546/1097 4565/2899/1097 4429/3142/1097
f 4564/2546/1051 4429/3142/1051 4428/2547/1051
f 4566/2899/1098 4567/2676/1098 4433/2586/1099
f 4566/2899/1050 4433/2586/1050 4432/3142/1050
s 1
f 4170/2610/607 4173/3015/809 4239/3063/1036
f 4170/2610/607 4239/3063/1036 4238/2594/1035
f 4163/3006/996 4162/2683/986 4568/2682/1100
f 4163/3006/996 4568/2682/1100 4569/3062/1100
f 4146/2614/607 4149/2995/745 4257/3076/1036
f 4146/2614/607 4257/3076/1036 4256/2530/1035
f 4139/2986/987 4138/2693/986 4570/2692/1100
f 4139/2986/987 4570/2692/1100 4571/3075/1100
f 4256/2530/1035 4259/3078/1038 4249/3070/1028
f 4256/2530/1035 4249/3070/1028 4248/2621/1027
s 0
f 4572/3079/701 4573/2646/701 4574/2649/701
f 4572/3079/701 4574/2649/701 4575/3069/701
s 1
f 4238/2594/1035 4241/3065/1038 4229/3056/1028
f 4238/2594/1035 4229/3056/1028 4228/2619/1027
s 0
f 4576/3059/701 4577/2686/701 4578/2689/701
f 4576/3059/701 4578/2689/701 4579/3055/701
s 1
f 4580/2663/706 4581/3054/706 4271/3083/993
f 4580/2663/706 4271/3083/993 4270/2664/896
f 4582/3054/705 4583/2689/705 4266/2688/627
f 4582/3054/705 4266/2688/627 4269/3083/736
f 4584/2684/1100 4585/3024/1100 4275/3085/1045
f 4584/2684/1100 4275/3085/1045 4274/2685/986
f 4586/3016/1101 4587/2635/1101 4282/2634/607
f 4586/3016/1101 4282/2634/607 4285/3089/745
f 4588/2632/1102 4589/3027/1102 4263/3080/636
f 4588/2632/1102 4263/3080/636 4262/2633/635
f 4590/3028/1090 4591/2665/1090 4270/2664/896
f 4590/3028/1090 4270/2664/896 4273/3084/995
f 4306/2647/603 4309/3095/806 4291/3092/628
f 4306/2647/603 4291/3092/628 4290/2648/627
f 4299/3095/1001 4298/2644/607 4286/2643/635
f 4299/3095/1001 4286/2643/635 4289/3092/903
f 4302/2695/803 4305/3099/989 4592/3073/708
f 4302/2695/803 4592/3073/708 4593/2692/708
f 4307/3099/805 4306/2647/603 4594/2646/707
f 4307/3099/805 4594/2646/707 4595/3073/707
f 4596/2568/706 4597/3068/706 4295/3093/993
f 4596/2568/706 4295/3093/993 4294/2569/810
f 4598/3068/705 4599/2649/705 4290/2648/627
f 4598/3068/705 4290/2648/627 4293/3093/736
f 4600/2694/1100 4601/3042/1100 4303/3098/987
f 4600/2694/1100 4303/3098/987 4302/2695/803
f 4602/3034/1101 4603/2645/1101 4298/2644/607
f 4602/3034/1101 4298/2644/607 4301/3097/745
f 4604/2642/1102 4605/3045/1102 4287/3090/814
f 4604/2642/1102 4287/3090/814 4286/2643/635
f 4606/3046/1090 4607/2570/1090 4294/2569/810
f 4606/3046/1090 4294/2569/810 4297/3094/995
s 0
f 4608/2696/600 4609/2791/600 4610/2963/600
f 4608/2696/600 4610/2963/600 4611/2873/600
f 4365/3131/1058 4364/2496/1058 4612/2495/1058
f 4365/3131/1058 4612/2495/1058 4613/3191/1058
f 4613/3191/1058 4612/2495/1058 4614/3192/1058
f 4613/3191/1058 4614/3192/1058 4615/3193/1058
f 4615/3193/1058 4614/3192/1058 4361/3129/1058
f 4615/3193/1058 4361/3129/1058 4360/3128/1058
f 4367/2490/713 4366/3132/713 4616/3194/713
f 4367/2490/713 4616/3194/713 4617/3195/713
f 4617/3195/713 4616/3194/713 4618/3196/713
f 4617/3195/713 4618/3196/713 4619/3197/713
f 4619/3197/713 4618/3196/713 4357/3126/713
f 4619/3197/713 4357/3126/713 4356/2675/713
s 1
f 3887/2799/822 3886/2798/821 4620/3198/699
f 3887/2799/822 4620/3198/699 4621/3199/699
s 0
f 4621/3199/699 4620/3198/699 4622/3200/699
f 4621/3199/699 4622/3200/699 4623/3201/699
f 4623/3201/699 4622/3200/699 4355/2552/699
f 4623/3201/699 4355/2552/699 4354/3125/699
s 1
f 3882/2474/820 3885/2797/642 4624/3202/700
f 3882/2474/820 4624/3202/700 4625/2475/700
s 0
f 4625/2475/700 4624/3202/700 4626/3203/700
f 4625/2475/700 4626/3203/700 4627/3204/700
f 4627/3204/1057 4626/3203/1057 4353/3124/1057
f 4627/3204/700 4353/3124/700 4352/3123/700
s 1
f 3767/2705/734 3766/2704/733 4628/3205/701
f 3767/2705/734 4628/3205/701 4629/3206/701
s 0
f 4629/3206/701 4628/3205/701 4630/3207/701
f 4629/3206/701 4630/3207/701 4631/3208/701
f 4631/3208/701 4630/3207/701 4331/2476/701
f 4631/3208/701 4331/2476/701 4330/3112/701
s 1
f 3762/2700/730 3765/2703/732 4632/3209/702
f 3762/2700/730 4632/3209/702 4633/3210/702
s 0
f 4633/3210/702 4632/3209/702 4634/3211/702
f 4633/3210/702 4634/3211/702 4635/3212/702
f 4635/3212/702 4634/3211/702 4329/3111/702
f 4635/3212/702 4329/3111/702 4328/2549/702
f 4333/3113/715 4332/2467/715 4636/2511/715
f 4333/3113/1054 4636/2511/1054 4637/3213/1054
f 4637/3213/715 4636/2511/715 4638/3214/715
f 4637/3213/1054 4638/3214/1054 4639/3215/1054
f 4639/3215/715 4638/3214/715 4321/3107/715
f 4639/3215/1054 4321/3107/1054 4320/3106/1054
f 4335/2497/1053 4334/3114/1053 4640/3216/1053
f 4335/2497/1053 4640/3216/1053 4641/2498/1053
f 4641/2498/1053 4640/3216/1053 4642/3217/1053
f 4641/2498/1053 4642/3217/1053 4643/3218/1053
f 4643/3218/1053 4642/3217/1053 4317/3104/1053
f 4643/3218/1053 4317/3104/1053 4316/3103/1053
f 3553/2491/598 3552/2490/598 4644/3195/598
f 3553/2491/598 4644/3195/598 4645/3219/598
f 4645/3219/598 4644/3195/598 4646/3197/598
f 4645/3219/598 4646/3197/598 4647/3220/598
f 4647/3220/598 4646/3197/598 3737/2675/598
f 4647/3220/598 3737/2675/598 3539/2477/598
f 4648/2700/599 4649/3210/599 4650/3198/599
f 4648/2700/599 4650/3198/599 4651/2798/599
f 4649/3210/599 4652/3212/599 4653/3200/599
f 4649/3210/599 4653/3200/599 4650/3198/599
f 4652/3212/599 3611/2549/599 3614/2552/599
f 4652/3212/599 3614/2552/599 4653/3200/599
f 3568/2506/597 4654/3107/597 4655/3221/597
f 3568/2506/597 4655/3221/597 3565/2503/597
f 4654/3107/597 4656/3214/597 4657/3222/597
f 4654/3107/597 4657/3222/597 4655/3221/597
f 4656/3214/597 3573/2511/597 3535/2473/597
f 4656/3214/597 3535/2473/597 4657/3222/597
f 3638/2576/602 4658/3129/602 4659/3103/602
f 3638/2576/602 4659/3103/602 3639/2577/602
f 4658/3129/602 4660/3192/602 4661/3218/602
f 4658/3129/602 4661/3218/602 4659/3103/602
f 4660/3192/602 3557/2495/602 3560/2498/602
f 4660/3192/602 3560/2498/602 4661/3218/602
f 4662/2704/598 3553/2491/598 4645/3219/598
f 4662/2704/598 4645/3219/598 4663/3205/598
f 4663/3205/598 4645/3219/598 4647/3220/598
f 4663/3205/598 4647/3220/598 4664/3207/598
f 4664/3207/598 4647/3220/598 3539/2477/598
f 4664/3207/598 3539/2477/598 3538/2476/598
f 3565/2503/597 4655/3221/597 4665/3123/597
f 3565/2503/597 4665/3123/597 4666/2828/597
f 4655/3221/597 4657/3222/597 4667/3204/597
f 4655/3221/597 4667/3204/597 4665/3123/597
f 4657/3222/597 3535/2473/597 3537/2475/597
f 4657/3222/597 3537/2475/597 4667/3204/597
s 1
f 4455/3147/1082 4454/2628/1082 4555/2591/716
f 4455/3147/1082 4555/2591/716 4554/3188/716
f 3680/2618/723 4458/3149/1084 4553/3187/715
f 3680/2618/723 4553/3187/715 4552/2616/715
s 0
f 4487/3163/714 4486/2527/714 4551/2526/714
f 4487/3163/714 4551/2526/714 4550/3186/714
f 4491/2626/713 4490/3165/713 4549/3185/713
f 4491/2626/713 4549/3185/713 4548/2623/713
f 4461/3151/699 4460/2620/699 4536/2532/699
f 4461/3151/699 4536/2532/699 4535/3178/699
f 4465/2597/700 4464/3153/700 4534/3177/700
f 4465/2597/700 4534/3177/700 4533/2636/700
s 1
f 4155/3000/628 4154/2691/627 4532/2690/701
f 4155/3000/628 4532/2690/701 4531/3176/701
f 4150/2996/635 4153/2999/992 4530/3175/702
f 4150/2996/635 4530/3175/702 4529/2613/702
s 0
f 3714/2652/598 4668/2989/598 3752/2690/598
f 3714/2652/598 3752/2690/598 3686/2624/598
f 3660/2598/597 3659/2597/597 3698/2636/597
f 3660/2598/597 3698/2636/597 3679/2617/597
f 3715/2653/598 3714/2652/598 3686/2624/598
f 3715/2653/598 3686/2624/598 3685/2623/598
f 3692/2630/597 3660/2598/597 3679/2617/597
f 3692/2630/597 3679/2617/597 3678/2616/597
f 4669/2996/599 3675/2613/599 3591/2529/599
f 4669/2996/599 3591/2529/599 3681/2619/599
f 3690/2628/602 3689/2627/602 3587/2525/602
f 3690/2628/602 3587/2525/602 3653/2591/602
f 3681/2619/599 3591/2529/599 3594/2532/599
f 3681/2619/599 3594/2532/599 3682/2620/599
f 3689/2627/602 3699/2637/602 3588/2526/602
f 3689/2627/602 3588/2526/602 3587/2525/602
f 4447/3143/716 4446/2657/716 4559/2590/716
f 4447/3143/716 4559/2590/716 4558/3190/716
f 4451/2631/715 4450/3145/715 4557/3189/715
f 4451/2631/715 4557/3189/715 4556/2670/715
f 4493/3166/713 4492/2651/713 4547/2654/713
f 4493/3166/713 4547/2654/713 4546/3184/713
f 4489/2605/714 4488/3164/714 4545/3183/714
f 4489/2605/714 4545/3183/714 4544/2561/714
f 4339/3116/699 4338/2501/699 4528/2596/699
f 4339/3116/699 4528/2596/699 4527/3174/699
f 4337/2540/700 4336/3115/700 4526/3173/700
f 4337/2540/700 4526/3173/700 4525/2604/700
s 1
f 4171/3013/1001 4170/2610/607 4524/2609/702
f 4171/3013/1001 4524/2609/702 4523/3172/702
f 4166/3009/603 4169/3012/806 4522/3171/701
f 4166/3009/603 4522/3171/701 4521/2519/701
s 0
f 4670/2808/597 3599/2537/597 3665/2603/597
f 4670/2808/597 3665/2603/597 3732/2670/597
f 3713/2651/598 3712/2650/598 3580/2518/598
f 3713/2651/598 3580/2518/598 3716/2654/598
f 3743/2681/599 3671/2609/599 3655/2593/599
f 3743/2681/599 3655/2593/599 3562/2500/599
f 3599/2537/597 3602/2540/597 3666/2604/597
f 3599/2537/597 3666/2604/597 3665/2603/597
f 3562/2500/599 3655/2593/599 3658/2596/599
f 3562/2500/599 3658/2596/599 3563/2501/599
f 3668/2606/602 3626/2564/602 3652/2590/602
f 3668/2606/602 3652/2590/602 3719/2657/602
f 3667/2605/602 3623/2561/602 3626/2564/602
f 3667/2605/602 3626/2564/602 3668/2606/602
f 3712/2650/598 4671/3009/598 3581/2519/598
f 3712/2650/598 3581/2519/598 3580/2518/598
s 1
f 3903/2813/833 3902/2812/776 4543/2510/1096
f 3903/2813/833 4543/2510/1096 4542/3182/1095
f 3910/2667/840 3913/2821/785 4541/3181/1094
f 3910/2667/840 4541/3181/1094 3728/2666/725
s 0
f 4475/3159/714 4474/2602/714 4540/2601/714
f 4475/3159/714 4540/2601/714 4539/3180/714
f 4479/2584/713 4478/3161/713 4538/3179/713
f 4479/2584/713 4538/3179/713 4537/2583/713
s 1
f 4469/3155/1086 4468/2622/1086 4520/2615/1093
f 4469/3155/1086 4520/2615/1093 4519/3170/1092
f 3542/2480/720 4472/3157/1088 4518/3169/1091
f 3542/2480/720 4518/3169/1091 3674/2612/722
f 4131/2980/734 4130/2573/627 4517/2572/701
f 4131/2980/734 4517/2572/701 4516/3168/701
f 4126/2976/635 4129/2979/732 4515/3167/702
f 4126/2976/635 4515/3167/702 4514/2484/702
f 3691/2629/724 3543/2481/597 3673/2611/597
f 3691/2629/724 3673/2611/597 3728/2666/725
s 0
f 3683/2621/599 3549/2487/599 3677/2615/599
f 3683/2621/599 3677/2615/599 3684/2622/599
s 1
f 3543/2481/597 3542/2480/720 3674/2612/722
f 3543/2481/597 3674/2612/722 3673/2611/597
s 0
f 4672/2720/602 3663/2601/602 3569/2507/602
f 4672/2720/602 3569/2507/602 4673/3102/602
f 4674/2724/598 3700/2638/598 3633/2571/598
f 4674/2724/598 3633/2571/598 3645/2583/598
f 3700/2638/598 3703/2641/598 3634/2572/598
f 3700/2638/598 3634/2572/598 3633/2571/598
f 4673/3102/602 3569/2507/602 3572/2510/602
f 4673/3102/602 3572/2510/602 4675/2812/602
f 4676/2976/599 3546/2484/599 3549/2487/599
f 4676/2976/599 3549/2487/599 3683/2621/599
f 4677/3223/602 4678/3224/602 4679/3225/602
f 4677/3223/602 4679/3225/602 4680/3226/602
f 4681/3227/597 4682/3228/597 4683/3229/597
f 4681/3227/597 4683/3229/597 4684/3230/597
f 4685/3231/598 4686/3232/598 4687/3233/598
f 4685/3231/598 4687/3233/598 4688/3234/598
f 4689/3235/600 4690/3236/600 4691/3237/600
f 4689/3235/600 4691/3237/600 4692/3238/600
f 4693/3239/601 4694/3240/601 4695/3241/601
f 4693/3239/601 4695/3241/601 4696/3242/601
f 4697/3243/602 4698/3244/602 4699/3245/602
f 4697/3243/602 4699/3245/602 4700/3246/602
f 4701/3247/598 4702/3248/598 4703/3249/598
f 4701/3247/598 4703/3249/598 4704/3250/598
f 4705/3251/599 4706/3252/599 4707/3253/599
f 4705/3251/599 4707/3253/599 4708/3254/599
f 4709/3255/600 4710/3256/600 4711/3257/600
f 4709/3255/600 4711/3257/600 4712/3258/600
f 4713/3259/597 4714/3260/597 4715/3261/597
f 4713/3259/597 4715/3261/597 4716/3262/597
f 4717/3263/599 4718/3264/599 4719/3265/599
f 4717/3263/599 4719/3265/599 4720/3266/599
s 1
f 4721/3250/663 4722/3267/754 4723/3268/1103
f 4721/3250/663 4723/3268/1103 4724/3269/666
f 4725/3270/848 4726/3271/668 4727/3272/669
f 4725/3270/848 4727/3272/669 4728/3273/670
f 4729/3244/1104 4730/3274/1105 4731/3275/1106
f 4729/3244/1104 4731/3275/1106 4732/3276/1107
f 4733/3277/1108 4734/3278/680 4735/3279/1109
f 4733/3277/1108 4735/3279/1109 4736/3280/682
f 4737/3224/1110 4738/3281/1111 4739/3282/1112
f 4737/3224/1110 4739/3282/1112 4740/3283/1113
f 4741/3284/1114 4742/3285/1115 4743/3286/677
f 4741/3284/1114 4743/3286/677 4744/3287/678
f 4745/3263/635 4746/3288/814 4747/3289/991
f 4745/3263/635 4747/3289/991 4748/3290/992
f 4749/3234/627 4750/3291/628 4751/3292/629
f 4749/3234/627 4751/3292/629 4752/3293/630
f 4753/3236/631 4754/3294/984 4755/3295/633
f 4753/3236/631 4755/3295/633 4756/3296/813
f 4757/3297/1116 4758/3298/1045 4759/3299/613
f 4757/3297/1116 4759/3299/613 4760/3300/614
f 4761/3301/905 4762/3302/1046 4763/3303/605
f 4761/3301/905 4763/3303/605 4764/3304/606
f 4765/3251/607 4766/3305/608 4767/3306/990
f 4765/3251/607 4767/3306/990 4768/3307/745
f 4769/3308/695 4770/3309/831 4771/3310/1117
f 4769/3308/695 4771/3310/1117 4772/3311/698
f 4773/3312/824 4774/3313/825 4775/3314/1118
f 4773/3312/824 4775/3314/1118 4776/3315/1119
f 4777/3246/1120 4778/3316/692 4779/3317/693
f 4777/3246/1120 4779/3317/693 4780/3318/1121
f 4781/3260/639 4782/3319/791 4783/3320/641
f 4781/3260/639 4783/3320/641 4784/3321/1122
f 4785/3253/1123 4786/3322/644 4787/3323/1124
f 4785/3253/1123 4787/3323/1124 4788/3324/1125
f 4789/3257/1126 4790/3325/1127 4791/3326/1128
f 4789/3257/1126 4791/3326/1128 4792/3327/1129
f 4793/3328/1130 4794/3329/1131 4795/3330/1132
f 4793/3328/1130 4795/3330/1132 4796/3331/764
f 4797/3249/679 4798/3332/680 4799/3333/1109
f 4797/3249/679 4799/3333/1109 4800/3334/1133
f 4801/3245/1110 4802/3335/684 4803/3336/1134
f 4801/3245/1110 4803/3336/1134 4804/3337/686
f 4805/3240/746 4806/3338/1135 4807/3339/1136
f 4805/3240/746 4807/3339/1136 4808/3340/1137
f 4809/3223/1104 4810/3341/672 4811/3342/1138
f 4809/3223/1104 4811/3342/1138 4812/3343/1139
f 4813/3344/853 4814/3345/754 4815/3346/1103
f 4813/3344/853 4815/3346/1103 4816/3347/1140
f 4817/3265/1141 4818/3348/845 4819/3349/1142
f 4817/3265/1141 4819/3349/1142 4820/3350/626
f 4821/3351/799 4822/3352/616 4823/3353/617
f 4821/3351/799 4823/3353/617 4824/3354/847
f 4825/3355/841 4826/3356/1143 4827/3357/1144
f 4825/3355/841 4827/3357/1144 4828/3358/1145
f 4829/3264/1146 4830/3359/807 4831/3360/1049
f 4829/3264/1146 4831/3360/1049 4832/3361/1147
f 4833/3362/1148 4834/3363/996 4835/3364/1149
f 4833/3362/1148 4835/3364/1149 4836/3365/989
f 4837/3233/603 4838/3366/604 4839/3367/1047
f 4837/3233/603 4839/3367/1047 4840/3368/806
f 4841/3256/726 4842/3369/993 4843/3370/1150
f 4841/3256/726 4843/3370/1150 4844/3371/995
f 4845/3254/1151 4846/3372/731 4847/3373/1044
f 4845/3254/1151 4847/3373/1044 4848/3374/638
f 4849/3375/733 4850/3376/734 4851/3377/1048
f 4849/3375/733 4851/3377/1048 4852/3378/736
f 4853/3226/1152 4854/3379/656 4855/3380/939
f 4853/3226/1152 4855/3380/939 4856/3381/658
f 4857/3241/1153 4858/3382/1154 4859/3383/1155
f 4857/3241/1153 4859/3383/1155 4860/3384/1156
f 4861/3228/651 4862/3385/652 4863/3386/1157
f 4861/3228/651 4863/3386/1157 4864/3387/785
f 4865/3243/1152 4866/3388/1158 4867/3389/1159
f 4865/3243/1152 4867/3389/1159 4868/3390/1160
f 4869/3391/659 4870/3392/1161 4871/3393/661
f 4869/3391/659 4871/3393/661 4872/3394/781
f 4873/3395/935 4874/3396/936 4875/3397/1157
f 4873/3395/935 4875/3397/1157 4876/3398/654
f 4877/3261/615 4878/3399/616 4879/3400/617
f 4877/3261/615 4879/3400/617 4880/3401/618
f 4881/3402/619 4882/3403/620 4883/3404/621
f 4881/3402/619 4883/3404/621 4884/3405/795
f 4885/3252/623 4886/3406/796 4887/3407/625
f 4885/3252/623 4887/3407/625 4888/3408/1162
f 4889/3266/643 4890/3409/1163 4891/3410/645
f 4889/3266/643 4891/3410/645 4892/3411/646
f 4893/3237/1164 4894/3412/648 4895/3413/649
f 4893/3237/1164 4895/3413/649 4896/3414/650
f 4897/3415/873 4898/3416/640 4899/3417/641
f 4897/3415/873 4899/3417/641 4900/3418/642
f 4901/3225/1165 4902/3419/692 4903/3420/1166
f 4901/3225/1165 4903/3420/1166 4904/3421/1167
f 4905/3229/695 4906/3422/831 4907/3423/1117
f 4905/3229/695 4907/3423/1117 4908/3424/775
f 4909/3425/765 4910/3426/766 4911/3427/689
f 4909/3425/765 4911/3427/689 4912/3428/690
f 4825/3355/841 4828/3358/1145 4834/3363/996
f 4825/3355/841 4834/3363/996 4833/3362/1148
f 4818/3348/845 4817/3265/1141 4829/3264/1146
f 4818/3348/845 4829/3264/1146 4832/3361/1147
f 4753/3236/631 4756/3296/813 4894/3412/648
f 4753/3236/631 4894/3412/648 4893/3237/1164
f 4746/3288/814 4745/3263/635 4889/3266/643
f 4746/3288/814 4889/3266/643 4892/3411/646
f 4913/3235/706 4914/3429/706 4754/3294/984
f 4913/3235/706 4754/3294/984 4753/3236/631
f 4915/3430/1168 4916/3231/1168 4749/3234/627
f 4915/3430/1168 4749/3234/627 4752/3293/630
f 4917/3431/708 4918/3432/708 4726/3271/668
f 4917/3431/708 4726/3271/668 4725/3270/848
f 4919/3433/1169 4920/3247/1169 4721/3250/663
f 4919/3433/1169 4721/3250/663 4724/3269/666
f 4805/3240/746 4808/3340/1137 4858/3382/1154
f 4805/3240/746 4858/3382/1154 4857/3241/1153
f 4810/3341/672 4809/3223/1104 4853/3226/1152
f 4810/3341/672 4853/3226/1152 4856/3381/658
f 4865/3243/1152 4868/3390/1160 4730/3274/1105
f 4865/3243/1152 4730/3274/1105 4729/3244/1104
f 4870/3392/1161 4869/3391/659 4725/3270/848
f 4870/3392/1161 4725/3270/848 4728/3273/670
f 4737/3224/1110 4740/3283/1113 4902/3419/692
f 4737/3224/1110 4902/3419/692 4901/3225/1165
f 4742/3285/1115 4741/3284/1114 4909/3425/765
f 4742/3285/1115 4909/3425/765 4912/3428/690
f 4921/3434/718 4922/3435/718 4774/3313/825
f 4921/3434/718 4774/3313/825 4773/3312/824
f 4923/3436/711 4924/3437/711 4769/3308/695
f 4923/3436/711 4769/3308/695 4772/3311/698
f 4733/3277/1108 4736/3280/682 4814/3345/754
f 4733/3277/1108 4814/3345/754 4813/3344/853
f 4738/3281/1111 4737/3224/1110 4809/3223/1104
f 4738/3281/1111 4809/3223/1104 4812/3343/1139
f 4925/3438/1170 4926/3439/1170 4826/3356/1143
f 4925/3438/1170 4826/3356/1143 4825/3355/841
f 4927/3440/703 4928/3441/703 4821/3351/799
f 4927/3440/703 4821/3351/799 4824/3354/847
f 4929/3232/707 4930/3442/707 4838/3366/604
f 4929/3232/707 4838/3366/604 4837/3233/603
f 4931/3443/708 4932/3444/708 4833/3362/1148
f 4931/3443/708 4833/3362/1148 4836/3365/989
f 4933/3248/705 4934/3445/705 4798/3332/680
f 4933/3248/705 4798/3332/680 4797/3249/679
f 4935/3446/1052 4936/3447/1052 4793/3328/1130
f 4935/3446/1052 4793/3328/1130 4796/3331/764
f 4729/3244/1104 4732/3276/1107 4802/3335/684
f 4729/3244/1104 4802/3335/684 4801/3245/1110
f 4722/3267/754 4721/3250/663 4797/3249/679
f 4722/3267/754 4797/3249/679 4800/3334/1133
f 4761/3301/905 4764/3304/606 4850/3376/734
f 4761/3301/905 4850/3376/734 4849/3375/733
f 4766/3305/608 4765/3251/607 4845/3254/1151
f 4766/3305/608 4845/3254/1151 4848/3374/638
f 4745/3263/635 4748/3290/992 4830/3359/807
f 4745/3263/635 4830/3359/807 4829/3264/1146
f 4750/3291/628 4749/3234/627 4837/3233/603
f 4750/3291/628 4837/3233/603 4840/3368/806
f 4937/3448/703 4938/3449/703 4874/3396/936
f 4937/3448/703 4874/3396/936 4873/3395/935
f 4939/3450/709 4940/3451/709 4869/3391/659
f 4939/3450/709 4869/3391/659 4872/3394/781
f 4941/3452/711 4942/3453/711 4898/3416/640
f 4941/3452/711 4898/3416/640 4897/3415/873
f 4943/3454/1070 4944/3238/1070 4893/3237/1164
f 4943/3454/1070 4893/3237/1164 4896/3414/650
f 4881/3402/619 4884/3405/795 4758/3298/1045
f 4881/3402/619 4758/3298/1045 4757/3297/1116
f 4886/3406/796 4885/3252/623 4765/3251/607
f 4886/3406/796 4765/3251/607 4768/3307/745
f 4801/3245/1110 4804/3337/686 4778/3316/692
f 4801/3245/1110 4778/3316/692 4777/3246/1120
f 4794/3329/1131 4793/3328/1130 4773/3312/824
f 4794/3329/1131 4773/3312/824 4776/3315/1119
f 4785/3253/1123 4788/3324/1125 4846/3372/731
f 4785/3253/1123 4846/3372/731 4845/3254/1151
f 4790/3325/1127 4789/3257/1126 4841/3256/726
f 4790/3325/1127 4841/3256/726 4844/3371/995
f 4861/3228/651 4864/3387/785 4906/3422/831
f 4861/3228/651 4906/3422/831 4905/3229/695
f 4854/3379/656 4853/3226/1152 4901/3225/1165
f 4854/3379/656 4901/3225/1165 4904/3421/1167
f 4777/3246/1120 4780/3318/1121 4866/3388/1158
f 4777/3246/1120 4866/3388/1158 4865/3243/1152
f 4770/3309/831 4769/3308/695 4873/3395/935
f 4770/3309/831 4873/3395/935 4876/3398/654
f 4781/3260/639 4784/3321/1122 4878/3399/616
f 4781/3260/639 4878/3399/616 4877/3261/615
f 4786/3322/644 4785/3253/1123 4885/3252/623
f 4786/3322/644 4885/3252/623 4888/3408/1162
f 4817/3265/1141 4820/3350/626 4890/3409/1163
f 4817/3265/1141 4890/3409/1163 4889/3266/643
f 4822/3352/616 4821/3351/799 4897/3415/873
f 4822/3352/616 4897/3415/873 4900/3418/642
s 0
f 4945/3431/601 4946/3270/601 4947/3391/601
f 4945/3431/601 4947/3391/601 4948/3451/601
f 4949/3297/601 4950/3455/601 4951/3456/601
f 4949/3297/601 4951/3456/601 4952/3402/601
f 4950/3455/601 4953/3457/601 4954/3458/601
f 4950/3455/601 4954/3458/601 4951/3456/601
f 4953/3457/601 4945/3431/601 4948/3451/601
f 4953/3457/601 4948/3451/601 4954/3458/601
s 1
f 4882/3403/620 4881/3402/619 4955/3456/704
f 4882/3403/620 4955/3456/704 4956/3459/704
s 0
f 4956/3459/709 4955/3456/709 4957/3458/709
f 4956/3459/704 4957/3458/704 4958/3460/704
f 4958/3460/709 4957/3458/709 4940/3451/709
f 4958/3460/704 4940/3451/704 4939/3450/704
s 1
f 4877/3261/615 4880/3401/618 4959/3461/1171
f 4877/3261/615 4959/3461/1171 4960/3262/1171
s 0
f 4960/3262/703 4959/3461/703 4961/3462/703
f 4960/3262/1171 4961/3462/1171 4962/3463/1171
f 4962/3463/703 4961/3462/703 4938/3449/703
f 4962/3463/1171 4938/3449/1171 4937/3448/1171
s 1
f 4842/3369/993 4841/3256/726 4963/3255/1052
f 4842/3369/993 4963/3255/1052 4964/3464/1052
s 0
f 4964/3464/1052 4963/3255/1052 4965/3465/1052
f 4964/3464/706 4965/3465/706 4966/3466/706
f 4966/3466/1052 4965/3465/1052 4936/3447/1052
f 4966/3466/706 4936/3447/706 4935/3446/706
s 1
f 4849/3375/733 4852/3378/736 4967/3467/705
f 4849/3375/733 4967/3467/705 4968/3468/705
s 0
f 4968/3468/705 4967/3467/705 4969/3469/705
f 4968/3468/705 4969/3469/705 4970/3470/705
f 4970/3470/705 4969/3469/705 4934/3445/705
f 4970/3470/705 4934/3445/705 4933/3248/705
s 1
f 4782/3319/791 4781/3260/639 4971/3259/711
f 4782/3319/791 4971/3259/711 4972/3471/711
s 0
f 4972/3471/711 4971/3259/711 4973/3472/711
f 4972/3471/711 4973/3472/711 4974/3473/711
f 4974/3473/711 4973/3472/711 4924/3437/711
f 4974/3473/711 4924/3437/711 4923/3436/711
s 1
f 4789/3257/1126 4792/3327/1129 4975/3474/712
f 4789/3257/1126 4975/3474/712 4976/3258/712
s 0
f 4976/3258/718 4975/3474/718 4977/3475/718
f 4976/3258/712 4977/3475/712 4978/3476/712
f 4978/3476/718 4977/3475/718 4922/3435/718
f 4978/3476/712 4922/3435/712 4921/3434/712
s 1
f 4762/3302/1046 4761/3301/905 4979/3477/707
f 4762/3302/1046 4979/3477/707 4980/3478/707
s 0
f 4980/3478/1169 4979/3477/1169 4981/3479/1169
f 4980/3478/707 4981/3479/707 4982/3480/707
f 4982/3480/1169 4981/3479/1169 4920/3247/1169
f 4982/3480/707 4920/3247/707 4919/3433/707
s 1
f 4757/3297/1116 4760/3300/614 4983/3481/719
f 4757/3297/1116 4983/3481/719 4984/3455/719
s 0
f 4984/3455/708 4983/3481/708 4985/3482/708
f 4984/3455/719 4985/3482/719 4986/3457/719
f 4986/3457/708 4985/3482/708 4918/3432/708
f 4986/3457/719 4918/3432/719 4917/3431/719
f 4987/3308/597 4988/3437/597 4989/3448/597
f 4987/3308/597 4989/3448/597 4990/3395/597
f 4988/3437/597 4991/3472/597 4992/3463/597
f 4988/3437/597 4992/3463/597 4989/3448/597
f 4991/3472/597 4713/3259/597 4716/3262/597
f 4991/3472/597 4716/3262/597 4992/3463/597
f 4993/3328/600 4994/3447/600 4995/3434/600
f 4993/3328/600 4995/3434/600 4996/3312/600
f 4994/3447/600 4997/3465/600 4998/3476/600
f 4994/3447/600 4998/3476/600 4995/3434/600
f 4997/3465/600 4709/3255/600 4712/3258/600
f 4997/3465/600 4712/3258/600 4998/3476/600
f 4999/3301/598 5000/3375/598 5001/3468/598
f 4999/3301/598 5001/3468/598 5002/3477/598
f 5002/3477/598 5001/3468/598 5003/3470/598
f 5002/3477/598 5003/3470/598 5004/3479/598
f 5004/3479/598 5003/3470/598 4702/3248/598
f 5004/3479/598 4702/3248/598 4701/3247/598
s 1
f 4910/3426/766 4909/3425/765 5005/3483/712
f 4910/3426/766 5005/3483/712 5006/3484/712
s 0
f 5006/3484/1070 5005/3483/1070 5007/3485/1070
f 5006/3484/712 5007/3485/712 5008/3486/712
f 5008/3486/1070 5007/3485/1070 4944/3238/1070
f 5008/3486/712 4944/3238/712 4943/3454/712
s 1
f 4905/3229/695 4908/3424/775 5009/3487/711
f 4905/3229/695 5009/3487/711 5010/3230/711
s 0
f 5010/3230/711 5009/3487/711 5011/3488/711
f 5010/3230/711 5011/3488/711 5012/3489/711
f 5012/3489/711 5011/3488/711 4942/3453/711
f 5012/3489/1172 4942/3453/1172 4941/3452/1172
s 1
f 4806/3338/1135 4805/3240/746 5013/3239/708
f 4806/3338/1135 5013/3239/708 5014/3490/708
s 0
f 5014/3490/708 5013/3239/708 5015/3491/708
f 5014/3490/708 5015/3491/708 5016/3492/708
f 5016/3492/708 5015/3491/708 4932/3444/708
f 5016/3492/708 4932/3444/708 4931/3443/708
s 1
f 4813/3344/853 4816/3347/1140 5017/3493/707
f 4813/3344/853 5017/3493/707 5018/3494/707
s 0
f 5018/3494/707 5017/3493/707 5019/3495/707
f 5018/3494/707 5019/3495/707 5020/3496/707
f 5020/3496/707 5019/3495/707 4930/3442/707
f 5020/3496/707 4930/3442/707 4929/3232/707
s 1
f 4862/3385/652 4861/3228/651 5021/3227/703
f 4862/3385/652 5021/3227/703 5022/3497/703
s 0
f 5022/3497/703 5021/3227/703 5023/3498/703
f 5022/3497/703 5023/3498/703 5024/3499/703
f 5024/3499/703 5023/3498/703 4928/3441/703
f 5024/3499/703 4928/3441/703 4927/3440/703
s 1
f 4857/3241/1153 4860/3384/1156 5025/3500/704
f 4857/3241/1153 5025/3500/704 5026/3242/704
s 0
f 5026/3242/704 5025/3500/704 5027/3501/704
f 5026/3242/704 5027/3501/704 5028/3502/704
f 5028/3502/709 5027/3501/709 4926/3439/709
s 1
f 5028/3502/1170 4926/3439/1170 4925/3438/1170
f 4734/3278/680 4733/3277/1108 5029/3503/705
f 4734/3278/680 5029/3503/705 5030/3504/705
s 0
f 5030/3504/1168 5029/3503/1168 5031/3505/1168
f 5030/3504/705 5031/3505/705 5032/3506/705
f 5032/3506/1168 5031/3505/1168 4916/3231/1168
f 5032/3506/705 4916/3231/705 4915/3430/705
s 1
f 4741/3284/1114 4744/3287/678 5033/3507/710
f 4741/3284/1114 5033/3507/710 5034/3508/710
s 0
f 5034/3508/706 5033/3507/706 5035/3509/706
f 5034/3508/710 5035/3509/710 5036/3510/710
f 5036/3510/706 5035/3509/706 4914/3429/706
f 5036/3510/710 4914/3429/710 4913/3235/710
f 5037/3362/601 5038/3444/601 5039/3438/601
f 5037/3362/601 5039/3438/601 5040/3355/601
f 5038/3444/601 5041/3491/601 5042/3502/601
f 5038/3444/601 5042/3502/601 5039/3438/601
f 5041/3491/601 4693/3239/601 4696/3242/601
f 5041/3491/601 4696/3242/601 5042/3502/601
f 5043/3284/600 5044/3508/600 5045/3483/600
f 5043/3284/600 5045/3483/600 5046/3425/600
f 5044/3508/600 5047/3510/600 5048/3485/600
f 5044/3508/600 5048/3485/600 5045/3483/600
f 5047/3510/600 4689/3235/600 4692/3238/600
f 5047/3510/600 4692/3238/600 5048/3485/600
f 5049/3277/598 5050/3344/598 5051/3494/598
f 5049/3277/598 5051/3494/598 5052/3503/598
f 5052/3503/598 5051/3494/598 5053/3496/598
f 5052/3503/598 5053/3496/598 5054/3505/598
f 5054/3505/598 5053/3496/598 4686/3232/598
f 5054/3505/598 4686/3232/598 4685/3231/598
f 5055/3351/597 5056/3441/597 5057/3452/597
f 5055/3351/597 5057/3452/597 5058/3415/597
f 5056/3441/597 5059/3498/597 5060/3489/597
f 5056/3441/597 5060/3489/597 5057/3452/597
f 5059/3498/597 4681/3227/597 4684/3230/597
f 5059/3498/597 4684/3230/597 5060/3489/597
f 5061/3511/597 5062/3512/597 5063/3513/597
f 5061/3511/597 5063/3513/597 5064/3514/597
f 5065/3515/598 5066/3516/598 5067/3517/598
f 5065/3515/598 5067/3517/598 5068/3518/598
f 5069/3519/602 5070/3520/602 5071/3521/602
f 5069/3519/602 5071/3521/602 5072/3522/602
f 5073/3523/599 5074/3524/599 5075/3525/599
f 5073/3523/599 5075/3525/599 5076/3526/599
f 5077/3527/715 5078/3528/715 5079/3529/715
f 5077/3527/715 5079/3529/715 5080/3530/715
s 1
f 5081/3528/716 5082/3531/716 5083/3532/716
s 0
f 5081/3528/716 5083/3532/716 5084/3529/716
f 5085/3533/700 5086/3534/700 5087/3535/700
f 5085/3533/700 5087/3535/700 5088/3536/700
f 5089/3534/699 5090/3537/699 5091/3538/699
f 5089/3534/699 5091/3538/699 5092/3535/699
f 5093/3539/701 5094/3540/701 5095/3541/701
f 5093/3539/701 5095/3541/701 5096/3542/701
f 5097/3540/702 5098/3543/702 5099/3544/702
f 5097/3540/702 5099/3544/702 5100/3541/702
s 1
f 5101/3520/714 5102/3545/714 5103/3546/714
s 0
f 5101/3520/714 5103/3546/714 5104/3521/714
f 5105/3545/713 5106/3547/713 5107/3548/713
f 5105/3545/713 5107/3548/713 5108/3546/713
f 5109/3549/714 5110/3550/714 5102/3545/714
f 5109/3549/714 5102/3545/714 5101/3520/714
f 5111/3551/702 5112/3552/702 5113/3524/702
f 5111/3551/702 5113/3524/702 5114/3553/702
f 5115/3554/701 5116/3551/701 5094/3540/701
f 5115/3554/701 5094/3540/701 5093/3539/701
f 5117/3554/598 5118/3539/598 5119/3547/598
f 5117/3554/598 5119/3547/598 5120/3555/598
f 5121/3556/699 5122/3557/699 5123/3558/699
f 5121/3556/699 5123/3558/699 5124/3559/699
f 5124/3559/699 5123/3558/699 5125/3560/699
f 5124/3559/699 5125/3560/699 5126/3561/699
f 5127/3562/700 5128/3556/700 5129/3559/700
f 5127/3562/700 5129/3559/700 5130/3563/700
f 5130/3563/700 5129/3559/700 5131/3561/700
f 5130/3563/700 5131/3561/700 5132/3564/700
f 5133/3565/716 5134/3566/716 5135/3567/716
f 5133/3565/716 5135/3567/716 5136/3568/716
f 5136/3568/716 5135/3567/716 5082/3531/716
f 5136/3568/716 5082/3531/716 5081/3528/716
f 5137/3514/715 5138/3565/715 5139/3568/715
f 5137/3514/715 5139/3568/715 5140/3569/715
f 5140/3569/715 5139/3568/715 5078/3528/715
f 5140/3569/715 5078/3528/715 5077/3527/715
s 1
f 5141/3557/1173 5142/3570/1174 5143/3571/1174
f 5141/3557/1173 5143/3571/1174 5144/3558/1173
s 0
f 5145/3572/599 5146/3543/599 5147/3553/599
f 5145/3572/599 5147/3553/599 5148/3573/599
f 5149/3574/602 5150/3575/602 5151/3549/602
f 5149/3574/602 5151/3549/602 5152/3576/602
f 5152/3576/602 5151/3549/602 5070/3520/602
f 5152/3576/602 5070/3520/602 5069/3519/602
f 5153/3542/598 5154/3548/598 5119/3547/598
f 5153/3542/598 5119/3547/598 5118/3539/598
f 5155/3577/1175 5156/3578/1175 5157/3579/1175
f 5155/3577/1175 5157/3579/1175 5158/3580/1175
f 5159/3581/597 5160/3582/597 5161/3527/597
f 5159/3581/597 5161/3527/597 5162/3530/597
f 5160/3582/597 5163/3583/597 5164/3569/597
f 5160/3582/597 5164/3569/597 5161/3527/597
f 5165/3584/602 5166/3585/602 5150/3575/602
f 5165/3584/602 5150/3575/602 5149/3574/602
f 5167/3513/715 5168/3586/715 5138/3565/715
f 5167/3513/715 5138/3565/715 5137/3514/715
f 5169/3586/716 5170/3587/716 5134/3566/716
f 5169/3586/716 5134/3566/716 5133/3565/716
f 5171/3518/701 5172/3588/701 5173/3552/701
f 5171/3518/701 5173/3552/701 5174/3515/701
f 5175/3588/702 5176/3525/702 5113/3524/702
f 5175/3588/702 5113/3524/702 5112/3552/702
f 5177/3585/714 5178/3589/714 5179/3590/714
f 5177/3585/714 5179/3590/714 5180/3575/714
f 5181/3589/713 5182/3517/713 5183/3516/713
f 5181/3589/713 5183/3516/713 5184/3590/713
f 5126/3561/699 5125/3560/699 5090/3537/699
f 5126/3561/699 5090/3537/699 5089/3534/699
f 5132/3564/700 5131/3561/700 5086/3534/700
f 5132/3564/700 5086/3534/700 5085/3533/700
s 1
f 5185/3543/1176 5186/3591/1177 5187/3592/1178
f 5185/3543/1176 5187/3592/1178 5188/3544/1176
s 0
f 5163/3583/597 5061/3511/597 5064/3514/597
f 5163/3583/597 5064/3514/597 5164/3569/597
f 5189/3593/1179 5190/3594/1179 5191/3595/1179
f 5189/3593/1179 5191/3595/1179 5192/3596/1179
f 5193/3597/1180 5194/3598/1180 5195/3599/1180
f 5193/3597/1180 5195/3599/1180 5196/3600/1180
f 5197/3601/600 5198/3602/600 5199/3603/600
f 5197/3601/600 5199/3603/600 5200/3604/600
f 5201/3605/600 5202/3606/600 5203/3607/600
f 5201/3605/600 5203/3607/600 5204/3608/600
f 5205/3609/601 5206/3610/601 5207/3611/601
f 5205/3609/601 5207/3611/601 5208/3612/601
f 5209/3613/600 5210/3614/600 5211/3615/600
f 5209/3613/600 5211/3615/600 5212/3616/600
f 5213/3617/601 5214/3618/601 5215/3619/601
f 5213/3617/601 5215/3619/601 5216/3620/601
f 5217/3621/600 5218/3622/600 5219/3623/600
f 5217/3621/600 5219/3623/600 5220/3624/600
f 5221/3625/1179 5222/3579/1179 5223/3578/1179
f 5221/3625/1179 5223/3578/1179 5224/3626/1179
s 1
f 5225/3524/1176 5226/3627/1181 5227/3628/1178
f 5225/3524/1176 5227/3628/1178 5228/3553/1176
f 5229/3629/1180 5230/3630/1180 5231/3631/1180
s 0
f 5229/3629/1180 5231/3631/1180 5232/3632/1180
f 5233/3633/1175 5234/3595/1175 5235/3594/1175
f 5233/3633/1175 5235/3594/1175 5236/3634/1175
f 5237/3635/601 5238/3636/601 5239/3637/601
f 5237/3635/601 5239/3637/601 5240/3638/601
s 1
f 5241/3560/1173 5242/3639/1174 5243/3640/1174
f 5241/3560/1173 5243/3640/1174 5244/3537/1173
s 0
f 5097/3540/702 5111/3551/702 5114/3553/702
f 5097/3540/702 5114/3553/702 5098/3543/702
f 5180/3575/714 5179/3590/714 5110/3550/714
f 5180/3575/714 5110/3550/714 5109/3549/714
f 5174/3515/701 5173/3552/701 5116/3551/701
f 5174/3515/701 5116/3551/701 5115/3554/701
f 5065/3515/598 5117/3554/598 5120/3555/598
f 5065/3515/598 5120/3555/598 5066/3516/598
f 5105/3545/713 5245/3550/713 5246/3555/713
f 5105/3545/713 5246/3555/713 5106/3547/713
f 5197/3601/600 5247/3641/600 5248/3642/600
f 5197/3601/600 5248/3642/600 5249/3643/600
f 5247/3641/600 5210/3614/600 5250/3644/600
f 5247/3641/600 5250/3644/600 5248/3642/600
f 5251/3632/1182 5252/3645/1182 5253/3646/1182
f 5251/3632/1182 5253/3646/1182 5254/3629/1182
s 1
f 5255/3645/1183 5143/3571/1174 5142/3570/1174
f 5255/3645/1183 5142/3570/1174 5256/3646/1183
s 0
f 5205/3609/601 5257/3647/601 5258/3648/601
f 5205/3609/601 5258/3648/601 5259/3649/601
f 5257/3647/601 5238/3636/601 5260/3650/601
f 5257/3647/601 5260/3650/601 5258/3648/601
f 5261/3634/1184 5262/3651/1184 5263/3652/1184
f 5261/3634/1184 5263/3652/1184 5264/3633/1184
s 1
f 5265/3651/1185 5187/3592/1178 5186/3591/1177
f 5265/3651/1185 5186/3591/1177 5266/3652/1185
s 0
f 5245/3550/713 5184/3590/713 5183/3516/713
f 5245/3550/713 5183/3516/713 5246/3555/713
s 1
f 5267/3653/1186 5268/3654/1187 5269/3655/1188
f 5267/3653/1186 5269/3655/1188 5270/3656/1189
s 0
f 5217/3621/600 5271/3657/600 5272/3658/600
f 5217/3621/600 5272/3658/600 5273/3659/600
f 5271/3657/600 5202/3606/600 5274/3660/600
f 5271/3657/600 5274/3660/600 5272/3658/600
f 5275/3600/1182 5276/3661/1182 5277/3662/1182
f 5275/3600/1182 5277/3662/1182 5278/3597/1182
s 1
f 5279/3661/1183 5243/3640/1174 5242/3639/1174
f 5279/3661/1183 5242/3639/1174 5280/3662/1183
s 0
f 5213/3617/601 5281/3663/601 5282/3664/601
f 5213/3617/601 5282/3664/601 5283/3665/601
s 1
f 5281/3663/601 5268/3654/1187 5284/3666/1190
f 5281/3663/601 5284/3666/1190 5282/3664/601
s 0
f 5285/3580/1184 5286/3667/1184 5287/3668/1184
f 5285/3580/1184 5287/3668/1184 5288/3577/1184
s 1
f 5289/3667/1185 5227/3628/1178 5226/3627/1181
f 5289/3667/1185 5226/3627/1181 5290/3668/1185
s 0
f 5291/3669/598 5292/3670/598 5293/3671/598
f 5291/3669/598 5293/3671/598 5294/3672/598
f 5295/3673/598 5296/3674/598 5292/3670/598
f 5295/3673/598 5292/3670/598 5291/3669/598
f 5297/3675/598 5295/3673/598 5291/3669/598
f 5297/3675/598 5291/3669/598 5298/3676/598
f 5298/3676/598 5291/3669/598 5294/3672/598
f 5298/3676/598 5294/3672/598 5299/3677/598
f 5300/3678/1051 5301/3677/1051 5302/3672/1051
f 5300/3678/1051 5302/3672/1051 5303/3679/1051
f 5304/3680/1102 5305/3674/1102 5306/3673/1102
f 5304/3680/1102 5306/3673/1102 5307/3681/1102
f 5308/3682/1099 5309/3676/1099 5310/3677/1099
f 5308/3682/1099 5310/3677/1099 5311/3678/1099
f 5312/3683/1191 5313/3671/1191 5314/3670/1191
f 5312/3683/1191 5314/3670/1191 5315/3684/1191
f 5316/3685/1100 5317/3675/1100 5318/3676/1100
f 5316/3685/1100 5318/3676/1100 5319/3682/1100
f 5320/3684/1090 5321/3670/1090 5322/3674/1090
f 5320/3684/1090 5322/3674/1090 5323/3680/1090
f 5324/3679/1060 5325/3672/1060 5326/3671/1060
f 5324/3679/1060 5326/3671/1060 5327/3683/1060
f 5328/3681/1101 5329/3673/1101 5330/3675/1101
f 5328/3681/1101 5330/3675/1101 5331/3685/1101
f 5332/3686/598 5333/3687/598 5334/3688/598
f 5332/3686/598 5334/3688/598 5335/3689/598
f 5336/3690/598 5337/3691/598 5333/3687/598
f 5336/3690/598 5333/3687/598 5332/3686/598
f 5338/3692/598 5336/3690/598 5332/3686/598
f 5338/3692/598 5332/3686/598 5339/3693/598
f 5339/3693/598 5332/3686/598 5335/3689/598
f 5339/3693/598 5335/3689/598 5340/3694/598
f 5341/3695/1051 5342/3694/1051 5343/3689/1051
f 5341/3695/1051 5343/3689/1051 5344/3696/1051
f 5345/3697/1102 5346/3691/1102 5347/3690/1102
f 5345/3697/1102 5347/3690/1102 5348/3698/1102
f 5349/3699/1099 5350/3693/1099 5351/3694/1099
f 5349/3699/1099 5351/3694/1099 5352/3695/1099
f 5353/3700/1191 5354/3688/1191 5355/3687/1191
f 5353/3700/1191 5355/3687/1191 5356/3701/1191
f 5357/3702/1100 5358/3692/1100 5359/3693/1100
f 5357/3702/1100 5359/3693/1100 5360/3699/1100
f 5361/3701/1090 5362/3687/1090 5363/3691/1090
f 5361/3701/1090 5363/3691/1090 5364/3697/1090
f 5365/3696/1060 5366/3689/1060 5367/3688/1060
f 5365/3696/1060 5367/3688/1060 5368/3700/1060
f 5369/3698/1101 5370/3690/1101 5371/3692/1101
f 5369/3698/1101 5371/3692/1101 5372/3702/1101
s 1
f 5373/3703/601 5269/3655/1188 5268/3654/1187
f 5373/3703/601 5268/3654/1187 5281/3663/601
s 0
f 5216/3620/601 5373/3703/601 5281/3663/601
f 5216/3620/601 5281/3663/601 5213/3617/601
f 5374/3704/600 5203/3607/600 5202/3606/600
f 5374/3704/600 5202/3606/600 5271/3657/600
f 5220/3624/600 5374/3704/600 5271/3657/600
f 5220/3624/600 5271/3657/600 5217/3621/600
s 1
f 5375/3705/1192 5284/3666/1190 5268/3654/1187
f 5375/3705/1192 5268/3654/1187 5267/3653/1186
s 0
f 5376/3706/601 5239/3637/601 5238/3636/601
f 5376/3706/601 5238/3636/601 5257/3647/601
f 5208/3612/601 5376/3706/601 5257/3647/601
f 5208/3612/601 5257/3647/601 5205/3609/601
f 5377/3707/600 5211/3615/600 5210/3614/600
f 5377/3707/600 5210/3614/600 5247/3641/600
f 5200/3604/600 5377/3707/600 5247/3641/600
f 5200/3604/600 5247/3641/600 5197/3601/600
f 5378/3708/601 5260/3650/601 5238/3636/601
f 5378/3708/601 5238/3636/601 5237/3635/601
f 5379/3598/1193 5380/3625/1193 5381/3626/1193
f 5379/3598/1193 5381/3626/1193 5382/3599/1193
f 5273/3659/1194 5383/3709/1194 5218/3622/1194
f 5273/3659/600 5218/3622/600 5217/3621/600
f 5283/3665/601 5384/3710/601 5214/3618/601
f 5283/3665/601 5214/3618/601 5213/3617/601
f 5385/3711/600 5250/3644/600 5210/3614/600
f 5385/3711/600 5210/3614/600 5209/3613/600
f 5259/3649/1195 5386/3712/1195 5206/3610/1195
f 5259/3649/601 5206/3610/601 5205/3609/601
f 5387/3713/600 5274/3660/600 5202/3606/600
f 5387/3713/600 5202/3606/600 5201/3605/600
f 5249/3643/600 5388/3714/600 5198/3602/600
f 5249/3643/600 5198/3602/600 5197/3601/600
f 5389/3630/1193 5390/3593/1193 5391/3596/1193
f 5389/3630/1193 5391/3596/1193 5392/3631/1193
f 5393/3558/599 5145/3572/599 5148/3573/599
f 5393/3558/599 5148/3573/599 5394/3560/599
f 5395/3537/599 5073/3523/599 5076/3526/599
f 5395/3537/599 5076/3526/599 5396/3538/599
f 5397/3564/597 5398/3533/597 5399/3715/597
f 5397/3564/597 5399/3715/597 5400/3716/597
f 5401/3563/597 5397/3564/597 5400/3716/597
f 5401/3563/597 5400/3716/597 5402/3717/597
f 5403/3562/597 5401/3563/597 5402/3717/597
f 5403/3562/597 5402/3717/597 5404/3718/597
f 5398/3533/597 5405/3536/597 5406/3719/597
f 5398/3533/597 5406/3719/597 5399/3715/597
f 5400/3716/597 5399/3715/597 5061/3511/597
f 5400/3716/597 5061/3511/597 5163/3583/597
f 5402/3717/597 5400/3716/597 5163/3583/597
f 5402/3717/597 5163/3583/597 5160/3582/597
f 5404/3718/597 5402/3717/597 5160/3582/597
f 5404/3718/597 5160/3582/597 5159/3581/597
f 5399/3715/597 5406/3719/597 5062/3512/597
f 5399/3715/597 5062/3512/597 5061/3511/597
f 5407/3720/597 5408/3721/597 5409/3722/597
f 5407/3720/597 5409/3722/597 5410/3723/597
f 5411/3724/598 5412/3725/598 5413/3726/598
f 5411/3724/598 5413/3726/598 5414/3727/598
f 5415/3728/602 5416/3729/602 5417/3730/602
f 5415/3728/602 5417/3730/602 5418/3731/602
f 5419/3732/599 5420/3733/599 5421/3734/599
f 5419/3732/599 5421/3734/599 5422/3735/599
f 5423/3736/715 5424/3737/715 5425/3738/715
f 5423/3736/715 5425/3738/715 5426/3739/715
f 5427/3739/716 5428/3738/716 5429/3740/716
f 5427/3739/716 5429/3740/716 5430/3741/716
f 5431/3742/700 5432/3743/700 5433/3744/700
f 5431/3742/700 5433/3744/700 5434/3745/700
f 5435/3745/699 5436/3744/699 5437/3746/699
f 5435/3745/699 5437/3746/699 5438/3747/699
f 5439/3748/701 5440/3749/701 5441/3750/701
f 5439/3748/701 5441/3750/701 5442/3751/701
f 5443/3751/702 5444/3750/702 5445/3752/702
f 5443/3751/702 5445/3752/702 5446/3753/702
f 5447/3731/714 5448/3730/714 5449/3754/714
s 1
f 5447/3731/714 5449/3754/714 5450/3755/714
s 0
f 5451/3755/713 5452/3754/713 5453/3756/713
f 5451/3755/713 5453/3756/713 5454/3757/713
f 5455/3758/714 5447/3731/714 5450/3755/714
f 5455/3758/714 5450/3755/714 5456/3759/714
f 5457/3760/702 5458/3761/702 5459/3735/702
f 5457/3760/702 5459/3735/702 5460/3762/702
f 5461/3763/701 5439/3748/701 5442/3751/701
f 5461/3763/701 5442/3751/701 5462/3760/701
f 5463/3763/598 5464/3764/598 5465/3757/598
f 5463/3763/598 5465/3757/598 5466/3748/598
f 5467/3765/699 5468/3766/699 5469/3767/699
f 5467/3765/699 5469/3767/699 5470/3768/699
f 5468/3766/699 5471/3769/699 5472/3770/699
f 5468/3766/699 5472/3770/699 5469/3767/699
f 5473/3771/700 5474/3772/700 5475/3766/700
f 5473/3771/700 5475/3766/700 5476/3765/700
f 5474/3772/700 5477/3773/700 5478/3769/700
f 5474/3772/700 5478/3769/700 5475/3766/700
f 5479/3774/716 5480/3775/716 5481/3776/716
f 5479/3774/716 5481/3776/716 5482/3777/716
f 5480/3775/716 5427/3739/716 5430/3741/716
f 5480/3775/716 5430/3741/716 5481/3776/716
f 5483/3721/715 5484/3778/715 5485/3775/715
f 5483/3721/715 5485/3775/715 5486/3774/715
f 5484/3778/715 5423/3736/715 5426/3739/715
f 5484/3778/715 5426/3739/715 5485/3775/715
s 1
f 5487/3768/1173 5488/3767/1173 5489/3779/1174
f 5487/3768/1173 5489/3779/1174 5490/3780/1174
s 0
f 5491/3781/599 5492/3782/599 5493/3761/599
f 5491/3781/599 5493/3761/599 5494/3753/599
f 5495/3783/602 5496/3784/602 5497/3758/602
f 5495/3783/602 5497/3758/602 5498/3785/602
f 5496/3784/602 5415/3728/602 5418/3731/602
f 5496/3784/602 5418/3731/602 5497/3758/602
f 5499/3749/598 5466/3748/598 5465/3757/598
f 5499/3749/598 5465/3757/598 5500/3756/598
s 1
f 5501/3786/1175 5502/3787/1175 5503/3788/1175
s 0
f 5501/3786/1175 5503/3788/1175 5504/3789/1175
f 5505/3790/597 5506/3737/597 5507/3736/597
f 5505/3790/597 5507/3736/597 5508/3791/597
f 5508/3791/597 5507/3736/597 5509/3778/597
f 5508/3791/597 5509/3778/597 5510/3792/597
f 5511/3793/602 5495/3783/602 5498/3785/602
f 5511/3793/602 5498/3785/602 5512/3794/602
f 5513/3722/715 5483/3721/715 5486/3774/715
s 1
f 5513/3722/715 5486/3774/715 5514/3795/715
s 0
f 5515/3795/716 5479/3774/716 5482/3777/716
f 5515/3795/716 5482/3777/716 5516/3796/716
f 5517/3725/701 5518/3724/701 5519/3762/701
f 5517/3725/701 5519/3762/701 5520/3797/701
f 5521/3797/702 5460/3762/702 5459/3735/702
f 5521/3797/702 5459/3735/702 5522/3734/702
f 5523/3794/714 5524/3785/714 5525/3798/714
f 5523/3794/714 5525/3798/714 5526/3799/714
f 5527/3799/713 5528/3798/713 5529/3727/713
f 5527/3799/713 5529/3727/713 5530/3726/713
f 5471/3769/699 5435/3745/699 5438/3747/699
f 5471/3769/699 5438/3747/699 5472/3770/699
f 5477/3773/700 5431/3742/700 5434/3745/700
f 5477/3773/700 5434/3745/700 5478/3769/700
s 1
f 5531/3753/1176 5532/3752/1176 5533/3800/1178
f 5531/3753/1176 5533/3800/1178 5534/3801/1177
s 0
f 5510/3792/597 5509/3778/597 5408/3721/597
f 5510/3792/597 5408/3721/597 5407/3720/597
f 5535/3802/1179 5536/3803/1179 5537/3804/1179
f 5535/3802/1179 5537/3804/1179 5538/3805/1179
s 1
f 5539/3806/1180 5540/3807/1180 5541/3808/1180
f 5539/3806/1180 5541/3808/1180 5542/3809/1180
s 0
f 5543/3810/601 5544/3811/601 5545/3812/601
f 5543/3810/601 5545/3812/601 5546/3813/601
f 5547/3814/601 5548/3815/601 5549/3816/601
f 5547/3814/601 5549/3816/601 5550/3817/601
f 5551/3818/600 5552/3819/600 5553/3820/600
f 5551/3818/600 5553/3820/600 5554/3821/600
f 5555/3822/601 5556/3823/601 5557/3824/601
f 5555/3822/601 5557/3824/601 5558/3825/601
f 5559/3826/600 5560/3827/600 5561/3828/600
f 5559/3826/600 5561/3828/600 5562/3829/600
f 5563/3830/601 5564/3831/601 5565/3832/601
f 5563/3830/601 5565/3832/601 5566/3833/601
f 5567/3834/1179 5568/3835/1179 5569/3789/1179
f 5567/3834/1179 5569/3789/1179 5570/3788/1179
s 1
f 5571/3735/1176 5572/3761/1176 5573/3836/1178
f 5571/3735/1176 5573/3836/1178 5574/3837/1181
s 0
f 5575/3838/1180 5576/3839/1180 5577/3840/1180
s 1
f 5575/3838/1180 5577/3840/1180 5578/3841/1180
s 0
f 5579/3842/1175 5580/3843/1175 5581/3805/1175
f 5579/3842/1175 5581/3805/1175 5582/3804/1175
f 5583/3844/600 5584/3845/600 5585/3846/600
f 5583/3844/600 5585/3846/600 5586/3847/600
s 1
f 5587/3770/1173 5588/3747/1173 5589/3848/1174
f 5587/3770/1173 5589/3848/1174 5590/3849/1174
s 0
f 5443/3751/702 5446/3753/702 5458/3761/702
f 5443/3751/702 5458/3761/702 5457/3760/702
f 5524/3785/714 5455/3758/714 5456/3759/714
f 5524/3785/714 5456/3759/714 5525/3798/714
f 5518/3724/701 5461/3763/701 5462/3760/701
f 5518/3724/701 5462/3760/701 5519/3762/701
f 5411/3724/598 5414/3727/598 5464/3764/598
f 5411/3724/598 5464/3764/598 5463/3763/598
f 5451/3755/713 5454/3757/713 5591/3764/713
f 5451/3755/713 5591/3764/713 5592/3759/713
f 5543/3810/601 5593/3850/601 5594/3851/601
f 5543/3810/601 5594/3851/601 5595/3852/601
f 5595/3852/601 5594/3851/601 5596/3853/601
f 5595/3852/601 5596/3853/601 5558/3825/601
f 5597/3839/1182 5598/3838/1182 5599/3854/1182
f 5597/3839/1182 5599/3854/1182 5600/3855/1182
s 1
f 5601/3855/1183 5602/3854/1183 5490/3780/1174
f 5601/3855/1183 5490/3780/1174 5489/3779/1174
s 0
f 5551/3818/600 5603/3856/600 5604/3857/600
f 5551/3818/600 5604/3857/600 5605/3858/600
f 5605/3858/600 5604/3857/600 5606/3859/600
f 5605/3858/600 5606/3859/600 5586/3847/600
f 5607/3843/1184 5608/3842/1184 5609/3860/1184
f 5607/3843/1184 5609/3860/1184 5610/3861/1184
s 1
f 5611/3861/1185 5612/3860/1185 5534/3801/1177
f 5611/3861/1185 5534/3801/1177 5533/3800/1178
s 0
f 5592/3759/713 5591/3764/713 5529/3727/713
f 5592/3759/713 5529/3727/713 5528/3798/713
s 1
f 5613/3862/1196 5614/3863/1197 5615/3864/1198
f 5613/3862/1196 5615/3864/1198 5616/3865/1199
s 0
f 5563/3830/601 5617/3866/601 5618/3867/601
f 5563/3830/601 5618/3867/601 5619/3868/601
f 5619/3868/601 5618/3867/601 5620/3869/601
f 5619/3868/601 5620/3869/601 5550/3817/601
f 5621/3807/1182 5622/3806/1182 5623/3870/1182
f 5621/3807/1182 5623/3870/1182 5624/3871/1182
s 1
f 5625/3871/1183 5626/3870/1183 5590/3849/1174
f 5625/3871/1183 5590/3849/1174 5589/3848/1174
s 0
f 5559/3826/600 5627/3872/600 5628/3873/600
f 5559/3826/600 5628/3873/600 5629/3874/600
s 1
f 5629/3874/600 5628/3873/600 5630/3875/1200
f 5629/3874/600 5630/3875/1200 5616/3865/1199
s 0
f 5631/3787/1184 5632/3786/1184 5633/3876/1184
f 5631/3787/1184 5633/3876/1184 5634/3877/1184
s 1
f 5635/3877/1185 5636/3876/1185 5574/3837/1181
f 5635/3877/1185 5574/3837/1181 5573/3836/1178
s 0
f 5637/3878/598 5638/3879/598 5639/3880/598
f 5637/3878/598 5639/3880/598 5640/3881/598
f 5641/3882/598 5637/3878/598 5640/3881/598
f 5641/3882/598 5640/3881/598 5642/3883/598
f 5643/3884/598 5644/3885/598 5637/3878/598
f 5643/3884/598 5637/3878/598 5641/3882/598
f 5644/3885/598 5645/3886/598 5638/3879/598
f 5644/3885/598 5638/3879/598 5637/3878/598
f 5646/3887/1060 5647/3888/1060 5648/3879/1060
f 5646/3887/1060 5648/3879/1060 5649/3886/1060
f 5650/3889/1101 5651/3890/1101 5652/3882/1101
f 5650/3889/1101 5652/3882/1101 5653/3883/1101
f 5654/3891/1191 5655/3887/1191 5656/3886/1191
f 5654/3891/1191 5656/3886/1191 5657/3885/1191
f 5658/3892/1099 5659/3893/1099 5660/3881/1099
f 5658/3892/1099 5660/3881/1099 5661/3880/1099
f 5662/3894/1090 5663/3891/1090 5664/3885/1090
f 5662/3894/1090 5664/3885/1090 5665/3884/1090
f 5666/3893/1100 5667/3889/1100 5668/3883/1100
f 5666/3893/1100 5668/3883/1100 5669/3881/1100
f 5670/3888/1051 5671/3892/1051 5672/3880/1051
f 5670/3888/1051 5672/3880/1051 5673/3879/1051
f 5674/3890/1102 5675/3894/1102 5676/3884/1102
f 5674/3890/1102 5676/3884/1102 5677/3882/1102
f 5678/3895/598 5679/3896/598 5680/3897/598
f 5678/3895/598 5680/3897/598 5681/3898/598
f 5682/3899/598 5678/3895/598 5681/3898/598
f 5682/3899/598 5681/3898/598 5683/3900/598
f 5684/3901/598 5685/3902/598 5678/3895/598
f 5684/3901/598 5678/3895/598 5682/3899/598
f 5685/3902/598 5686/3903/598 5679/3896/598
f 5685/3902/598 5679/3896/598 5678/3895/598
f 5687/3904/1060 5688/3905/1060 5689/3896/1060
f 5687/3904/1060 5689/3896/1060 5690/3903/1060
f 5691/3906/1101 5692/3907/1101 5693/3899/1101
f 5691/3906/1101 5693/3899/1101 5694/3900/1101
f 5695/3908/1191 5696/3904/1191 5697/3903/1191
f 5695/3908/1191 5697/3903/1191 5698/3902/1191
f 5699/3909/1099 5700/3910/1099 5701/3898/1099
f 5699/3909/1099 5701/3898/1099 5702/3897/1099
f 5703/3911/1090 5704/3908/1090 5705/3902/1090
f 5703/3911/1090 5705/3902/1090 5706/3901/1090
f 5707/3910/1100 5708/3906/1100 5709/3900/1100
f 5707/3910/1100 5709/3900/1100 5710/3898/1100
f 5711/3905/1051 5712/3909/1051 5713/3897/1051
f 5711/3905/1051 5713/3897/1051 5714/3896/1051
f 5715/3907/1102 5716/3911/1102 5717/3901/1102
f 5715/3907/1102 5717/3901/1102 5718/3899/1102
s 1
f 5719/3912/600 5629/3874/600 5616/3865/1199
f 5719/3912/600 5616/3865/1199 5615/3864/1198
s 0
f 5560/3827/600 5559/3826/600 5629/3874/600
f 5560/3827/600 5629/3874/600 5719/3912/600
f 5720/3913/601 5619/3868/601 5550/3817/601
f 5720/3913/601 5550/3817/601 5549/3816/601
f 5564/3831/601 5563/3830/601 5619/3868/601
f 5564/3831/601 5619/3868/601 5720/3913/601
s 1
f 5721/3914/1201 5613/3862/1196 5616/3865/1199
f 5721/3914/1201 5616/3865/1199 5630/3875/1200
s 0
f 5722/3915/600 5605/3858/600 5586/3847/600
f 5722/3915/600 5586/3847/600 5585/3846/600
f 5552/3819/600 5551/3818/600 5605/3858/600
f 5552/3819/600 5605/3858/600 5722/3915/600
f 5723/3916/601 5595/3852/601 5558/3825/601
f 5723/3916/601 5558/3825/601 5557/3824/601
f 5544/3811/601 5543/3810/601 5595/3852/601
f 5544/3811/601 5595/3852/601 5723/3916/601
f 5724/3917/600 5583/3844/600 5586/3847/600
f 5724/3917/600 5586/3847/600 5606/3859/600
f 5725/3809/1193 5726/3808/1193 5727/3835/1193
f 5725/3809/1193 5727/3835/1193 5728/3834/1193
f 5617/3866/601 5563/3830/601 5566/3833/601
f 5617/3866/601 5566/3833/601 5729/3918/601
f 5627/3872/600 5559/3826/600 5562/3829/600
f 5627/3872/600 5562/3829/600 5730/3919/600
f 5731/3920/601 5555/3822/601 5558/3825/601
f 5731/3920/601 5558/3825/601 5596/3853/601
f 5603/3856/600 5551/3818/600 5554/3821/600
f 5603/3856/1194 5554/3821/1194 5732/3921/1194
f 5733/3922/601 5547/3814/601 5550/3817/601
f 5733/3922/601 5550/3817/601 5620/3869/601
f 5593/3850/601 5543/3810/601 5546/3813/601
f 5593/3850/601 5546/3813/601 5734/3923/601
f 5735/3841/1193 5736/3840/1193 5737/3803/1193
f 5735/3841/1193 5737/3803/1193 5738/3802/1193
f 5739/3767/599 5740/3770/599 5492/3782/599
f 5739/3767/599 5492/3782/599 5491/3781/599
f 5741/3747/599 5742/3746/599 5420/3733/599
f 5741/3747/599 5420/3733/599 5419/3732/599
f 5743/3773/597 5744/3924/597 5745/3925/597
f 5743/3773/597 5745/3925/597 5746/3742/597
f 5747/3772/597 5748/3926/597 5744/3924/597
f 5747/3772/597 5744/3924/597 5743/3773/597
f 5749/3771/597 5750/3927/597 5748/3926/597
f 5749/3771/597 5748/3926/597 5747/3772/597
f 5746/3742/597 5745/3925/597 5751/3928/597
f 5746/3742/597 5751/3928/597 5752/3743/597
f 5744/3924/597 5510/3792/597 5407/3720/597
f 5744/3924/597 5407/3720/597 5745/3925/597
f 5748/3926/597 5508/3791/597 5510/3792/597
f 5748/3926/597 5510/3792/597 5744/3924/597
f 5750/3927/597 5505/3790/597 5508/3791/597
f 5750/3927/597 5508/3791/597 5748/3926/597
f 5745/3925/597 5407/3720/597 5410/3723/597
f 5745/3925/597 5410/3723/597 5751/3928/597
f 2951/2037/598 3112/2198/598 3518/2398/598
f 2951/2037/598 3518/2398/598 3119/2205/598
f 3420/2406/714 3419/2166/714 3492/2230/714
f 3420/2406/714 3492/2230/714 3491/2442/714
f 3416/2163/713 3415/2404/713 3490/2441/713
f 3416/2163/713 3490/2441/713 3489/2137/713
s 1
f 3218/2292/656 3217/2228/655 3488/2227/716
f 3218/2292/656 3488/2227/716 3487/2440/716
f 3213/2288/651 3216/2291/654 3486/2439/715
f 3213/2288/651 3486/2439/715 3485/2180/715
f 3170/2255/608 3169/2112/607 3408/2111/702
f 3170/2255/608 3408/2111/702 3407/2400/702
f 3165/2251/603 3168/2254/606 3406/2399/701
f 3165/2251/603 3406/2399/701 3405/2398/701
s 0
f 3278/2334/699 3277/2045/699 3404/2114/699
f 3278/2334/699 3404/2114/699 3403/2397/699
f 3282/2210/700 3281/2336/700 3402/2396/700
f 3282/2210/700 3402/2396/700 3401/2116/700
f 3010/2096/598 3149/2235/598 3105/2191/598
f 3010/2096/598 3105/2191/598 2940/2026/598
f 3079/2165/602 3141/2227/602 3144/2230/602
f 3079/2165/602 3144/2230/602 3080/2166/602
f 2937/2023/598 3108/2194/598 3112/2198/598
f 2937/2023/598 3112/2198/598 2951/2037/598
f 2940/2026/598 3105/2191/598 3108/2194/598
f 2940/2026/598 3108/2194/598 2937/2023/598
f 2985/2071/597 3033/2119/597 3091/2177/597
f 2985/2071/597 3091/2177/597 2983/2069/597
f 5753/2449/597 5754/2288/597 3094/2180/597
f 5753/2449/597 3094/2180/597 3093/2179/597
f 2983/2069/597 3091/2177/597 2966/2052/597
f 2983/2069/597 2966/2052/597 2995/2081/597
f 3078/2164/598 3077/2163/598 3051/2137/598
f 3078/2164/598 3051/2137/598 3050/2136/598
f 3124/2210/597 3030/2116/597 3033/2119/597
f 3124/2210/597 3033/2119/597 2985/2071/597
f 2958/2044/599 3025/2111/599 3028/2114/599
f 2958/2044/599 3028/2114/599 2959/2045/599
f 2995/2081/597 2966/2052/597 2969/2055/597
f 2995/2081/597 2969/2055/597 3002/2088/597
f 3010/2096/598 3078/2164/598 3050/2136/598
f 3010/2096/598 3050/2136/598 3149/2235/598
f 2968/2054/597 5753/2449/597 3093/2179/597
f 2968/2054/597 3093/2179/597 2969/2055/597
f 3350/2370/707 3349/2236/707 3516/2139/707
f 3350/2370/707 3516/2139/707 3515/2456/707
f 3354/2206/708 3353/2372/708 3514/2455/708
f 3354/2206/1202 3514/2455/1202 3513/2140/1202
s 1
f 3250/2317/688 3249/2121/687 3512/2120/1070
f 3250/2317/688 3512/2120/1070 3511/2454/1070
f 3257/2203/695 3260/2325/698 3510/2453/711
f 3257/2203/695 3510/2453/711 3509/2204/711
f 3242/2311/680 3241/2310/679 3508/2452/705
f 3242/2311/680 3508/2452/705 3507/2451/705
f 3237/2122/675 3240/2309/678 3506/2450/706
f 3237/2122/675 3506/2450/706 3505/2123/706
f 3214/2289/652 3213/2288/651 3504/2449/703
f 3214/2289/652 3504/2449/703 3503/2448/703
f 3221/2142/659 3224/2297/662 3502/2447/704
f 3221/2142/659 3502/2447/704 3501/2143/704
s 0
f 3007/2093/597 3162/2248/597 3145/2231/597
f 3007/2093/597 3145/2231/597 3008/2094/597
f 3006/2092/597 3158/2244/597 3162/2248/597
f 3006/2092/597 3162/2248/597 3007/2093/597
f 3005/2091/597 3154/2240/597 3158/2244/597
f 3005/2091/597 3158/2244/597 3006/2092/597
f 3015/2101/598 3152/2238/598 3133/2219/598
f 3015/2101/598 3133/2219/598 3014/2100/598
f 3004/2090/597 3049/2135/597 3154/2240/597
f 3004/2090/597 3154/2240/597 3005/2091/597
f 2916/2002/598 3148/2234/598 3152/2238/598
f 2916/2002/598 3152/2238/598 3015/2101/598
f 2915/2001/598 3045/2131/598 3148/2234/598
f 2915/2001/598 3148/2234/598 2916/2002/598
f 3008/2094/597 3145/2231/597 3129/2215/597
f 3008/2094/597 3129/2215/597 2917/2003/597
f 3011/2097/598 3140/2226/598 3075/2161/598
f 3011/2097/598 3075/2161/598 3009/2095/598
f 3002/2088/597 3096/2182/597 3046/2132/597
f 3002/2088/597 3046/2132/597 3003/2089/597
f 3012/2098/598 3138/2224/598 3140/2226/598
f 3012/2098/598 3140/2226/598 3011/2097/598
f 3013/2099/598 3136/2222/598 3138/2224/598
f 3013/2099/598 3138/2224/598 3012/2098/598
f 3014/2100/598 3133/2219/598 3136/2222/598
f 3014/2100/598 3136/2222/598 3013/2099/598
f 2917/2003/597 3129/2215/597 3132/2218/597
f 2917/2003/597 3132/2218/597 2918/2004/597
f 3083/2169/597 3115/2201/597 3118/2204/597
f 3083/2169/597 3118/2204/597 3084/2170/597
f 2969/2055/597 3093/2179/597 3096/2182/597
f 2969/2055/597 3096/2182/597 3002/2088/597
f 3009/2095/598 3075/2161/598 3078/2164/598
f 3009/2095/598 3078/2164/598 3010/2096/598
f 3120/2206/601 3054/2140/601 3057/2143/601
f 3120/2206/601 3057/2143/601 3121/2207/601
f 3149/2235/598 3050/2136/598 3053/2139/598
f 3149/2235/598 3053/2139/598 3150/2236/598
f 3003/2089/597 3046/2132/597 3049/2135/597
f 3003/2089/597 3049/2135/597 3004/2090/597
f 3090/2176/598 3042/2128/598 3045/2131/598
f 3090/2176/598 3045/2131/598 2915/2001/598
f 3155/2241/600 3034/2120/600 3037/2123/600
f 3155/2241/600 3037/2123/600 3156/2242/600
f 3089/2175/598 5755/2452/598 3042/2128/598
f 3089/2175/598 3042/2128/598 3090/2176/598
f 2918/2004/597 3132/2218/597 3115/2201/597
f 2918/2004/597 3115/2201/597 3083/2169/597
s 1
f 3258/2323/696 3257/2203/695 3500/2202/715
f 3258/2323/696 3500/2202/715 3499/2446/715
f 3253/2213/691 3256/2322/694 3498/2445/716
f 3253/2213/691 3498/2445/716 3497/2214/716
s 0
f 3430/2411/713 3429/2130/713 3496/2129/713
f 3430/2411/713 3496/2129/713 3495/2444/713
f 3434/2150/714 3433/2413/714 3494/2443/714
f 3434/2150/714 3494/2443/714 3493/2211/714
s 1
f 3190/2270/628 3189/2057/627 3412/2056/701
f 3190/2270/628 3412/2056/701 3411/2402/701
f 3197/2104/635 3200/2278/638 3410/2401/702
f 3197/2104/635 3410/2401/702 3409/2105/702
s 0
f 3268/2329/700 3267/2156/700 3400/2190/700
f 3268/2329/700 3400/2190/700 3399/2395/700
f 3264/2017/699 3263/2327/699 3398/2394/699
f 3264/2017/699 3398/2394/699 3397/2102/699
f 2919/2005/597 3086/2172/597 3122/2208/597
f 2919/2005/597 3122/2208/597 2921/2007/597
f 3064/2150/602 3125/2211/602 3128/2214/602
f 3064/2150/602 3128/2214/602 3065/2151/602
f 2921/2007/597 3122/2208/597 3101/2187/597
f 2921/2007/597 3101/2187/597 2923/2009/597
f 3132/2218/597 3131/2217/597 3116/2202/597
f 3132/2218/597 3116/2202/597 3115/2201/597
f 2923/2009/597 3101/2187/597 3104/2190/597
f 2923/2009/597 3104/2190/597 3070/2156/597
f 2935/2021/598 3082/2168/598 3087/2173/598
f 2935/2021/598 3087/2173/598 2914/2000/598
f 2914/2000/598 3087/2173/598 3090/2176/598
f 2914/2000/598 3090/2176/598 2915/2001/598
f 2918/2004/597 3083/2169/597 3086/2172/597
f 2918/2004/597 3086/2172/597 2919/2005/597
f 2934/2020/598 2973/2059/598 3082/2168/598
f 2934/2020/598 3082/2168/598 2935/2021/598
f 5755/2452/598 5756/2310/598 3043/2129/598
f 5755/2452/598 3043/2129/598 3042/2128/598
f 2931/2017/599 3016/2102/599 3019/2105/599
f 2931/2017/599 3019/2105/599 2932/2018/599
f 3029/2115/598 2970/2056/598 2973/2059/598
f 3029/2115/598 2973/2059/598 2934/2020/598
f 5757/3929/601 5758/3930/601 5759/3931/601
f 5758/3930/601 5757/3929/601 5760/3932/601
f 5760/3932/601 5757/3929/601 5761/3933/601
f 5760/3932/601 5761/3933/601 5762/3934/601
f 5762/3934/601 5761/3933/601 5763/3935/601
f 5762/3934/601 5763/3935/601 5764/3936/601
f 5764/3936/601 5763/3935/601 5765/3937/601
f 5764/3936/601 5765/3937/601 5766/3938/601
f 5764/3936/601 5766/3938/601 5767/3939/601
f 5764/3936/601 5767/3939/601 5768/3940/601
f 5768/3940/601 5767/3939/601 5769/3941/601
f 5768/3940/601 5769/3941/601 5770/3942/601
f 5771/3943/600 5772/3944/600 5773/3945/600
f 5772/3944/600 5771/3943/600 5774/3946/600
f 5774/3946/600 5771/3943/600 5775/3947/600
f 5774/3946/600 5775/3947/600 5776/3948/600
f 5776/3948/600 5775/3947/600 5777/3949/600
f 5776/3948/600 5777/3949/600 5778/3950/600
f 5778/3950/600 5777/3949/600 5779/3951/600
f 5779/3951/600 5777/3949/600 5780/3952/600
f 5780/3952/600 5777/3949/600 5781/3953/600
f 5780/3952/600 5781/3953/600 5782/3954/600
f 5782/3954/600 5781/3953/600 5783/3955/600
f 5782/3954/600 5783/3955/600 5784/3956/600
f 5785/3957/600 5786/3958/600 5787/3959/600
f 5786/3958/600 5785/3957/600 5788/3960/600
f 5788/3960/600 5785/3957/600 5789/3961/600
f 5788/3960/600 5789/3961/600 5790/3962/600
f 5790/3962/600 5789/3961/600 5791/3963/600
f 5790/3962/600 5791/3963/600 5792/3964/600
f 5792/3964/600 5791/3963/600 5793/3965/600
f 5793/3965/600 5791/3963/600 5794/3966/600
f 5794/3966/600 5791/3963/600 5795/3967/600
f 5794/3966/600 5795/3967/600 5796/3968/600
f 5796/3968/600 5795/3967/600 5797/3969/600
f 5796/3968/600 5797/3969/600 5798/3970/600
f 5799/3971/601 5800/3972/601 5801/3973/601
f 5800/3972/601 5799/3971/601 5802/3974/601
f 5802/3974/601 5799/3971/601 5803/3975/601
f 5802/3974/601 5803/3975/601 5804/3976/601
f 5804/3976/601 5803/3975/601 5805/3977/601
f 5804/3976/601 5805/3977/601 5806/3978/601
f 5806/3978/601 5805/3977/601 5807/3979/601
f 5806/3978/601 5807/3979/601 5808/3980/601
f 5806/3978/601 5808/3980/601 5809/3981/601
f 5806/3978/601 5809/3981/601 5810/3982/601
f 5810/3982/601 5809/3981/601 5811/3983/601
f 5810/3982/601 5811/3983/601 5812/3984/601
